Date,Price,Open,High,Low,Vol.,Change %,Year,Month,Day,DayOfWeek,Volume,Change_Pct_Raw,Daily_Return,MA7,MA30,MA90,Volatility,Price_Range,Volume_Change,Target
2012-01-30,20731.72,20939.1,20950.02,20731.72,,-0.77%,2012,1,30,0,0.0,-0.77,,,,,,218.29999999999927,0.0,1
2012-01-31,20875.83,20818.56,21009.92,20789.48,,0.70%,2012,1,31,1,0.0,0.7,0.6951183982805142,,,,,220.4399999999987,0.0,0
2012-02-01,20790.88,20875.34,20941.03,20790.88,,-0.41%,2012,2,1,2,0.0,-0.41,-0.40692992805555495,,,,,150.14999999999782,0.0,1
2012-02-02,20822.0,20872.94,20900.58,20785.4,,0.15%,2012,2,2,3,0.0,0.15,0.14968101398304956,,,,,115.18000000000029,0.0,1
2012-02-03,20877.64,20822.0,20863.93,20786.35,,0.27%,2012,2,3,4,0.0,0.27,0.267217366247241,,,,,77.58000000000175,0.0,0
2012-02-07,20790.88,20857.9,20903.0,20733.35,,-0.42%,2012,2,7,1,0.0,-0.42,-0.4155642112805724,,,,,169.65000000000146,0.0,0
2012-02-08,20693.84,20781.62,20781.62,20660.71,,-0.47%,2012,2,8,2,0.0,-0.47,-0.46674311044073713,20797.54142857143,,,,120.90999999999985,0.0,0
2012-02-09,20631.38,20718.29,20719.85,20631.38,,-0.30%,2012,2,9,3,0.0,-0.3,-0.3018289500643645,20783.207142857143,,,,88.46999999999753,0.0,0
2012-02-10,20623.63,20629.6,20725.76,20622.01,,-0.04%,2012,2,10,4,0.0,-0.04,-0.037564137735812686,20747.178571428572,,,,103.75,0.0,0
2012-02-13,20583.61,20615.26,20639.18,20582.32,,-0.19%,2012,2,13,0,0.0,-0.19,-0.19404925321100386,20717.568571428572,,,,56.86000000000058,0.0,1
2012-02-14,20667.0,20588.3,20669.19,20580.13,,0.41%,2012,2,14,1,0.0,0.41,0.40512815779156774,20695.425714285717,,,,89.05999999999767,0.0,0
2012-02-15,20329.62,20667.0,20703.47,20253.49,,-1.63%,2012,2,15,2,0.0,-1.63,-1.6324575410074038,20617.13714285714,,,,449.97999999999956,0.0,0
2012-02-16,20314.08,20280.71,20325.62,20251.27,,-0.08%,2012,2,16,3,0.0,-0.08,-0.07644018924110041,20549.022857142856,,,,74.34999999999854,0.0,1
2012-02-17,20411.17,20330.58,20469.7,20314.08,,0.48%,2012,2,17,4,0.0,0.48,0.47794436174317667,20508.641428571427,,,,155.61999999999898,0.0,1
2012-02-20,20439.25,20410.47,20481.48,20398.06,,0.14%,2012,2,20,0,0.0,0.14,0.13757173155679592,20481.194285714282,,,,83.41999999999825,0.0,1
2012-02-21,20492.31,20439.25,20526.5,20439.25,,0.26%,2012,2,21,1,0.0,0.26,0.2595985664836098,20462.434285714287,,,,87.25,0.0,0
2012-02-22,20313.36,20490.43,20536.45,20279.62,,-0.87%,2012,2,22,2,0.0,-0.87,-0.8732544061650471,20423.827142857142,,,,256.83000000000175,0.0,1
2012-02-23,20426.21,20293.82,20435.46,20250.8,,0.56%,2012,2,23,3,0.0,0.56,0.5555457098185501,20389.428571428572,,,,184.65999999999985,0.0,1
2012-02-24,20495.92,20427.25,20558.67,20396.67,,0.34%,2012,2,24,4,0.0,0.34,0.34127721197421135,20413.185714285715,,,,162.0,0.0,0
2012-02-27,20364.55,20495.92,20514.48,20362.16,,-0.64%,2012,2,27,0,0.0,-0.64,-0.6409568343358041,20420.395714285714,,,,152.3199999999997,0.0,0
2012-02-28,20137.51,20364.56,20364.9,20079.37,,-1.11%,2012,2,28,1,0.0,-1.11,-1.1148785512078652,20381.30142857143,,,,285.5300000000025,0.0,0
2012-02-29,20123.51,20083.77,20123.51,20007.19,,-0.07%,2012,2,29,2,0.0,-0.07,-0.06952200147882781,20336.195714285714,,,,116.31999999999971,0.0,1
2012-03-01,20193.4,20123.67,20234.03,20123.51,,0.35%,2012,3,1,3,0.0,0.35,0.3473052166346857,20293.494285714285,,,,110.52000000000044,0.0,1
2012-03-02,20592.01,20193.4,20592.01,20180.95,,1.97%,2012,3,2,4,0.0,1.97,1.9739617894955597,20333.301428571427,,,,411.0599999999977,0.0,1
2012-03-05,20619.05,20592.14,20786.96,20403.34,,0.13%,2012,3,5,0,0.0,0.13,0.13131306754416983,20360.850000000002,,,,383.619999999999,0.0,1
2012-03-06,20926.31,20592.02,20926.31,20527.46,,1.49%,2012,3,6,1,0.0,1.49,1.490175347554823,20422.334285714285,,,,398.8500000000022,0.0,1
2012-03-07,21068.34,20592.02,21068.34,20459.44,,0.68%,2012,3,7,2,0.0,0.68,0.6787149765056455,20522.875714285714,,,,608.9000000000015,0.0,1
2012-03-08,21181.41,21069.3,21194.41,21028.66,,0.54%,2012,3,8,3,0.0,0.54,0.5366820546848894,20672.004285714287,,,,165.75,0.0,0
2012-03-09,20950.01,21181.42,21193.07,20927.45,,-1.09%,2012,3,9,4,0.0,-1.09,-1.0924674042002036,20790.075714285715,,,,265.619999999999,0.0,1
2012-03-12,21091.36,20950.02,21100.54,20950.02,,0.67%,2012,3,12,0,0.0,0.67,0.6747013485912445,20918.355714285713,20618.593,,,150.52000000000044,0.0,1
2012-03-13,21227.98,21091.36,21227.98,20988.34,,0.65%,2012,3,13,1,0.0,0.65,0.6477533928584966,21009.20857142857,20635.135000000002,,0.745830058454472,239.63999999999942,0.0,0
2012-03-14,21072.93,21091.36,21092.3,20908.34,,-0.73%,2012,3,14,2,0.0,-0.73,-0.7304039291538778,21074.04857142857,20641.704999999998,,0.7507864463385369,183.95999999999913,0.0,0
2012-03-15,20658.28,21072.93,21072.93,20658.28,,-1.97%,2012,3,15,3,0.0,-1.97,-1.9676903022028847,21035.75857142857,20637.284999999996,,0.8320732586509628,414.65000000000146,0.0,1
2012-03-16,20824.25,20658.28,20795.63,20543.6,,0.80%,2012,3,16,4,0.0,0.8,0.8034066727723665,21000.88857142857,20637.359999999997,,0.8450738669158194,252.03000000000247,0.0,1
2012-03-19,21060.21,20658.28,21060.21,20406.46,,1.13%,2012,3,19,0,0.0,1.13,1.1331020324861552,20983.574285714283,20643.445666666667,,0.8688331530285383,653.75,0.0,0
2012-03-20,21006.3,20658.28,21006.3,20544.51,,-0.26%,2012,3,20,1,0.0,-0.26,-0.25598035347226267,20991.615714285716,20650.626333333334,,0.8664794768362784,461.7900000000009,0.0,1
2012-03-21,21067.9,21006.3,21072.95,21002.38,,0.29%,2012,3,21,2,0.0,0.29,0.29324535972543586,20988.264285714286,20663.094999999998,,0.8623134174927403,70.56999999999971,0.0,1
2012-03-22,21261.29,21067.9,21400.05,21037.45,,0.92%,2012,3,22,3,0.0,0.92,0.9179367663601834,20993.022857142856,20684.092,,0.8731900129073901,362.59999999999854,0.0,0
2012-03-23,21191.22,21261.29,21282.79,21026.43,,-0.33%,2012,3,23,4,0.0,-0.33,-0.3295660799509381,21009.92142857143,20703.011666666665,,0.8764437206361979,256.3600000000006,0.0,0
2012-03-26,21000.15,21076.4,21205.98,20995.63,,-0.90%,2012,3,26,0,0.0,-0.9,-0.9016470028625045,21058.760000000002,20716.896333333334,,0.8938191616618214,210.34999999999854,0.0,0
2012-03-27,20916.03,20999.81,21001.2,20851.76,,-0.40%,2012,3,27,1,0.0,-0.4,-0.40056856736738755,21071.87142857143,20725.19733333333,,0.8955259167945746,149.44000000000233,0.0,0
2012-03-28,20899.97,20916.03,20939.73,20747.33,,-0.08%,2012,3,28,2,0.0,-0.08,-0.07678321364044116,21048.98,20744.209,,0.8383280124564032,192.39999999999782,0.0,0
2012-03-29,20756.19,20901.36,20939.06,20656.47,,-0.69%,2012,3,29,3,0.0,-0.69,-0.6879435712108806,21013.25,20758.946,,0.8500098306975246,282.59000000000015,0.0,0
2012-03-30,20652.47,20756.19,20776.47,20615.38,,-0.50%,2012,3,30,4,0.0,-0.5,-0.4997063526591239,20953.902857142857,20766.98933333333,,0.8527765330445233,161.09000000000015,0.0,0
2012-04-02,20650.95,20652.47,20652.47,20567.81,,-0.01%,2012,4,2,0,0.0,-0.01,-0.007359894482361629,20866.711428571427,20774.046,,0.8526310410350039,84.65999999999985,0.0,1
2012-04-03,20849.95,20649.56,20849.95,20649.47,,0.96%,2012,4,3,1,0.0,0.96,0.9636360554841295,20817.95857142857,20785.967333333334,,0.8684860613711984,200.47999999999956,0.0,1
2012-04-04,20934.47,20854.26,20955.0,20849.95,,0.41%,2012,4,4,2,0.0,0.41,0.4053726747546227,20808.575714285715,20806.671,,0.8522623701101905,105.04999999999927,0.0,1
2012-04-05,20941.93,20930.16,20952.2,20797.91,,0.04%,2012,4,5,3,0.0,0.04,0.035635007716927625,20812.27571428571,20823.861666666668,,0.848038440220177,154.29000000000087,0.0,0
2012-04-10,20845.32,20854.34,20902.89,20730.36,,-0.46%,2012,4,10,1,0.0,-0.46,-0.46132328777720444,20804.46857142857,20835.508333333335,,0.8523766720299221,172.52999999999884,0.0,0
2012-04-11,20814.35,20788.55,20941.93,20710.16,,-0.15%,2012,4,11,2,0.0,-0.15,-0.14857051846649538,20812.777142857143,20850.501666666667,,0.8431067344271221,231.77000000000044,0.0,0
2012-04-12,20742.1,20747.28,20758.13,20669.24,,-0.35%,2012,4,12,3,0.0,-0.35,-0.34711629236560126,20825.58142857143,20870.654666666665,,0.8169495491267112,88.88999999999942,0.0,1
2012-04-13,20743.16,20683.33,20730.24,20638.11,,0.01%,2012,4,13,4,0.0,0.01,0.005110379373363116,20838.754285714287,20891.309666666668,,0.8165231374998643,92.13000000000102,0.0,0
2012-04-16,20685.7,20684.18,20714.0,20653.44,,-0.28%,2012,4,16,0,0.0,-0.28,-0.2770069748292858,20815.29,20907.719666666664,,0.8180722168402577,60.56000000000131,0.0,1
2012-04-17,20788.83,20787.78,20831.66,20710.11,,0.50%,2012,4,17,1,0.0,0.5,0.49855697414156186,20794.484285714287,20914.280333333332,,0.7412488750620323,121.54999999999927,0.0,1
2012-04-18,21094.51,20788.83,21117.08,20788.83,,1.47%,2012,4,18,2,0.0,1.47,1.4704050203883323,20816.28142857143,20930.129,,0.7862408083780651,328.25,0.0,1
2012-04-19,21388.88,21094.51,21381.2,20976.9,,1.40%,2012,4,19,3,0.0,1.4,1.395481573167623,20893.932857142856,20945.548,,0.7805496410865904,404.2999999999993,0.0,1
2012-04-20,21756.5,21399.39,21736.16,21388.88,,1.72%,2012,4,20,4,0.0,1.72,1.7187435714258958,21028.52571428571,20968.486666666668,,0.8297915178073555,347.27999999999884,0.0,1
2012-04-23,21779.33,21756.5,21940.77,21756.5,,0.10%,2012,4,23,0,0.0,0.1,0.10493415760808311,21176.70142857143,20988.417333333335,,0.8258802932039079,184.27000000000044,0.0,1
2012-04-24,21895.41,21777.54,21944.54,21757.02,,0.53%,2012,4,24,1,0.0,0.53,0.5329824195693611,21341.308571428573,21019.930666666663,,0.7980639841489792,187.52000000000044,0.0,1
2012-04-25,21970.21,21895.63,22041.46,21845.98,,0.34%,2012,4,25,2,0.0,0.34,0.3416241120855812,21524.81,21049.22566666667,,0.7928167847724028,195.47999999999956,0.0,1
2012-04-26,22109.76,21970.21,22109.76,21956.33,,0.64%,2012,4,26,3,0.0,0.64,0.6351782709405063,21713.514285714286,21078.618333333332,,0.7925419168910027,153.42999999999665,0.0,0
2012-04-27,22109.76,22109.76,22150.52,22093.98,,0.00%,2012,4,27,4,0.0,0.0,0.0,21858.549999999996,21113.179333333333,,0.7759652573198689,56.54000000000087,0.0,0
2012-04-30,22045.66,22109.28,22148.49,22109.28,,-0.29%,2012,4,30,0,0.0,-0.29,-0.2899172130317096,21952.37571428571,21159.425333333333,,0.6703716185770494,39.210000000002765,0.0,1
2012-05-02,22351.0,22122.81,22343.62,22109.44,,1.39%,2012,5,2,2,0.0,1.39,1.3850345147298881,22037.304285714283,21210.317,,0.6957829100476454,234.1800000000003,0.0,1
2012-05-03,22537.98,22368.49,22684.97,22351.0,,0.84%,2012,5,3,3,0.0,0.84,0.8365621225001174,22145.682857142856,21259.576,,0.6846520971004213,333.97000000000116,0.0,1
2012-05-04,22665.99,22538.24,22891.14,22526.16,,0.57%,2012,5,4,4,0.0,0.57,0.567974592221665,22255.765714285713,21314.898999999998,,0.681061315786213,364.97999999999956,0.0,0
2012-05-07,22571.78,22716.99,22762.27,22557.03,,-0.42%,2012,5,7,0,0.0,-0.42,-0.41564476115979465,22341.704285714284,21365.028333333332,,0.6919363718798432,205.2400000000016,0.0,1
2012-05-08,22656.76,22571.78,22820.73,22553.2,,0.38%,2012,5,8,1,0.0,0.38,0.3764878091138568,22419.847142857143,21411.543999999998,,0.6804038169177763,267.52999999999884,0.0,0
2012-05-09,22533.72,22820.1,23048.81,22607.67,,-0.54%,2012,5,9,2,0.0,-0.54,-0.5430608789606106,22480.412857142856,21456.293999999998,,0.6873697846355153,441.14000000000306,0.0,0
2012-05-10,22511.3,22533.39,22533.72,22456.21,,-0.10%,2012,5,10,3,0.0,-0.1,-0.09949533410373856,22546.932857142856,21506.665666666664,,0.6577090399033968,77.51000000000204,0.0,1
2012-05-11,22622.44,22511.3,22611.21,22503.2,,0.49%,2012,5,11,4,0.0,0.49,0.49370760462523755,22585.71,21563.546,,0.6481542420817921,108.0099999999984,0.0,0
2012-05-14,22552.46,22626.6,22669.32,22574.41,,-0.31%,2012,5,14,0,0.0,-0.31,-0.309338868839959,22587.778571428575,21618.629,,0.6537344829057969,94.90999999999985,0.0,0
2012-05-15,22422.43,22552.46,22563.37,22393.15,,-0.58%,2012,5,15,1,0.0,-0.58,-0.5765668135538138,22552.984285714287,21674.17033333333,,0.6484839611845352,170.21999999999753,0.0,1
2012-05-16,22524.67,22427.01,22524.67,22318.98,,0.46%,2012,5,16,2,0.0,0.46,0.4559719887630376,22546.254285714287,21736.577,,0.6331832158326864,205.6899999999987,0.0,0
2012-05-17,22517.66,22524.67,22583.44,22503.22,,-0.03%,2012,5,17,3,0.0,-0.03,-0.031121432633629542,22526.382857142857,21798.800666666666,,0.6335848156656289,80.21999999999753,0.0,0
2012-05-18,22381.11,22518.47,22518.47,22345.99,,-0.61%,2012,5,18,4,0.0,-0.61,-0.6064129221242331,22504.58142857143,21849.839333333333,,0.6408937940567021,172.47999999999956,0.0,0
2012-05-21,22309.62,22381.11,22411.18,22269.62,,-0.32%,2012,5,21,0,0.0,-0.32,-0.31942115471484955,22475.77,21895.67766666667,,0.6480070294987745,141.5600000000013,0.0,1
2012-05-22,22342.13,22298.48,22341.77,22203.08,,0.15%,2012,5,22,1,0.0,0.15,0.14572189037733718,22435.725714285716,21942.351000000002,,0.647271597737169,138.6899999999987,0.0,0
2012-05-23,22314.67,22338.1,22346.41,22124.63,,-0.12%,2012,5,23,2,0.0,-0.12,-0.12290681327161712,22401.75571428571,21991.329333333335,,0.6379056961333355,221.77999999999884,0.0,0
2012-05-24,22218.44,22315.58,22398.21,22194.26,,-0.43%,2012,5,24,3,0.0,-0.43,-0.431240972866731,22372.614285714284,22038.13233333333,,0.6457188103975814,203.95000000000073,0.0,1
2012-05-25,22232.36,22210.7,22232.9,22178.61,,0.06%,2012,5,25,4,0.0,0.06,0.06265066314288248,22330.855714285713,22087.807666666668,,0.6375952137159066,54.29000000000087,0.0,0
2012-05-28,22180.02,22232.9,22256.99,22049.02,,-0.24%,2012,5,28,0,0.0,-0.24,-0.23542260020978922,22282.62142857143,22135.703,,0.6420629463512469,207.97000000000116,0.0,0
2012-05-30,22170.96,22172.25,22185.54,22092.38,,-0.04%,2012,5,30,2,0.0,-0.04,-0.04084757362707858,22252.6,22185.211666666666,,0.6371184377129072,93.15999999999985,0.0,0
2012-05-31,22066.4,22185.54,22201.1,22066.4,,-0.47%,2012,5,31,3,0.0,-0.47,-0.471607905115512,22217.854285714282,22227.797333333336,,0.6477265780315572,134.6999999999971,0.0,0
2012-06-01,21963.87,22112.13,22122.19,21963.87,,-0.46%,2012,6,1,4,0.0,-0.46,-0.46464307725774256,22163.81714285714,22256.776,,0.6123408583583732,158.3199999999997,0.0,0
2012-06-04,21785.37,22021.38,22078.98,21785.37,,-0.81%,2012,6,4,0,0.0,-0.81,-0.8126983086313988,22088.20285714286,22269.992333333335,,0.5880225756919515,293.6100000000006,0.0,0
2012-06-05,21632.11,21785.85,21813.73,21632.11,,-0.70%,2012,6,5,1,0.0,-0.7,-0.7034996421910633,22004.441428571427,22265.846,,0.5145254820660152,181.61999999999898,0.0,0
2012-06-06,21383.61,21632.59,21689.85,21383.61,,-1.15%,2012,6,6,2,0.0,-1.15,-1.1487552531861178,21883.191428571427,22252.655333333332,,0.5536361815876324,306.23999999999796,0.0,0
2012-06-07,21114.69,21382.65,21408.52,21114.69,,-1.26%,2012,6,7,3,0.0,-1.26,-1.2575986935788763,21731.00142857143,22226.631333333335,,0.5832716188386247,293.83000000000175,0.0,0
2012-06-08,20902.95,21114.29,21118.06,20902.95,,-1.00%,2012,6,8,4,0.0,-1.0,-1.0028089448625432,21549.85714285714,22191.055999999997,21286.291555555556,0.5980955112621756,215.11000000000058,0.0,1
2012-06-11,21183.34,20902.91,21123.29,20901.49,,1.34%,2012,6,11,0,0.0,1.34,1.3413896124709668,21423.705714285716,22160.175333333333,21291.309555555556,0.6428624456942906,221.79999999999927,0.0,1
2012-06-12,21239.52,21125.87,21173.12,21056.09,,0.27%,2012,6,12,1,0.0,0.27,0.26520841378177007,21320.227142857144,22131.167333333335,21295.350555555557,0.6466745303529765,117.02999999999884,0.0,1
2012-06-13,21298.63,21154.56,21210.58,21154.56,,0.28%,2012,6,13,2,0.0,0.28,0.2783019578596946,21250.692857142858,22106.266333333333,21300.992222222223,0.650193770231937,56.02000000000044,0.0,0
2012-06-14,21251.91,21209.77,21219.56,21144.81,,-0.22%,2012,6,14,3,0.0,-0.22,-0.21935683187135346,21196.37857142857,22069.63,21305.769,0.5855101319760005,74.75,0.0,0
2012-06-15,21184.58,21251.91,21277.32,21166.08,,-0.32%,2012,6,15,4,0.0,-0.32,-0.3168185824238723,21167.945714285714,22024.516666666666,21309.179444444442,0.5544323726411543,111.23999999999796,0.0,0
2012-06-18,21028.39,21184.31,21222.55,21028.39,,-0.74%,2012,6,18,0,0.0,-0.74,-0.7372815510149455,21155.617142857143,21969.93,21311.818444444445,0.5427965740906331,194.15999999999985,0.0,1
2012-06-19,21082.11,21069.44,21110.69,20911.1,,0.26%,2012,6,19,1,0.0,0.26,0.25546416059432087,21181.21142857143,21920.27433333333,21316.132555555556,0.5494477494911385,199.59000000000015,0.0,1
2012-06-20,21510.71,21044.7,21445.33,21041.99,,2.03%,2012,6,20,2,0.0,2.03,2.0330033379011736,21227.97857142857,21882.072666666667,21325.90288888889,0.6798348359004391,403.34000000000015,0.0,0
2012-06-21,21348.11,21431.67,21513.15,21265.09,,-0.76%,2012,6,21,3,0.0,-0.76,-0.7559025248352946,21243.49142857143,21842.552333333337,21333.952666666668,0.6849467017129074,248.0600000000013,0.0,1
2012-06-22,21394.77,21343.49,21401.53,21339.97,,0.22%,2012,6,22,4,0.0,0.22,0.2185673579534697,21257.225714285716,21805.33466666667,21342.96555555556,0.6886512400392301,61.55999999999767,0.0,0
2012-06-25,21357.22,21394.77,21395.53,21332.14,,-0.18%,2012,6,25,0,0.0,-0.18,-0.1755101830961503,21272.27,21763.16066666667,21350.63466666667,0.6772508993192174,63.38999999999942,0.0,0
2012-06-26,21347.17,21356.77,21398.44,21308.84,,-0.05%,2012,6,26,1,0.0,-0.05,-0.04705668621666215,21295.49714285714,21722.98433333333,21361.940777777778,0.6773427737359926,89.59999999999854,0.0,1
2012-06-27,21573.84,21347.17,21385.51,21347.17,,1.06%,2012,6,27,2,0.0,1.06,1.0618269306891914,21373.41857142857,21694.698,21375.93811111111,0.7096067474181778,38.340000000000146,0.0,0
2012-06-28,21542.24,21570.6,21574.49,21512.28,,-0.15%,2012,6,28,3,0.0,-0.15,-0.14647369221241213,21439.15142857143,21661.950333333334,21388.505555555555,0.7010393127400841,62.210000000002765,0.0,1
2012-06-29,21599.57,21542.24,21608.56,21542.24,,0.27%,2012,6,29,4,0.0,0.27,0.26612831349013266,21451.845714285715,21631.34733333333,21401.398,0.70481200463231,66.31999999999971,0.0,0
2012-07-02,21571.67,21600.55,21641.91,21529.69,,-0.13%,2012,7,2,0,0.0,-0.13,-0.12916923809132008,21483.782857142858,21604.365999999998,21413.390888888887,0.699198056785053,112.22000000000116,0.0,1
2012-07-03,21690.54,21571.67,21691.09,21570.62,,0.55%,2012,7,3,1,0.0,0.55,0.551046812787348,21526.035714285714,21583.729999999996,21428.69288888889,0.7086500500643396,120.47000000000116,0.0,1
2012-07-04,21930.9,21697.72,21933.57,21683.53,,1.11%,2012,7,4,2,0.0,1.11,1.1081328542304592,21607.989999999998,21570.02233333333,21445.411666666667,0.7408064094750757,250.04000000000087,0.0,1
2012-07-05,22049.3,21932.76,22077.83,21930.9,,0.54%,2012,7,5,3,0.0,0.54,0.5398775244061849,21708.294285714284,21561.17666666667,21462.671444444444,0.7486840297556473,146.9300000000003,0.0,1
2012-07-06,22110.91,22049.66,22163.22,22049.29,,0.28%,2012,7,6,4,0.0,0.28,0.27941930129300463,21785.018571428573,21557.592333333334,21482.075444444443,0.7470264617043424,113.93000000000029,0.0,1
2012-07-09,22191.14,22110.91,22191.14,21690.54,,0.36%,2012,7,9,0,0.0,0.36,0.3628525465482868,21877.71857142857,21556.218333333334,21504.893555555558,0.7500858445174383,500.59999999999854,0.0,0
2012-07-10,22120.47,22190.28,22195.02,22101.51,,-0.32%,2012,7,10,1,0.0,-0.32,-0.31846043060428375,21952.132857142857,21554.233333333334,21527.082000000002,0.7511237750632691,93.51000000000204,0.0,1
2012-07-11,22253.71,22141.16,22264.35,22120.47,,0.60%,2012,7,11,2,0.0,0.6,0.6023380154219105,22049.567142857144,21556.991666666665,21549.97433333333,0.759237452440026,143.87999999999738,0.0,1
2012-07-12,22492.96,22253.71,22495.0,22160.6,,1.08%,2012,7,12,3,0.0,1.08,1.075101634738651,22164.198571428573,21571.210333333333,21571.095999999998,0.7773402558741084,334.40000000000146,0.0,1
2012-07-13,22741.06,22491.98,22746.6,22483.14,,1.10%,2012,7,13,4,0.0,1.1,1.1030117867990796,22279.935714285715,21597.116666666665,21594.673888888887,0.7929214223797906,263.4599999999991,0.0,1
2012-07-16,22978.14,22741.06,22987.49,22737.9,,1.04%,2012,7,16,0,0.0,1.04,1.0425195659305109,22412.62714285714,21636.875666666667,21617.472,0.7900910318809745,249.59000000000015,0.0,1
2012-07-17,23039.27,22981.28,23046.73,22918.14,,0.27%,2012,7,17,1,0.0,0.27,0.266035458048397,22545.25,21683.781000000003,21639.37122222222,0.7722988624253648,128.59000000000015,0.0,1
2012-07-18,23277.3,23049.42,23277.85,23038.04,,1.03%,2012,7,18,2,0.0,1.03,1.0331490537677679,22700.415714285715,21746.904,21662.65888888889,0.7417538685518491,239.80999999999767,0.0,0
2012-07-19,23098.21,23277.3,23341.87,23034.35,,-0.77%,2012,7,19,3,0.0,-0.77,-0.7693761733534421,22840.092857142856,21813.021333333334,21686.527777777777,0.7114589550261674,307.52000000000044,0.0,0
2012-07-20,23095.31,23098.21,23166.65,22913.49,,-0.01%,2012,7,20,4,0.0,-0.01,-0.012555085437349067,22960.321428571428,21886.1,21708.79388888889,0.6706258688743029,253.15999999999985,0.0,1
2012-07-23,23381.05,23109.15,23401.28,23016.5,,1.24%,2012,7,23,0,0.0,1.24,1.23722089030196,23087.191428571427,21959.357000000004,21732.71688888889,0.6654863660464452,384.77999999999884,0.0,0
2012-07-24,23169.24,23381.05,23412.31,23109.62,,-0.91%,2012,7,24,1,0.0,-0.91,-0.9059045680155364,23148.359999999997,22023.681,21756.009222222223,0.7028228109356102,302.6900000000023,0.0,0
2012-07-25,23129.82,23169.24,23218.41,23123.45,,-0.17%,2012,7,25,2,0.0,-0.17,-0.1701393744464763,23170.028571428575,22084.720666666668,21783.47077777778,0.707889551934641,94.95999999999913,0.0,0
2012-07-26,23116.61,23122.92,23129.82,22893.55,,-0.06%,2012,7,26,3,0.0,-0.06,-0.05711242024364349,23181.07714285714,22146.87733333333,21808.941444444445,0.7045729904046955,236.27000000000044,0.0,1
2012-07-27,23292.8,23116.6,23297.99,22799.39,,0.76%,2012,7,27,4,0.0,0.76,0.7621792295669616,23183.29142857143,22217.151333333335,21833.748,0.7004188237714347,498.6000000000022,0.0,1
2012-07-30,23302.22,23292.8,23302.68,23243.66,,0.04%,2012,7,30,0,0.0,0.04,0.04044168154966332,23212.435714285715,22292.945666666667,21859.258222222223,0.6738607118457929,59.02000000000044,0.0,0
2012-07-31,23061.38,23302.64,23363.33,23021.47,,-1.03%,2012,7,31,1,0.0,-1.03,-1.0335495931288907,23207.588571428572,22358.921333333335,21881.408000000003,0.7193295007479387,341.8600000000006,0.0,1
2012-08-01,23329.34,23061.38,23335.98,23060.97,,1.16%,2012,8,1,2,0.0,1.16,1.1619426070772931,23200.20142857143,22419.54233333333,21904.386333333332,0.6623767427701748,275.0099999999984,0.0,1
2012-08-02,23488.62,23329.34,23540.72,23323.93,,0.68%,2012,8,2,3,0.0,0.68,0.6827454184301862,23245.827142857142,22490.892666666663,21929.913,0.6369038900497982,216.79000000000087,0.0,1
2012-08-03,23523.16,23488.79,23521.9,23444.4,,0.15%,2012,8,3,4,0.0,0.15,0.1470499331165609,23302.018571428573,22561.839,21957.946444444442,0.637434037275339,77.5,0.0,0
2012-08-06,23418.66,23523.16,23564.34,23420.06,,-0.44%,2012,8,6,0,0.0,-0.44,-0.44424303537450305,23345.16857142857,22630.553666666667,21985.753444444443,0.6464415760334543,144.27999999999884,0.0,0
2012-08-07,23391.79,23419.59,23459.7,23354.38,,-0.11%,2012,8,7,1,0.0,-0.11,-0.11473756397675228,23359.309999999998,22698.70766666667,22013.440333333332,0.6478458929761347,105.31999999999971,0.0,0
2012-08-08,23166.58,23392.24,23439.73,23157.41,,-0.96%,2012,8,8,2,0.0,-0.96,-0.9627736911112739,23339.932857142856,22751.799,22040.222444444444,0.6715621945507564,282.3199999999997,0.0,1
2012-08-09,23178.87,23166.58,23186.38,23143.37,,0.05%,2012,8,9,3,0.0,0.05,0.05305055817472759,23356.717142857146,22806.353333333333,22068.293555555556,0.6685852990207264,43.01000000000204,0.0,1
2012-08-10,23239.09,23178.87,23251.77,23158.16,,0.26%,2012,8,10,4,0.0,0.26,0.2598055901776197,23343.824285714283,22861.004,22097.050666666666,0.6685799080631738,93.61000000000058,0.0,1
2012-08-13,23273.56,23239.03,23317.05,23238.0,,0.15%,2012,8,13,0,0.0,0.15,0.14832766687509213,23313.101428571426,22917.733666666667,22123.979666666666,0.6651163156097075,79.04999999999927,0.0,0
2012-08-14,23125.32,23273.56,23295.59,23094.6,,-0.64%,2012,8,14,1,0.0,-0.64,-0.6369459592774018,23256.26714285714,22965.559666666664,22148.322444444446,0.6820675744387933,200.9900000000016,0.0,0
2012-08-15,23105.05,23125.71,23146.53,23093.58,,-0.09%,2012,8,15,2,0.0,-0.09,-0.08765284112824956,23211.465714285714,23004.698,22172.35711111111,0.6628013203881633,52.94999999999709,0.0,0
2012-08-16,23066.74,23106.08,23151.02,22991.66,,-0.17%,2012,8,16,3,0.0,-0.17,-0.16580790779503474,23165.030000000002,23038.612666666668,22197.039555555555,0.6619682870691157,159.36000000000058,0.0,1
2012-08-17,23141.08,23066.74,23141.28,23021.17,,0.32%,2012,8,17,4,0.0,0.32,0.32228221239758437,23161.38714285714,23072.951666666664,22222.892111111112,0.6622976268654189,120.11000000000058,0.0,1
2012-08-22,23199.03,23151.94,23222.9,23136.79,,0.25%,2012,8,22,2,0.0,0.25,0.2504204643862584,23164.26714285714,23106.548,22250.191333333332,0.6613926885203033,86.11000000000058,0.0,0
2012-08-23,23186.73,23199.03,23217.47,23154.86,,-0.05%,2012,8,23,3,0.0,-0.05,-0.053019458141134734,23156.787142857145,23142.09,22277.342111111113,0.6566643362627913,62.61000000000058,0.0,1
2012-08-24,23399.58,23186.73,23509.85,23169.82,,0.92%,2012,8,24,4,0.0,0.92,0.9179819664092426,23174.79,23180.28566666667,22307.496333333336,0.6664661671930062,340.02999999999884,0.0,1
2012-08-27,23491.17,23399.58,23491.25,23368.35,,0.39%,2012,8,27,0,0.0,0.39,0.39141728184863833,23227.054285714286,23213.559333333335,22337.522333333334,0.6458058930919185,122.90000000000146,0.0,1
2012-08-28,23531.63,23490.96,23549.74,23438.43,,0.17%,2012,8,28,1,0.0,0.17,0.17223492912443739,23287.99428571429,23239.911666666667,22364.601444444444,0.6201342875834872,111.31000000000131,0.0,1
2012-08-29,23670.11,23531.63,23674.89,23510.17,,0.59%,2012,8,29,2,0.0,0.59,0.5884845206218126,23374.19,23262.977333333332,22389.948444444442,0.6020141275429071,164.72000000000116,0.0,1
2012-08-30,23704.34,23671.93,23750.0,23664.75,,0.14%,2012,8,30,3,0.0,0.14,0.14461276267832002,23454.655714285713,23285.146333333334,22411.59111111111,0.6012719265722573,85.25,0.0,1
2012-08-31,23750.82,23704.34,23758.28,23664.72,,0.20%,2012,8,31,4,0.0,0.2,0.1960822364174719,23533.48285714286,23300.930333333334,22433.496555555554,0.5751704948982175,93.55999999999767,0.0,1
2012-09-03,23864.05,23750.33,23867.54,23735.04,,0.48%,2012,9,3,0,0.0,0.48,0.4767414346115162,23630.242857142854,23326.458333333332,22455.370333333332,0.5572734179037623,132.5,0.0,1
2012-09-04,24012.57,23864.85,23875.01,23853.66,,0.62%,2012,9,4,1,0.0,0.62,0.6223587362580885,23717.812857142857,23357.033666666666,22478.063222222223,0.5644572486539621,21.349999999998545,0.0,1
2012-09-05,24358.62,24012.57,24378.37,23964.59,,1.44%,2012,9,5,2,0.0,1.44,1.4411202132882828,23841.734285714283,23389.619333333332,22503.050555555557,0.5792643563420963,413.77999999999884,0.0,1
2012-09-06,24563.22,24358.62,24587.97,24336.24,,0.84%,2012,9,6,3,0.0,0.84,0.8399490611537219,23989.104285714282,23436.085333333333,22530.311222222223,0.5580570894943467,251.72999999999956,0.0,1
2012-09-07,24838.7,24563.22,24840.15,24563.22,,1.12%,2012,9,7,4,0.0,1.12,1.1215141988713206,24156.045714285716,23493.048000000003,22561.345,0.5782604489640504,276.9300000000003,0.0,0
2012-09-10,24671.47,24838.7,24969.81,24694.12,,-0.67%,2012,9,10,0,0.0,-0.67,-0.6732638986742479,24294.207142857143,23544.876666666667,22587.128,0.5997030705562542,275.6900000000023,0.0,0
2012-09-11,24568.58,24695.88,24695.88,24486.35,,-0.42%,2012,9,11,1,0.0,-0.42,-0.41704041145500526,24411.03,23587.402666666665,22609.690222222223,0.601513115348693,209.53000000000247,0.0,1
2012-09-12,24839.87,24568.58,24855.81,24552.16,,1.10%,2012,9,12,2,0.0,1.1,1.1042152212296985,24550.43285714286,23638.657666666666,22633.844444444443,0.6239596076231319,303.65000000000146,0.0,1
2012-09-13,25148.48,24841.24,25148.84,24839.87,,1.24%,2012,9,13,3,0.0,1.24,1.2423978064297403,24712.705714285716,23708.22766666667,22662.474444444444,0.6049778186130448,308.97000000000116,0.0,1
2012-09-14,25337.18,25148.6,25365.47,25126.44,,0.75%,2012,9,14,4,0.0,0.75,0.7503435595312302,24852.5,23775.15566666667,22692.25688888889,0.5890007448589591,239.03000000000247,0.0,1
2012-09-17,25373.83,25340.43,25377.03,25314.13,,0.14%,2012,9,17,0,0.0,0.14,0.14464908880942318,24968.30142857143,23837.996,22723.813666666665,0.5844019855734274,62.89999999999782,0.0,1
2012-09-18,25456.01,25340.42,25425.23,25262.2,,0.32%,2012,9,18,1,0.0,0.32,0.323877002407591,25056.48857142857,23902.424333333332,22756.532666666666,0.5841222726880396,163.02999999999884,0.0,1
2012-09-19,25642.39,25473.67,25737.52,25456.01,,0.73%,2012,9,19,2,0.0,0.73,0.7321650172199101,25195.191428571427,23976.548666666666,22790.087666666666,0.5742566957222877,281.51000000000204,0.0,1
2012-09-20,25875.31,25642.83,25905.85,25571.3,,0.91%,2012,9,20,3,0.0,0.91,0.9083396672463051,25381.867142857143,24059.332666666665,22827.008222222223,0.5788655735022598,334.5499999999993,0.0,0
2012-09-21,25873.71,25875.75,25970.3,25803.01,,-0.01%,2012,9,21,4,0.0,-0.01,-0.006183500796719255,25529.558571428573,24149.570333333333,22865.35577777778,0.5289029393214704,167.29000000000087,0.0,0
2012-09-24,25839.0,25875.34,25922.76,25817.25,,-0.13%,2012,9,24,0,0.0,-0.13,-0.1341516156747491,25628.204285714284,24238.24133333333,22902.181666666667,0.5338574804372471,105.5099999999984,0.0,1
2012-09-25,25947.6,25841.05,26066.97,25836.78,,0.42%,2012,9,25,1,0.0,0.42,0.4202949030535086,25715.407142857144,24328.525,22940.29211111111,0.5335795945643232,230.19000000000233,0.0,0
2012-09-26,25774.53,25947.6,25963.63,25770.43,,-0.67%,2012,9,26,2,0.0,-0.67,-0.666998103870875,25772.649999999998,24411.890666666666,22977.99677777778,0.5650694607668048,193.20000000000073,0.0,0
2012-09-27,25710.55,25774.7,25790.66,25680.41,,-0.25%,2012,9,27,3,0.0,-0.25,-0.2482295506455401,25809.012857142854,24498.065000000002,23015.78488888889,0.5459736771238786,110.25,0.0,1
2012-09-28,26011.64,25710.55,26039.73,25658.85,,1.17%,2012,9,28,4,0.0,1.17,1.1710756868289485,25861.762857142858,24594.951333333334,23056.55722222222,0.5589703773709596,380.880000000001,0.0,1
2012-10-02,26023.1,26011.64,26193.92,25934.13,,0.04%,2012,10,2,1,0.0,0.04,0.04405719900781868,25882.875714285714,24693.496666666666,23097.762000000002,0.5529615048503799,259.78999999999724,0.0,1
2012-10-03,26448.61,26005.12,26209.45,25951.22,,1.64%,2012,10,3,2,0.0,1.64,1.6351241781340509,25965.004285714287,24803.74766666667,23144.76388888889,0.5964864672410901,258.22999999999956,0.0,0
2012-10-04,26448.61,26448.61,26448.61,26448.61,,0.00%,2012,10,4,3,0.0,0.0,0.0,26052.09142857143,24912.067,23191.61111111111,0.6010815702440439,0.0,0.0,0
2012-10-05,26442.67,26447.89,26492.15,26358.99,,-0.02%,2012,10,5,4,0.0,-0.02,-0.022458647165213286,26122.815714285713,25020.598333333335,23238.97388888889,0.600243092095652,133.15999999999985,0.0,1
2012-10-08,26618.7,26445.14,26650.23,26435.17,,0.67%,2012,10,8,0,0.0,0.67,0.6657043331857349,26243.411428571428,25127.90233333333,23288.39322222222,0.595070667053108,215.0600000000013,0.0,1
2012-10-09,26840.87,26620.22,26846.91,26486.88,,0.83%,2012,10,9,1,0.0,0.83,0.8346388065532784,26404.885714285716,25239.559,23341.442888888894,0.5995066233199579,360.02999999999884,0.0,1
2012-10-10,27006.77,26868.92,27075.04,26840.87,,0.62%,2012,10,10,2,0.0,0.62,0.6180872676630811,26547.04714285714,25355.397,23397.475111111107,0.5979833127838085,234.1700000000019,0.0,1
2012-10-11,27371.3,27013.31,27372.86,27006.77,,1.35%,2012,10,11,3,0.0,1.35,1.34977266811247,26739.647142857142,25478.77,23459.541,0.6193123847570384,366.09000000000015,0.0,0
2012-10-12,27287.85,27371.08,27403.26,27251.74,,-0.30%,2012,10,12,4,0.0,-0.3,-0.30488139036144446,26859.538571428573,25598.220333333335,23522.382555555556,0.6331710809147552,151.5199999999968,0.0,0
2012-10-15,27077.66,27296.17,27306.74,27077.66,,-0.77%,2012,10,15,0,0.0,-0.77,-0.7702695521999647,26949.402857142853,25709.114999999998,23585.649777777777,0.6711502554303247,229.08000000000175,0.0,1
2012-10-16,27109.62,27076.49,27126.55,27008.15,,0.12%,2012,10,16,1,0.0,0.12,0.11803087859143524,27044.68142857143,25817.300666666662,23652.260111111114,0.6736655493863644,118.39999999999782,0.0,1
2012-10-17,27194.13,27109.62,27292.39,26971.02,,0.31%,2012,10,17,2,0.0,0.31,0.3117343585044896,27126.885714285712,25923.352666666666,23722.16211111111,0.6729642817325532,321.369999999999,0.0,1
2012-10-18,27271.5,27188.37,27346.87,27188.37,,0.28%,2012,10,18,3,0.0,0.28,0.2845099291648667,27188.404285714285,26020.448666666667,23789.808333333334,0.6448605165077111,158.5,0.0,1
2012-10-19,27296.36,27271.88,27342.03,27266.17,,0.09%,2012,10,19,4,0.0,0.09,0.0911574354179212,27229.774285714288,26111.553333333333,23857.106555555554,0.6408923414248657,75.86000000000058,0.0,0
2012-10-22,27272.57,27296.18,27312.88,27251.37,,-0.09%,2012,10,22,0,0.0,-0.09,-0.08715447773989249,27215.670000000002,26192.682333333334,23923.483666666663,0.6288756190631969,61.51000000000204,0.0,0
2012-10-23,27217.27,27258.9,27272.57,27146.52,,-0.20%,2012,10,23,1,0.0,-0.2,-0.20276783596118175,27205.587142857144,26277.542333333335,23989.76544444444,0.6089574526967948,126.04999999999927,0.0,0
2012-10-24,26876.07,27192.24,27245.04,26875.26,,-1.25%,2012,10,24,2,0.0,-1.25,-1.2536158108436335,27176.788571428573,26354.458666666666,24053.004222222222,0.6612405205084668,369.7800000000025,0.0,1
2012-10-29,26982.55,26876.07,27116.51,26875.83,,0.40%,2012,10,29,0,0.0,0.4,0.3961888773172495,27158.635714285716,26425.881333333335,24119.161555555555,0.6440238672714053,240.67999999999665,0.0,0
2012-10-30,26739.22,26982.55,27038.51,26706.23,,-0.90%,2012,10,30,1,0.0,-0.9,-0.9018050554895574,27093.648571428574,26478.906,24182.018333333333,0.6522543450050763,332.27999999999884,0.0,0
2012-10-31,26430.92,26739.22,26781.06,26283.9,,-1.15%,2012,10,31,2,0.0,-1.15,-1.1529880078775756,26973.565714285716,26515.364,24236.68733333333,0.6890801840839177,497.15999999999985,0.0,1
2012-11-01,26602.54,26427.78,26803.96,26427.37,,0.65%,2012,11,1,3,0.0,0.65,0.6493152716591233,26874.44857142857,26556.321,24295.06988888889,0.695247671625643,376.59000000000015,0.0,0
2012-11-02,26559.55,26587.74,26602.54,26504.8,,-0.16%,2012,11,2,4,0.0,-0.16,-0.16160111026992663,26772.588571428572,26593.105666666666,24352.45633333333,0.6969517101158537,97.7400000000016,0.0,1
2012-11-05,26600.1,26559.55,26631.8,26512.45,,0.15%,2012,11,5,0,0.0,0.15,0.1526757795218714,26684.42142857143,26625.029333333332,24410.710555555557,0.688059243119818,119.34999999999854,0.0,1
2012-11-06,26724.02,26600.1,26726.45,26599.1,,0.47%,2012,11,6,1,0.0,0.47,0.46586291028982707,26662.7,26653.319666666666,24470.45333333333,0.6753036286347119,127.35000000000218,0.0,1
2012-11-07,26792.27,26724.02,26880.03,26625.11,,0.26%,2012,11,7,2,0.0,0.26,0.2553882237777083,26635.51714285714,26683.938333333335,24528.43588888889,0.6754425931312782,254.91999999999825,0.0,1
2012-11-08,26883.76,26792.27,26885.81,26667.99,,0.34%,2012,11,8,3,0.0,0.34,0.3414790907974474,26656.165714285715,26718.76366666667,24587.786111111112,0.6748882510777591,217.8199999999997,0.0,0
2012-11-09,26718.3,26883.76,26883.76,26692.43,,-0.62%,2012,11,9,4,0.0,-0.62,-0.6154645034771922,26697.219999999998,26744.453666666665,24644.660888888888,0.6861580701009387,191.3299999999981,0.0,0
2012-11-12,26609.34,26216.89,26267.56,26103.24,,-0.41%,2012,11,12,0,0.0,-0.41,-0.407810377157225,26698.191428571427,26772.28066666667,24700.635,0.6777493005414273,164.3199999999997,0.0,0
2012-11-13,26290.42,26609.34,26609.58,26243.27,,-1.20%,2012,11,13,1,0.0,-1.2,-1.1985265324130578,26659.744285714285,26791.609666666664,24751.744777777774,0.7161195114950706,366.3100000000013,0.0,1
2012-11-14,26346.7,26290.42,26413.53,26269.16,,0.21%,2012,11,14,2,0.0,0.21,0.21407037240182003,26623.544285714284,26802.778333333332,24800.809222222222,0.6863937707561911,144.36999999999898,0.0,1
2012-11-15,26356.63,26344.62,26409.6,26323.22,,0.04%,2012,11,15,3,0.0,0.04,0.037689729643552994,26571.059999999998,26813.896,24848.668444444447,0.6863950403473291,86.37999999999738,0.0,1
2012-11-16,26400.94,26356.63,26401.15,26336.39,,0.17%,2012,11,16,4,0.0,0.17,0.16811709235966532,26515.155714285713,26812.306999999997,24896.335444444445,0.6180380080043497,64.76000000000204,0.0,0
2012-11-19,26267.57,26400.94,26459.83,26013.58,,-0.51%,2012,11,19,0,0.0,-0.51,-0.5051714067756619,26427.12857142857,26806.27233333333,24941.629111111113,0.6247659663687374,446.25,0.0,1
2012-11-20,26358.73,26266.66,26359.14,26265.1,,0.35%,2012,11,20,1,0.0,0.35,0.34704390242417116,26375.76142857143,26803.47433333333,24988.720888888893,0.628368117538752,94.04000000000087,0.0,0
2012-11-21,26303.41,26324.88,26449.5,26265.62,,-0.21%,2012,11,21,2,0.0,-0.21,-0.20987354094829103,26332.057142857146,26792.964666666663,25033.71755555555,0.6161803156730509,183.88000000000102,0.0,0
2012-11-22,26269.61,26324.14,26378.21,26235.95,,-0.13%,2012,11,22,3,0.0,-0.13,-0.12850044918130132,26329.084285714285,26773.922666666665,25075.680333333334,0.5938385934983488,142.2599999999984,0.0,1
2012-11-23,26322.5,26273.17,26324.0,26263.16,,0.20%,2012,11,23,4,0.0,0.2,0.20133530722381554,26325.627142857145,26751.113666666664,25115.474111111114,0.5819430179358905,60.840000000000146,0.0,1
2012-11-26,26363.99,26322.18,26466.83,26302.6,,0.16%,2012,11,26,0,0.0,0.16,0.15762180643936752,26326.678571428572,26717.53666666667,25153.094666666668,0.517843299359164,164.2300000000032,0.0,0
2012-11-27,26226.25,26360.87,26443.33,26252.0,,-0.52%,2012,11,27,1,0.0,-0.52,-0.5224550608614265,26301.722857142857,26682.15,25188.505555555555,0.5219766885719248,191.33000000000175,0.0,1
2012-11-28,26342.85,26232.69,26345.5,26215.43,,0.44%,2012,11,28,2,0.0,0.44,0.4445927267527683,26312.477142857144,26657.656333333336,25222.56722222222,0.5177682134322865,130.0699999999997,0.0,1
2012-11-29,26402.15,26344.9,26419.91,26342.85,,0.23%,2012,11,29,3,0.0,0.23,0.2251085209079573,26318.679999999997,26634.074000000004,25259.277666666665,0.5196200888192113,77.06000000000131,0.0,1
2012-11-30,26495.1,26405.17,26495.1,26380.68,,0.35%,2012,11,30,4,0.0,0.35,0.3520546622149956,26346.064285714285,26610.773,25297.05311111111,0.5207373827070346,114.41999999999825,0.0,0
2012-12-03,26380.68,26494.69,26501.13,26435.39,,-0.43%,2012,12,3,0,0.0,-0.43,-0.4318534370506222,26361.931428571428,26581.079,25330.382333333335,0.5196110370299178,65.7400000000016,0.0,1
2012-12-04,26382.54,26371.82,26408.46,26317.31,,0.01%,2012,12,4,1,0.0,0.01,0.007050614313208747,26370.50857142857,26550.618333333336,25366.085666666673,0.51871814087204,91.14999999999782,0.0,1
2012-12-05,26435.89,26381.12,26484.7,26381.12,,0.20%,2012,12,5,2,0.0,0.2,0.20221707235164033,26380.780000000002,26522.729,25402.819777777775,0.5218794839676283,103.58000000000175,0.0,1
2012-12-06,26546.2,26443.13,26564.96,26426.6,,0.42%,2012,12,6,3,0.0,0.42,0.41727363822441355,26426.487142857142,26500.359999999997,25440.926333333333,0.5299859453819779,138.36000000000058,0.0,1
2012-12-07,26670.22,26551.48,26674.86,26498.1,,0.47%,2012,12,7,4,0.0,0.47,0.46718551054387714,26473.254285714287,26493.498333333337,25478.453222222222,0.49043478338771124,176.76000000000204,0.0,1
2012-12-10,26822.09,26671.72,26835.36,26671.72,,0.57%,2012,12,10,0,0.0,0.57,0.5694366225700298,26533.245714285713,26488.149666666668,25517.56288888889,0.4965407579113348,163.63999999999942,0.0,1
2012-12-11,27050.2,26822.09,27081.36,26813.91,,0.85%,2012,12,11,1,0.0,0.85,0.8504557251131528,26612.545714285716,26498.515666666666,25561.88311111111,0.4921166124369253,267.4500000000007,0.0,1
2012-12-12,27516.07,27050.2,27516.07,27042.44,,1.72%,2012,12,12,2,0.0,1.72,1.7222423494096084,26774.74428571429,26534.68733333333,25608.40233333333,0.5303194605225101,473.630000000001,0.0,1
2012-12-13,27663.52,27518.67,27729.23,27377.91,,0.54%,2012,12,13,3,0.0,0.54,0.5358686760136955,26957.74142857143,26570.053333333337,25654.790111111113,0.5269233387484579,351.3199999999997,0.0,1
2012-12-14,27685.54,27662.01,27734.56,27640.17,,0.08%,2012,12,14,4,0.0,0.08,0.0795994146804091,27136.262857142858,26607.586333333333,25701.03877777778,0.5241251229935447,94.39000000000306,0.0,0
2012-12-17,27492.89,27685.54,27704.98,27473.74,,-0.70%,2012,12,17,0,0.0,-0.7,-0.6958506137138776,27271.504285714287,26637.346,25746.307999999997,0.54585250843434,231.23999999999796,0.0,0
2012-12-18,27437.76,27500.05,27562.31,27277.72,,-0.20%,2012,12,18,1,0.0,-0.2,-0.2005245719893467,27381.152857142857,26661.137333333332,25791.26322222222,0.5444937699541286,284.59000000000015,0.0,0
2012-12-19,27350.52,27438.26,27484.93,27305.94,,-0.32%,2012,12,19,2,0.0,-0.32,-0.3179559847450997,27456.64285714286,26679.745666666666,25837.75144444445,0.5485113328695439,178.9900000000016,0.0,1
2012-12-20,27508.09,27349.11,27516.04,27348.85,,0.58%,2012,12,20,3,0.0,0.58,0.5761133609159863,27522.055714285718,26700.556666666664,25885.85388888889,0.5541563803774291,167.19000000000233,0.0,0
2012-12-21,27402.06,27508.09,27706.08,27395.96,,-0.39%,2012,12,21,4,0.0,-0.39,-0.3854502439100571,27505.768571428573,26723.34866666667,25932.10911111111,0.5457580099880159,310.1200000000026,0.0,0
2012-12-24,27347.08,27401.14,27523.92,27277.42,,-0.20%,2012,12,24,0,0.0,-0.2,-0.2006418495543727,27460.562857142857,26747.94,25977.37044444445,0.5405842766836876,246.5,0.0,1
2012-12-27,27737.69,27346.27,27741.32,27318.51,,1.43%,2012,12,27,3,0.0,1.43,1.4283426237828634,27468.012857142858,26796.182333333334,26028.619,0.536972595454969,422.8100000000013,0.0,1
2012-12-28,27866.55,27745.07,27906.94,27737.69,,0.46%,2012,12,28,4,0.0,0.46,0.46456644370891365,27521.39285714286,26846.843999999997,26081.524555555556,0.5394597316943744,169.25,0.0,1
2012-12-31,28078.81,27866.51,28281.85,27866.51,,0.76%,2012,12,31,0,0.0,0.76,0.7617017535360482,27612.971428571425,26904.25,26137.21422222222,0.5485969513164074,415.34000000000015,0.0,1
2013-01-02,28501.21,28078.81,28503.64,28078.81,,1.50%,2013,1,2,2,0.0,1.5,1.5043372564577995,27777.355714285717,26974.259000000002,26196.771222222218,0.5969677129199719,424.8299999999981,0.0,0
2013-01-03,28441.39,28505.75,28681.28,28386.39,,-0.21%,2013,1,3,3,0.0,-0.21,-0.2098858259000247,27910.684285714287,27046.719666666664,26255.019666666667,0.5863033860711125,294.8899999999994,0.0,1
2013-01-04,28463.3,28455.72,28508.85,28441.39,,0.08%,2013,1,4,4,0.0,0.08,0.0770356160511243,28062.29,27116.871999999996,26313.648222222222,0.5871047683848277,67.45999999999913,0.0,1
2013-01-07,28986.2,28501.7,28988.28,28501.7,,1.84%,2013,1,7,0,0.0,1.84,1.8371025144660047,28296.45,27206.298333333336,26375.721777777777,0.6467665015734667,486.5799999999981,0.0,1
2013-01-08,29089.52,28986.2,29188.76,28956.39,,0.36%,2013,1,8,1,0.0,0.36,0.3564454809529938,28489.568571428572,27300.295333333335,26437.925666666666,0.6410431921137747,232.36999999999898,0.0,0
2013-01-09,28956.83,29089.8,29205.18,28926.89,,-0.46%,2013,1,9,2,0.0,-0.46,-0.4561436558595644,28645.32285714286,27388.106333333337,26498.20566666667,0.6570720107490008,278.2900000000009,0.0,0
2013-01-10,28695.59,28957.28,28976.64,28567.08,,-0.90%,2013,1,10,3,0.0,-0.9,-0.902170575991923,28733.434285714287,27465.82633333333,26554.04433333333,0.6936053316432701,409.5599999999977,0.0,1
2013-01-11,29202.01,28697.15,29267.19,28688.22,,1.76%,2013,1,11,4,0.0,1.76,1.7648007934320198,28833.54857142857,27565.01833333333,26615.12955555556,0.726686390110084,578.9699999999975,0.0,1
2013-01-14,29309.7,29181.54,29316.41,29124.82,,0.37%,2013,1,14,0,0.0,0.37,0.36877598494076125,28957.59285714286,27663.913333333334,26676.894888888888,0.7265190335571101,191.59000000000015,0.0,1
2013-01-15,29686.95,29309.7,29687.81,29309.7,,1.29%,2013,1,15,1,0.0,1.29,1.2871165518582695,29132.399999999998,27773.406666666666,26741.593777777776,0.7454029429740163,378.1100000000006,0.0,1
2013-01-16,30093.83,29686.95,30109.78,29665.97,,1.37%,2013,1,16,2,0.0,1.37,1.3705685494804998,29290.63285714286,27893.36433333333,26809.163333333334,0.7663136292155317,443.8099999999977,0.0,1
2013-01-17,30324.86,30094.55,30385.1,29915.57,,0.77%,2013,1,17,3,0.0,0.77,0.7676988937599383,29467.109999999997,28024.837000000003,26875.45488888889,0.7510297168337187,469.52999999999884,0.0,1
2013-01-18,30927.18,30611.92,30928.6,30307.94,,1.99%,2013,1,18,4,0.0,1.99,1.9862251631169947,29748.588571428572,28176.325,26946.16555555556,0.7947743310146783,620.6599999999999,0.0,0
2013-01-21,30842.54,30927.18,31025.95,30804.04,,-0.27%,2013,1,21,0,0.0,-0.27,-0.273675129772577,30055.295714285716,28323.213333333333,27012.874888888888,0.8062949911179879,221.90999999999985,0.0,1
2013-01-22,30983.83,30843.06,30997.01,30566.2,,0.46%,2013,1,22,1,0.0,0.46,0.4581010513401429,30309.84142857143,28471.134333333335,27083.012222222223,0.8061529429105632,430.8099999999977,0.0,1
2013-01-23,31446.22,30985.34,31447.33,30770.86,,1.49%,2013,1,23,2,0.0,1.49,1.492359078913097,30615.058571428573,28630.33433333333,27159.430444444446,0.8253492643601378,676.4700000000012,0.0,1
2013-01-25,31583.49,31447.33,31641.38,31151.27,,0.44%,2013,1,25,4,0.0,0.44,0.43652305428125704,30885.992857142857,28789.047666666665,27234.359555555555,0.8256196073688976,490.1100000000006,0.0,0
2013-01-28,31474.88,31584.89,31722.29,31313.74,,-0.34%,2013,1,28,0,0.0,-0.34,-0.34388219921230867,31083.285714285714,28936.537,27304.652888888893,0.8392872324330494,408.5499999999993,0.0,1
2013-01-29,31571.46,31477.7,31587.68,31475.69,,0.31%,2013,1,29,1,0.0,0.31,0.3068478736058644,31261.37142857143,29071.716666666667,27373.922666666665,0.8079698786481732,111.9900000000016,0.0,1
2013-01-30,31815.45,31573.51,31825.68,31514.65,,0.77%,2013,1,30,2,0.0,0.77,0.7728182352035651,31388.267142857145,29210.11433333333,27445.49622222222,0.8098681023996825,311.02999999999884,0.0,1
2013-01-31,31853.19,31815.45,31955.94,31548.42,,0.12%,2013,1,31,3,0.0,0.12,0.11862161308420216,31532.645714285718,29349.036000000004,27516.575999999997,0.809249950681183,407.52000000000044,0.0,1
2013-02-01,32413.03,31858.83,32414.21,31853.19,,1.76%,2013,2,1,4,0.0,1.76,1.7575633712039629,31736.817142857144,29513.040666666664,27591.805333333334,0.8111610298636278,561.0200000000004,0.0,1
2013-02-04,32685.03,32409.43,32687.05,32105.66,,0.84%,2013,2,4,0,0.0,0.84,0.8391686923437947,31913.79,29687.949666666667,27667.468888888885,0.7999702826825124,581.3899999999994,0.0,1
2013-02-05,33064.37,32684.13,33248.03,32516.93,,1.16%,2013,2,5,1,0.0,1.16,1.1605924791869615,32125.344285714287,29878.411333333333,27747.36511111111,0.7876757240083246,731.0999999999985,0.0,1
2013-02-06,33460.14,33064.62,33503.87,33019.69,,1.20%,2013,2,6,2,0.0,1.2,1.1969682168448958,32408.952857142856,30076.813000000002,27832.044444444444,0.7941399098255928,484.1800000000003,0.0,0
2013-02-07,33219.2,33460.39,33556.82,33206.68,,-0.72%,2013,2,7,3,0.0,-0.72,-0.7200806691185502,32644.344285714287,30270.717666666667,27912.839999999997,0.8114637111423615,350.1399999999994,0.0,1
2013-02-08,33313.49,33219.48,33382.41,33061.94,,0.28%,2013,2,8,4,0.0,0.28,0.2838418745785498,32858.35,30469.598,27996.606222222224,0.7987352343465908,320.47000000000116,0.0,1
2013-02-11,33511.63,33284.92,33530.69,33284.83,,0.59%,2013,2,11,0,0.0,0.59,0.5947740690032788,33095.27,30662.06266666666,28083.28488888889,0.7855863717620591,245.86000000000058,0.0,0
2013-02-12,33487.82,33511.94,33645.35,33388.77,,-0.07%,2013,2,12,1,0.0,-0.07,-0.07104996086432225,33248.811428571425,30849.438333333335,28166.353555555554,0.7956225028707655,256.58000000000175,0.0,0
2013-02-13,33355.54,33487.82,33567.03,33301.43,,-0.40%,2013,2,13,2,0.0,-0.4,-0.3950092899448143,33344.59857142857,31025.329333333335,28247.82511111111,0.8161531910934083,265.59999999999854,0.0,0
2013-02-14,33342.02,33352.23,33483.44,32919.11,,-0.04%,2013,2,14,3,0.0,-0.04,-0.040532996917463926,33384.26285714286,31186.689666666665,28324.418555555556,0.804399990083602,564.3300000000017,0.0,0
2013-02-15,33258.45,33342.14,33391.61,32943.29,,-0.25%,2013,2,15,4,0.0,-0.25,-0.25064468199587076,33355.45,31347.258333333335,28400.083444444448,0.8057215107123947,448.3199999999997,0.0,0
2013-02-18,33251.51,33258.3,33320.56,32999.01,,-0.02%,2013,2,18,0,0.0,-0.02,-0.020866877440151033,33360.065714285716,31506.865333333335,28475.73722222222,0.8077983543894292,321.54999999999563,0.0,1
2013-02-19,33335.11,33250.85,33337.16,33068.14,,0.25%,2013,2,19,1,0.0,0.25,0.2514171536871501,33363.154285714285,31651.829,28550.364,0.7698170576303455,269.0200000000041,0.0,1
2013-02-20,33708.18,33617.41,33816.04,33335.02,,1.12%,2013,2,20,2,0.0,1.12,1.1191503492863797,33391.23285714286,31805.78433333333,28626.667444444443,0.7784862737840496,481.0200000000041,0.0,0
2013-02-21,33506.6,33707.4,33742.99,33335.88,,-0.60%,2013,2,21,3,0.0,-0.6,-0.598015081205816,33393.91571428571,31957.443333333336,28698.887777777778,0.7848701999057767,407.1100000000006,0.0,1
2013-02-22,33895.08,33506.78,34249.97,33505.99,,1.16%,2013,2,22,4,0.0,1.16,1.1594133693063613,33470.99285714286,32130.75966666667,28771.374222222224,0.7481113097762548,743.9800000000032,0.0,0
2013-02-25,33811.08,33895.08,33944.95,33751.88,,-0.25%,2013,2,25,0,0.0,-0.25,-0.24782357793520227,33538.00142857143,32284.395333333334,28843.854555555557,0.7262021884035647,193.0699999999997,0.0,0
2013-02-26,33613.87,33811.08,34664.79,33115.89,,-0.58%,2013,2,26,1,0.0,-0.58,-0.5832703362329772,33588.775714285715,32427.867666666665,28916.47911111111,0.7521227448591137,1548.9000000000015,0.0,1
2013-02-27,33736.82,33613.87,33765.57,33613.16,,0.37%,2013,2,27,2,0.0,0.37,0.3657716293898883,33658.10571428571,32562.863333333335,28990.114666666665,0.7358398380307523,152.40999999999622,0.0,0
2013-02-28,33075.14,33736.68,33847.39,32997.66,,-1.96%,2013,2,28,3,0.0,-1.96,-1.9612992570135601,33620.967142857146,32662.240333333335,29055.459222222224,0.8338634331695265,849.7299999999959,0.0,1
2013-03-01,33183.2,33075.92,33184.22,32701.85,,0.33%,2013,3,1,4,0.0,0.33,0.32671063523841415,33545.969999999994,32757.51833333333,29121.144777777776,0.8295516258406359,482.3700000000026,0.0,0
2013-03-04,32947.13,33186.81,33233.33,32934.07,,-0.71%,2013,3,4,0,0.0,-0.71,-0.7114142096000364,33466.04571428571,32824.85,29183.931111111113,0.7859819126479888,299.26000000000204,0.0,0
2013-03-05,32784.56,32947.83,32997.86,32716.27,,-0.49%,2013,3,5,1,0.0,-0.49,-0.49342689332879663,33307.4,32889.584,29245.175444444445,0.7916878657388675,281.59000000000015,0.0,0
2013-03-06,32731.08,32784.27,32825.8,32703.54,,-0.16%,2013,3,6,2,0.0,-0.16,-0.16312556886532992,33153.114285714284,32947.825666666664,29306.440000000002,0.7930108788694037,122.26000000000204,0.0,1
2013-03-07,32772.73,32731.08,32796.89,32578.56,,0.13%,2013,3,7,3,0.0,0.13,0.1272490855785957,33032.951428571425,32992.04266666667,29371.95844444444,0.7536594082880134,218.3299999999981,0.0,1
2013-03-08,32849.11,32772.73,32947.13,32731.08,,0.23%,2013,3,8,4,0.0,0.23,0.23305961999502411,32906.13571428571,33034.23,29437.14244444445,0.7518175063738554,216.04999999999563,0.0,1
2013-03-11,32890.36,32849.11,32909.12,32811.55,,0.13%,2013,3,11,0,0.0,0.13,0.12557417841760898,32879.73857142857,33081.41266666666,29505.488444444443,0.7463985532553432,97.56999999999971,0.0,1
2013-03-12,33351.71,32890.36,33362.76,32857.94,,1.40%,2013,3,12,1,0.0,1.4,1.4026906364053238,32903.811428571425,33140.75433333333,29582.38611111111,0.7804079378039462,504.8199999999997,0.0,1
2013-03-13,33357.16,33351.71,33488.42,33250.04,,0.02%,2013,3,13,2,0.0,0.02,0.01634099121154975,32962.387142857144,33192.14466666667,29657.437444444447,0.7729779849883022,238.37999999999738,0.0,0
2013-03-14,33207.02,33361.26,33380.14,33273.12,,-0.45%,2013,3,14,3,0.0,-0.45,-0.45009826975679346,33022.73857142857,33237.272333333334,29731.298222222227,0.7809792184284708,107.0199999999968,0.0,0
2013-03-15,32950.08,33207.02,33357.16,32890.36,,-0.77%,2013,3,15,4,0.0,-0.77,-0.7737520560411437,33054.02428571428,33255.174000000006,29801.853555555554,0.7358275665494881,466.8000000000029,0.0,1
2013-03-18,33243.54,32950.08,33264.7,32950.08,,0.89%,2013,3,18,0,0.0,0.89,0.8906199924249014,33121.28285714286,33273.791,29874.292666666664,0.7377698915833257,314.61999999999534,0.0,1
2013-03-19,33298.74,33244.01,33415.43,33232.22,,0.17%,2013,3,19,1,0.0,0.17,0.16604729821192432,33185.51571428571,33281.60333333333,29946.58677777778,0.7083263430489186,183.20999999999913,0.0,0
2013-03-20,33207.21,33296.54,33323.18,33177.72,,-0.27%,2013,3,20,2,0.0,-0.27,-0.2748752655505893,33230.780000000006,33273.172333333336,30016.847333333335,0.6745913712837774,145.45999999999913,0.0,1
2013-03-21,33361.96,33207.15,33423.04,33154.56,,0.47%,2013,3,21,3,0.0,0.47,0.4660132543504947,33232.24428571428,33277.931,30090.665777777776,0.6670485188350931,268.4800000000032,0.0,1
2013-03-22,33506.88,33361.9,33601.57,33350.72,,0.43%,2013,3,22,4,0.0,0.43,0.4343869484886298,33253.63285714285,33284.37733333333,30167.30511111111,0.6696905046505556,250.84999999999854,0.0,0
2013-03-25,33467.78,33506.88,33621.61,33415.53,,-0.12%,2013,3,25,0,0.0,-0.12,-0.11669245241573423,33290.88428571429,33282.91566666667,30247.053555555558,0.6612321372064746,206.08000000000175,0.0,0
2013-03-26,33429.46,33467.87,33580.53,33395.46,,-0.11%,2013,3,26,1,0.0,-0.11,-0.11449818302856629,33359.36714285714,33280.97033333333,30325.75088888889,0.6614355775470834,185.0699999999997,0.0,1
2013-03-27,33468.89,33429.46,33506.88,33361.96,,0.12%,2013,3,27,2,0.0,0.12,0.1179498562046799,33391.56,33284.74866666667,30404.775999999998,0.6575900377237764,144.91999999999825,0.0,1
2013-03-28,33536.25,33458.14,33603.29,33137.46,,0.20%,2013,3,28,3,0.0,0.2,0.20126152973702904,33425.49,33291.223000000005,30484.05722222222,0.6583874889972227,465.83000000000175,0.0,1
2013-04-02,34351.87,33540.82,34444.31,33489.04,,2.43%,2013,4,2,1,0.0,2.43,2.4320548660032193,33589.01285714286,33327.670333333335,30573.882777777773,0.7893203015304052,955.2699999999968,0.0,1
2013-04-03,34548.73,34351.87,34875.5,34227.49,,0.57%,2013,4,3,2,0.0,0.57,0.5730692390254255,33758.55142857142,33370.911,30664.882777777773,0.7933400915252946,648.010000000002,0.0,0
2013-04-04,34339.65,34585.06,34764.09,34326.92,,-0.61%,2013,4,4,3,0.0,-0.61,-0.6051741988779336,33877.51857142857,33404.39566666666,30754.174333333332,0.8041855439533362,437.16999999999825,0.0,0
2013-04-05,34301.37,34353.85,34364.68,34232.42,,-0.11%,2013,4,5,4,0.0,-0.11,-0.11147463646251632,33996.602857142854,33424.16866666667,30843.41611111111,0.7815884007746983,132.26000000000204,0.0,1
2013-04-08,34810.25,34295.48,34828.07,34292.6,,1.48%,2013,4,8,0,0.0,1.48,1.4835559046183722,34193.85857142857,33467.62366666667,30937.72444444444,0.81282842413463,535.4700000000012,0.0,0
2013-04-09,34089.01,34810.25,34859.2,34065.68,,-2.07%,2013,4,9,1,0.0,-2.07,-2.071918472289047,34282.44714285714,33474.088,31023.558,0.8828619607529624,793.5199999999968,0.0,0
2013-04-10,33665.58,34060.46,34089.01,33266.12,,-1.24%,2013,4,10,2,0.0,-1.24,-1.242130528284635,34300.922857142854,33469.238,31106.217222222225,0.9115681245459567,822.8899999999994,0.0,0
2013-04-11,33466.76,33642.84,33776.88,33552.18,,-0.59%,2013,4,11,3,0.0,-0.59,-0.5905735175214533,34174.478571428575,33464.33433333333,31185.37177777778,0.9117273606055787,224.6999999999971,0.0,1
2013-04-12,33514.14,33532.26,33546.76,33433.82,,0.14%,2013,4,12,4,0.0,0.14,0.14157331035331566,34026.68,33456.91166666667,31264.39388888889,0.909451914835989,112.94000000000233,0.0,1
2013-04-15,33532.89,33514.14,33706.12,33388.22,,0.06%,2013,4,15,0,0.0,0.06,0.055946534805895176,33911.42857142857,33472.17,31342.59155555556,0.832107896126631,317.90000000000146,0.0,0
2013-04-16,33334.27,33551.96,33610.54,33322.31,,-0.59%,2013,4,16,1,0.0,-0.59,-0.5923139938132427,33773.271428571425,33477.20566666667,31419.853666666662,0.8384306589866539,288.2300000000032,0.0,1
2013-04-17,33352.97,33334.67,33714.15,33334.67,,0.06%,2013,4,17,2,0.0,0.06,0.05609842363429873,33565.08857142857,33490.73366666667,31497.302888888888,0.8270214280535888,379.4800000000032,0.0,0
2013-04-18,33334.67,33350.71,33363.34,32840.54,,-0.05%,2013,4,18,3,0.0,-0.05,-0.05486767745122023,33457.32571428571,33509.07066666667,31573.956000000002,0.8210465217767451,522.7999999999956,0.0,0
2013-04-19,32993.97,32885.58,33041.8,32885.58,,-1.02%,2013,4,19,4,0.0,-1.02,-1.022059015433474,33361.38142857143,33517.833666666666,31645.59788888889,0.8437131123539614,156.22000000000116,0.0,1
2013-04-22,33090.05,32993.97,33190.15,32963.69,,0.29%,2013,4,22,0,0.0,0.29,0.2912047261969475,33307.565714285716,33528.411,31716.929333333333,0.8448942732179723,226.45999999999913,0.0,1
2013-04-23,33090.18,33069.59,33124.19,33042.06,,0.00%,2013,4,23,1,0.0,0.0,0.00039286734228038966,33247.0,33536.44666666667,31786.574777777776,0.844086390800656,82.13000000000466,0.0,1
2013-04-24,33432.68,33086.29,33612.4,33086.29,,1.04%,2013,4,24,2,0.0,1.04,1.0350502777561221,33232.684285714284,33554.524000000005,31857.491222222223,0.8638201766855796,526.1100000000006,0.0,0
2013-04-25,33271.34,33432.62,33550.44,33095.26,,-0.48%,2013,4,25,3,0.0,-0.48,-0.4825817134612165,33223.694285714286,33551.845,31921.438666666665,0.8305672225179037,455.1800000000003,0.0,0
2013-04-26,33159.08,33018.82,33295.48,32932.18,,-0.34%,2013,4,26,4,0.0,-0.34,-0.3374075104879859,33195.99571428572,33545.242333333335,31982.500444444446,0.8327661684881514,363.3000000000029,0.0,0
2013-04-29,33030.83,33159.08,33345.05,32921.8,,-0.39%,2013,4,29,0,0.0,-0.39,-0.38677188872550117,33152.590000000004,33539.369333333336,32041.89255555555,0.831708797683808,423.25,0.0,1
2013-04-30,33440.57,33359.23,33483.23,33021.48,,1.24%,2013,4,30,1,0.0,1.24,1.2404774569697352,33216.39,33555.719,32107.97788888889,0.8494073543117387,461.75,0.0,1
2013-05-02,34502.38,33440.57,34528.52,33417.12,,3.18%,2013,5,2,3,0.0,3.18,3.1752150157727588,33418.15142857143,33597.68033333334,32186.473666666665,1.0136498759007022,1111.3999999999942,0.0,1
2013-05-03,35109.33,34502.16,35116.35,34501.5,,1.76%,2013,5,3,4,0.0,1.76,1.7591540061874023,33706.601428571434,33658.03333333333,32272.682666666668,1.056488148650901,614.8499999999985,0.0,0
2013-05-06,34935.62,35099.15,35232.38,35099.15,,-0.49%,2013,5,6,0,0.0,-0.49,-0.4947687694410563,33921.30714285714,33715.647,32355.21077777778,1.060522304330238,133.22999999999593,0.0,0
2013-05-07,34815.24,34935.14,34992.79,34350.7,,-0.34%,2013,5,7,1,0.0,-0.34,-0.3445766813355622,34141.864285714284,33764.08966666667,32437.579444444444,1.0631663413177024,642.0900000000038,0.0,1
2013-05-08,35486.44,34815.24,35496.14,34774.35,,1.93%,2013,5,8,2,0.0,1.93,1.9278913487311922,34474.34428571429,33830.075,32528.016777777775,1.1109492463134851,721.7900000000009,0.0,1
2013-05-09,35782.09,35486.91,35812.07,35456.51,,0.83%,2013,5,9,3,0.0,0.83,0.8331351355616246,34867.381428571425,33907.21866666667,32617.399,1.1152145689984965,355.5599999999977,0.0,1
2013-05-10,36010.28,35782.6,36010.24,35710.42,,0.64%,2013,5,10,4,0.0,0.64,0.6377212734080207,35234.48285714285,33993.246,32707.88488888889,1.1156791241849582,299.8199999999997,0.0,0
2013-05-13,35956.05,36010.24,36162.05,35861.49,,-0.15%,2013,5,13,0,0.0,-0.15,-0.1505958853971534,35442.15,34076.151333333335,32795.40977777778,1.1178849106529947,300.56000000000495,0.0,1
2013-05-14,35994.67,35956.46,36007.32,35846.75,,0.11%,2013,5,14,1,0.0,0.11,0.10740890615068555,35568.62714285714,34158.098666666665,32878.67044444445,1.1181434642363433,160.5699999999997,0.0,1
2013-05-15,36236.49,35994.87,36236.29,35957.23,,0.67%,2013,5,15,2,0.0,0.67,0.6718216891556494,35754.46571428572,34220.91933333333,32965.282666666666,1.0429161038719579,279.0599999999977,0.0,1
2013-05-16,36400.16,36236.7,36405.18,36236.49,,0.45%,2013,5,16,3,0.0,0.45,0.45167178167644373,35980.88285714285,34282.63366666667,33053.47,1.0415867609953309,168.69000000000233,0.0,1
2013-05-17,36907.81,36400.43,36927.69,36378.44,,1.39%,2013,5,17,4,0.0,1.39,1.3946367268715232,36183.93571428571,34368.239,33141.48788888889,1.0535693253576957,549.25,0.0,0
2013-05-20,36817.75,36908.12,37116.48,36721.23,,-0.24%,2013,5,20,0,0.0,-0.24,-0.24401339445498937,36331.887142857144,34452.11833333333,33227.357111111116,1.055396459625244,395.25,0.0,1
2013-05-21,37046.63,36818.09,37212.34,36650.51,,0.62%,2013,5,21,1,0.0,0.62,0.6216566737511142,36479.93714285714,34526.664333333334,33317.243777777774,1.031892082209054,561.8299999999945,0.0,1
2013-05-22,37259.91,37046.63,37471.61,36985.14,,0.58%,2013,5,22,2,0.0,0.58,0.5757068861594217,36666.20285714285,34632.361,33412.40288888889,0.9387610780761185,486.47000000000116,0.0,0
2013-05-23,36472.43,37332.06,37466.5,36514.65,,-2.11%,2013,5,23,3,0.0,-2.11,-2.113477998202362,36734.45428571429,34725.922666666665,33493.18533333333,0.9996599553536313,951.8499999999985,0.0,1
2013-05-24,37350.53,36472.87,36472.43,36472.43,,2.41%,2013,5,24,4,0.0,2.41,2.4075719660028083,36893.60285714286,34855.38166666667,33582.52788888889,1.0585731359900319,0.0,0.0,1
2013-05-27,37386.36,37350.97,37518.44,37320.28,,0.10%,2013,5,27,0,0.0,0.1,0.09592902697765915,37034.48857142857,34984.45566666666,33668.076888888885,1.0589485262997977,198.1600000000035,0.0,1
2013-05-28,38016.8,37386.3,37392.89,37282.8,,1.69%,2013,5,28,1,0.0,1.69,1.6862834466901955,37192.91571428571,35133.91933333334,33756.10988888889,1.0837912679416704,110.08999999999651,0.0,0
2013-05-30,38016.8,37358.74,38040.06,37358.74,,0.00%,2013,5,30,3,0.0,0.0,0.0,37364.20857142857,35290.003666666664,33841.57588888889,1.0699287534811979,681.3199999999997,0.0,0
2013-05-31,37794.75,38018.93,38018.93,37628.26,,-0.58%,2013,5,31,4,0.0,-0.58,-0.5840838787062652,37471.08285714286,35438.063,33917.88222222222,1.0842329333364529,390.66999999999825,0.0,1
2013-06-03,37822.99,37790.64,37893.41,37720.38,,0.07%,2013,6,3,0,0.0,0.07,0.07471937239960091,37551.52285714286,35587.67366666666,33995.44277777778,1.082519187389315,173.0300000000061,0.0,1
2013-06-04,38486.08,37822.99,38509.24,37818.07,,1.75%,2013,6,4,1,0.0,1.75,1.7531400875499425,37839.18714285714,35770.744,34078.80111111111,1.0729034758372915,691.1699999999983,0.0,1
2013-06-05,39453.23,38486.08,39456.87,38463.77,,2.51%,2013,6,5,2,0.0,2.51,2.5129865135654184,38139.572857142855,35982.85,34167.767888888884,1.1316339487052278,993.1000000000058,0.0,1
2013-06-06,39510.11,39453.64,40716.06,39369.05,,0.14%,2013,6,6,3,0.0,0.14,0.1441707054149921,38442.96571428572,36196.84766666666,34255.84144444444,1.129334762573128,1347.0099999999948,0.0,1
2013-06-07,39564.79,39510.3,40364.73,39475.67,,0.14%,2013,6,7,4,0.0,0.14,0.13839495764502718,38664.107142857145,36401.25133333333,34345.72933333333,1.1292599851191614,889.060000000005,0.0,1
2013-06-10,39737.8,39565.28,39964.57,38028.13,,0.44%,2013,6,10,0,0.0,0.44,0.4372827455927375,38909.96428571428,36616.8,34436.46644444444,1.1120786506295848,1936.4400000000023,0.0,1
2013-06-11,40012.66,39737.8,40165.02,39702.09,,0.69%,2013,6,11,1,0.0,0.69,0.6916839885449111,39226.80857142858,36845.25266666666,34527.54655555556,1.097957653084407,462.9300000000003,0.0,0
2013-06-12,38915.54,40013.2,40743.59,38737.86,,-2.74%,2013,6,12,2,0.0,-2.74,-2.7419321784655226,39382.887142857144,37041.40966666667,34606.01711111111,1.2474792192881705,2005.729999999996,0.0,0
2013-06-13,37406.73,38915.54,38915.54,36112.92,,-3.88%,2013,6,13,3,0.0,-3.88,-3.8771400833702896,39228.694285714286,37173.615,34661.50266666667,1.4790036641531958,2802.6200000000026,0.0,0
2013-06-14,37249.93,37406.64,37563.39,36726.85,,-0.42%,2013,6,14,4,0.0,-0.42,-0.41917590765084833,38913.937142857154,37265.2,34712.22377777778,1.3879564588324342,836.5400000000009,0.0,0
2013-06-17,37085.12,37249.93,37272.49,37055.06,,-0.44%,2013,6,17,0,0.0,-0.44,-0.44244378445811305,38567.51,37331.05966666667,34756.89877777778,1.3642372329486057,217.4300000000003,0.0,0
2013-06-18,37024.72,37085.12,37293.29,36953.23,,-0.16%,2013,6,18,1,0.0,-0.16,-0.1628685575238875,38204.642857142855,37400.69633333333,34796.50522222222,1.3598167700013584,340.0599999999977,0.0,1
2013-06-19,37135.74,37024.72,37135.36,36698.84,,0.30%,2013,6,19,2,0.0,0.3,0.29985371935290495,37832.92,37478.04633333333,34840.022333333334,1.3559565174306538,436.5200000000041,0.0,0
2013-06-20,36963.77,37135.74,37314.11,36890.3,,-0.46%,2013,6,20,3,0.0,-0.46,-0.4630848880350924,37397.36428571429,37527.29066666667,34880.581,1.3222169224734253,423.8099999999977,0.0,0
2013-06-21,36464.39,36963.77,36973.93,36441.6,,-1.35%,2013,6,21,4,0.0,-1.35,-1.3509985588591178,37047.2,37550.034,34913.389444444445,1.3429642752056767,532.3300000000017,0.0,0
2013-06-24,36464.35,36467.1,36464.39,36464.39,,0.00%,2013,6,24,0,0.0,0.0,-0.00010969606237809515,36912.57428571428,37565.16966666666,34946.462,1.3387375874469283,0.0,0.0,0
2013-06-25,35751.4,36464.35,36544.2,34835.5,,-1.96%,2013,6,25,1,0.0,-1.96,-1.955197336576675,36698.49857142857,37558.348000000005,34973.08266666667,1.387731468214558,1708.699999999997,0.0,1
2013-06-26,36096.42,35750.99,36244.19,35730.77,,0.97%,2013,6,26,2,0.0,0.97,0.9650531168010179,36557.25571428572,37561.73966666667,35003.68711111112,1.3990143236485217,513.4200000000055,0.0,1
2013-06-27,36468.25,36114.94,36501.45,36095.28,,1.03%,2013,6,27,3,0.0,1.03,1.03010215417485,36477.76,37569.465,35039.35155555556,1.4062901883010992,406.16999999999825,0.0,0
2013-06-28,36159.87,36468.68,36538.27,36153.06,,-0.85%,2013,6,28,4,0.0,-0.85,-0.8456122791743459,36338.35,37561.45533333334,35071.666666666664,1.4128349878747577,385.2099999999991,0.0,0
2013-07-01,35832.16,36164.79,36172.16,35819.69,,-0.91%,2013,7,1,0,0.0,-0.91,-0.9062809130674365,36176.69142857143,37525.600333333336,35099.41166666667,1.3961762263533193,352.47000000000116,0.0,1
2013-07-02,36043.48,35860.97,36069.14,35832.16,,0.59%,2013,7,2,1,0.0,0.59,0.5897495434268984,36116.56142857143,37499.791333333334,35125.359444444446,1.4012745194983298,236.97999999999593,0.0,0
2013-07-03,35949.01,36041.65,36063.7,35945.99,,-0.26%,2013,7,3,2,0.0,-0.26,-0.2621001079807006,36042.94142857143,37463.204000000005,35152.49733333333,1.3957008687186179,117.70999999999913,0.0,1
2013-07-04,36509.64,35949.69,36514.43,35948.58,,1.56%,2013,7,4,3,0.0,1.56,1.5595144344725975,36151.26142857143,37438.19499999999,35181.547999999995,1.4231866996552227,565.8499999999985,0.0,1
2013-07-05,36926.29,36510.39,37021.67,36372.04,,1.14%,2013,7,5,4,0.0,1.14,1.1412054460137044,36269.81428571429,37453.32366666666,35216.16144444444,1.3846191743998775,649.6299999999974,0.0,0
2013-07-08,36790.14,36926.29,36926.29,36766.87,,-0.37%,2013,7,8,0,0.0,-0.37,-0.36870749809959635,36315.79857142857,37434.644,35251.45333333333,1.3125555286274804,159.41999999999825,0.0,1
2013-07-09,37014.14,36791.04,37093.22,36790.14,,0.61%,2013,7,9,1,0.0,0.61,0.6088587866205364,36437.83714285715,37422.23666666667,35287.868,1.3177445450550007,303.08000000000175,0.0,1
2013-07-10,37128.4,37014.04,37187.25,37014.04,,0.31%,2013,7,10,2,0.0,0.31,0.3086928400876099,36623.014285714286,37392.62333333334,35332.90422222222,1.2795065178309235,173.20999999999913,0.0,1
2013-07-11,37327.67,37128.4,37337.6,37128.4,,0.54%,2013,7,11,3,0.0,0.54,0.5367050559679232,36806.469999999994,37369.65233333334,35378.95388888889,1.2842739887128636,209.1999999999971,0.0,1
2013-07-12,37382.49,37327.81,37460.24,37327.81,,0.15%,2013,7,12,4,0.0,0.15,0.14686156408905138,37011.252857142856,37355.91033333333,35428.23566666667,1.280778319117166,132.4300000000003,0.0,1
2013-07-15,37720.32,37377.67,37715.78,37377.67,,0.90%,2013,7,15,0,0.0,0.9,0.9037118715206072,37184.20714285714,37352.488000000005,35483.07744444445,1.2919772305381403,338.1100000000006,0.0,1
2013-07-16,37885.66,37720.32,37885.87,37701.49,,0.44%,2013,7,16,1,0.0,0.44,0.4383313821303858,37321.26,37332.474,35540.35055555556,1.2521090249245552,184.38000000000466,0.0,1
2013-07-17,37975.34,37885.1,38004.31,37857.34,,0.24%,2013,7,17,2,0.0,0.24,0.2367122547158873,37490.57428571429,37283.211,35598.157333333336,1.1571371501628216,146.97000000000116,0.0,1
2013-07-18,38334.54,37983.75,38337.76,37975.34,,0.95%,2013,7,18,3,0.0,0.95,0.9458769822732416,37679.20285714285,37244.02533333333,35659.106555555554,1.1726173398472355,362.42000000000553,0.0,0
2013-07-19,38328.29,38334.72,38391.23,38296.68,,-0.02%,2013,7,19,4,0.0,-0.02,-0.01630383460973217,37850.61571428571,37202.808666666664,35719.528,1.1719005078799587,94.55000000000291,0.0,0
2013-07-22,38090.75,38328.29,38339.37,38050.11,,-0.62%,2013,7,22,0,0.0,-0.62,-0.6197511029059743,37959.62714285714,37147.907,35772.184,1.1711089309040301,289.26000000000204,0.0,0
2013-07-23,37885.58,38092.76,38142.25,37833.56,,-0.54%,2013,7,23,1,0.0,-0.54,-0.5386347079015197,38031.49714285714,37077.00433333334,35822.499777777775,1.1626987855804856,308.6900000000023,0.0,0
2013-07-24,37554.01,37885.05,37898.34,37412.1,,-0.88%,2013,7,24,2,0.0,-0.88,-0.8751878683129544,38007.73857142857,37031.62,35870.799666666666,1.066581454369368,486.23999999999796,0.0,0
2013-07-25,37286.5,37568.27,37604.33,37239.03,,-0.71%,2013,7,25,3,0.0,-0.71,-0.7123340490136743,37922.14428571429,37027.61233333334,35918.982111111116,0.8061694811453516,365.3000000000029,0.0,0
2013-07-26,37145.65,37286.5,37322.26,37127.86,,-0.38%,2013,7,26,4,0.0,-0.38,-0.37775066042669003,37803.61714285715,37024.13633333333,35962.33888888889,0.8054753599634682,194.40000000000146,0.0,1
2013-07-29,37562.5,37149.71,37564.09,37145.65,,1.12%,2013,7,29,0,0.0,1.12,1.1222040804239386,37693.32571428572,37040.049,36009.714,0.826632624884913,418.43999999999505,0.0,1
2013-07-30,37806.45,37562.5,37910.57,37562.08,,0.65%,2013,7,30,1,0.0,0.65,0.6494509151414141,37618.77714285714,37066.106666666674,36060.816666666666,0.8328375991018864,348.48999999999796,0.0,1
2013-07-31,37914.33,37806.45,37931.17,37806.45,,0.29%,2013,7,31,2,0.0,0.29,0.2853481350404641,37593.57428571429,37092.05966666667,36111.398555555556,0.8327055703085064,124.72000000000116,0.0,1
2013-08-01,38292.07,37910.27,38292.36,37910.27,,1.00%,2013,8,1,3,0.0,1.0,0.996298760917047,37651.64428571429,37136.33633333333,36164.56733333333,0.8429011711101179,382.0900000000038,0.0,1
2013-08-02,38424.34,38292.07,38450.97,38267.83,,0.35%,2013,8,2,4,0.0,0.35,0.3454240003217368,37775.97714285715,37201.668,36219.640222222224,0.7963494635712712,183.13999999999942,0.0,0
2013-08-05,38350.96,38424.34,38522.74,38297.61,,-0.19%,2013,8,5,0,0.0,-0.19,-0.19097270115764342,37928.04285714286,37264.55500000001,36274.32355555556,0.7985785853690606,225.12999999999738,0.0,0
2013-08-06,38227.63,38350.96,38404.5,38178.98,,-0.32%,2013,8,6,1,0.0,-0.32,-0.3215825627311597,38082.61142857142,37347.096,36327.198444444446,0.6979241052937553,225.5199999999968,0.0,0
2013-08-07,38037.85,38227.63,38277.47,38034.0,,-0.50%,2013,8,7,2,0.0,-0.5,-0.496447203240169,38150.51857142857,37411.810333333335,36377.216222222225,0.6955493015460125,243.47000000000116,0.0,0
2013-08-12,37813.43,38038.79,38080.88,37766.18,,-0.59%,2013,8,12,0,0.0,-0.59,-0.5899912849963829,38151.51571428571,37456.649666666664,36415.678,0.6899086322397209,314.6999999999971,0.0,0
2013-08-13,37589.6,37813.63,37841.31,37575.18,,-0.59%,2013,8,13,1,0.0,-0.59,-0.5919325488325189,38105.125714285714,37504.30733333334,36449.465444444446,0.6790957924553023,266.1299999999974,0.0,0
2013-08-14,37103.67,37589.6,37630.54,37058.81,,-1.29%,2013,8,14,2,0.0,-1.29,-1.2927245833954104,37935.35428571428,37546.691,36480.17677777778,0.702715446786571,571.7300000000032,0.0,1
2013-08-15,37111.64,37103.67,37107.38,36807.73,,0.02%,2013,8,15,3,0.0,0.02,0.021480354908298693,37747.82571428572,37582.29633333333,36511.402,0.697217193961294,299.6499999999942,0.0,0
2013-08-16,36986.94,37161.89,37221.7,36979.6,,-0.34%,2013,8,16,4,0.0,-0.34,-0.3360131753810891,37552.96571428572,37616.894,36535.58744444445,0.6986690151498258,242.09999999999854,0.0,0
2013-08-19,36800.68,36878.47,37005.5,36596.18,,-0.50%,2013,8,19,0,0.0,-0.5,-0.5035831566493565,37349.11571428571,37626.59533333334,36565.71711111111,0.6495896183796908,409.3199999999997,0.0,0
2013-08-20,36558.8,36787.26,36800.68,36528.13,,-0.66%,2013,8,20,1,0.0,-0.66,-0.6572704634805637,37137.822857142855,37614.34566666667,36597.863999999994,0.6259176288066768,272.5500000000029,0.0,0
2013-08-21,36345.33,36558.5,36584.61,36315.37,,-0.58%,2013,8,21,2,0.0,-0.58,-0.5839086622099199,36928.09428571429,37599.51866666666,36629.84811111111,0.631127659814607,269.23999999999796,0.0,1
2013-08-22,36563.89,36345.38,36571.62,36345.33,,0.60%,2013,8,22,3,0.0,0.6,0.6013427309643271,36781.56428571429,37584.51033333333,36663.73422222222,0.6308632095503756,226.29000000000087,0.0,1
2013-08-23,36577.28,36563.89,36664.15,36524.08,,0.04%,2013,8,23,4,0.0,0.04,0.03662083000468552,36706.36571428572,37566.13966666667,36697.56077777778,0.6276419347010496,140.0699999999997,0.0,0
2013-08-26,36526.69,36577.08,36669.39,36510.2,,-0.14%,2013,8,26,0,0.0,-0.14,-0.138309901665723,36622.80142857143,37539.44033333333,36733.03211111111,0.6179854469967683,159.19000000000233,0.0,0
2013-08-27,36480.24,36526.74,36549.29,36469.47,,-0.13%,2013,8,27,1,0.0,-0.13,-0.12716728507292663,36550.415714285715,37509.365333333335,36767.77955555556,0.6166867070416537,79.81999999999971,0.0,0
2013-08-28,36299.27,36480.24,36501.79,36167.7,,-0.50%,2013,8,28,2,0.0,-0.5,-0.49607678019661927,36478.78571428572,37461.996999999996,36800.71955555556,0.5921933749061989,334.0900000000038,0.0,1
2013-08-29,36400.38,36298.85,36407.92,36221.4,,0.28%,2013,8,29,3,0.0,0.28,0.2785455465082354,36456.154285714285,37412.48766666666,36838.568555555554,0.5876416910226102,186.5199999999968,0.0,0
2013-08-30,36248.53,36400.38,36428.19,36188.38,,-0.42%,2013,8,30,4,0.0,-0.42,-0.41716597464092064,36442.32571428571,37354.927333333326,36873.662777777776,0.5856343877142774,239.81000000000495,0.0,1
2013-09-02,36337.15,36247.86,36363.3,36186.85,,0.24%,2013,9,2,0,0.0,0.24,0.2444788795573194,36409.934285714284,37288.347666666676,36909.74022222222,0.5533481134648452,176.45000000000437,0.0,0
2013-09-03,36230.83,36337.3,36407.43,36243.6,,-0.29%,2013,9,3,1,0.0,-0.29,-0.2925931175119634,36360.44142857143,37218.43233333333,36940.83077777778,0.5528849984724888,163.83000000000175,0.0,0
2013-09-04,36215.57,36230.83,36651.3,36121.85,,-0.04%,2013,9,4,2,0.0,-0.04,-0.0421188253208693,36315.99571428571,37155.92633333334,36973.544444444444,0.5472862029577046,529.4500000000044,0.0,1
2013-09-05,36476.3,36215.57,36743.39,36214.53,,0.72%,2013,9,5,3,0.0,0.72,0.7199389654781063,36315.432857142856,37108.950333333334,37010.402444444444,0.5657189642978503,528.8600000000006,0.0,0
2013-09-06,36403.95,36477.04,36502.28,36379.9,,-0.20%,2013,9,6,4,0.0,-0.2,-0.19834796840689783,36330.387142857144,37070.615,37047.881555555556,0.5479764354183229,122.37999999999738,0.0,0
2013-09-09,36367.59,36403.95,36483.22,36358.22,,-0.10%,2013,9,9,0,0.0,-0.1,-0.0998792713428065,36325.70285714285,37039.98466666667,37080.403999999995,0.5357325347358836,125.0,0.0,0
2013-09-10,36113.13,36367.59,36367.65,36110.53,,-0.70%,2013,9,10,1,0.0,-0.7,-0.6996889263214845,36306.36,37005.56733333333,37098.301222222224,0.5450100940722091,257.1200000000026,0.0,1
2013-09-11,36259.66,36113.13,36260.01,36037.88,,0.41%,2013,9,11,2,0.0,0.41,0.40575269991829366,36295.29,36962.13933333334,37111.08266666667,0.5041107184890647,222.13000000000466,0.0,0
2013-09-12,36224.45,36259.66,36261.59,36093.91,,-0.10%,2013,9,12,3,0.0,-0.1,-0.09710515763249328,36294.37857142857,36909.405999999995,37125.403,0.48298684600731606,167.67999999999302,0.0,0
2013-09-13,36098.07,36245.65,36339.51,36110.8,,-0.35%,2013,9,13,4,0.0,-0.35,-0.3488803832770282,36277.59285714286,36848.863999999994,37139.65666666667,0.4775195405810516,228.70999999999913,0.0,0
2013-09-16,35861.88,36098.07,36099.87,36038.15,,-0.65%,2013,9,16,0,0.0,-0.65,-0.6543009086081408,36189.81857142857,36767.85766666666,37143.828222222226,0.432367327226751,61.720000000001164,0.0,0
2013-09-17,35851.38,35861.88,35960.98,35696.79,,-0.03%,2013,9,17,1,0.0,-0.03,-0.029279000431658986,36110.88,36682.09233333333,37144.5981111111,0.4208050711681964,264.1900000000023,0.0,0
2013-09-18,35765.71,35852.59,35882.67,35708.57,,-0.24%,2013,9,18,2,0.0,-0.24,-0.2389587234856716,36024.897142857146,36595.91733333333,37141.88066666667,0.4207431735671919,174.09999999999854,0.0,1
2013-09-19,35891.91,35766.02,36004.61,35765.71,,0.35%,2013,9,19,3,0.0,0.35,0.3528519355550541,35993.294285714284,36518.060000000005,37141.168,0.433586384652661,238.90000000000146,0.0,1
2013-09-20,36188.72,35899.16,36196.02,35862.25,,0.83%,2013,9,20,4,0.0,0.83,0.8269551550753373,35983.159999999996,36456.42233333333,37143.32411111111,0.4691951787279643,333.7699999999968,0.0,0
2013-09-23,36088.64,36206.51,36207.32,36040.88,,-0.28%,2013,9,23,0,0.0,-0.28,-0.2765502620706184,35963.758571428574,36398.929333333326,37141.681333333334,0.46285003787537865,166.44000000000233,0.0,0
2013-09-24,36056.02,36088.64,36089.13,35965.53,,-0.09%,2013,9,24,1,0.0,-0.09,-0.09038855440383076,35957.75142857143,36347.80999999999,37137.85755555555,0.4555033423099725,123.59999999999854,0.0,1
2013-09-25,36142.44,36056.6,36211.12,36055.97,,0.24%,2013,9,25,2,0.0,0.24,0.23968258282529575,35997.83142857143,36315.769,37129.353444444445,0.404594857139175,155.15000000000146,0.0,1
2013-09-26,36158.04,36143.56,36216.12,36110.47,,0.04%,2013,9,26,3,0.0,0.04,0.04316255349665621,36041.64,36283.98233333333,37122.02333333333,0.40481400754747665,105.65000000000146,0.0,1
2013-09-27,36436.98,36162.88,36438.11,36148.75,,0.77%,2013,9,27,4,0.0,0.77,0.771446682397614,36137.53571428572,36265.65033333333,37115.249444444446,0.4308793798166361,289.3600000000006,0.0,1
2013-09-30,36585.08,36162.88,36585.08,36056.02,,0.41%,2013,9,30,0,0.0,0.41,0.40645520018398607,36236.560000000005,36258.46366666666,37107.751333333326,0.4298071062463307,529.060000000005,0.0,1
2013-10-02,36908.06,36585.08,36908.06,36143.56,,0.88%,2013,10,2,2,0.0,0.88,0.8828188977583196,36339.322857142855,36270.10566666666,37112.59166666667,0.44268642581217316,764.5,0.0,0
2013-10-03,36831.03,36908.06,36831.03,36158.04,,-0.21%,2013,10,3,3,0.0,-0.21,-0.20870779986810195,36445.37857142857,36286.29566666667,37106.819444444445,0.4297789141090061,672.989999999998,0.0,1
2013-10-04,36925.82,36436.98,36925.82,36436.98,,0.26%,2013,10,4,4,0.0,0.26,0.25736451030557994,36569.635714285716,36298.36,37101.702333333335,0.41887900159926755,488.8399999999965,0.0,0
2013-10-07,36857.22,36925.82,36925.82,36585.08,,-0.19%,2013,10,7,0,0.0,-0.19,-0.18577786491944526,36671.747142857144,36307.691333333336,37088.81811111111,0.4207888990132905,340.73999999999796,0.0,1
2013-10-08,36904.52,36857.22,36925.82,36826.34,,0.13%,2013,10,8,1,0.0,0.13,0.12833306472923578,36778.387142857144,36320.28566666667,37076.459444444445,0.4200080045631201,99.4800000000032,0.0,1
2013-10-09,37259.65,36904.52,37259.65,36831.03,,0.96%,2013,10,9,2,0.0,0.96,0.9622940496177845,36895.911428571424,36346.265999999996,37070.51388888889,0.4514138020947009,428.6200000000026,0.0,0
2013-10-10,36962.63,37259.65,37259.65,36857.22,,-0.80%,2013,10,10,3,0.0,-0.8,-0.7971626142489363,36949.84714285714,36368.378,37060.954333333335,0.4675266155631548,402.4300000000003,0.0,1
2013-10-11,36991.62,36857.22,37259.65,36857.22,,0.08%,2013,10,11,4,0.0,0.08,0.07843056622325317,36961.78428571428,36388.086,37044.34922222223,0.4657464019567126,402.4300000000003,0.0,1
2013-10-14,37051.14,36991.61,37259.65,36904.52,,0.16%,2013,10,14,0,0.0,0.16,0.16090130683650283,36993.228571428575,36414.83966666667,37017.65933333333,0.4574319134434106,355.13000000000466,0.0,1
2013-10-17,37257.35,37051.14,37257.35,36962.63,,0.56%,2013,10,17,3,0.0,0.56,0.5565550749585535,37040.590000000004,36445.513,36992.62866666667,0.46492866391210214,294.72000000000116,0.0,1
2013-10-21,37263.16,37339.14,37349.74,37201.61,,0.02%,2013,10,21,0,0.0,0.02,0.015594238452298903,37098.58142857143,36479.924,36967.055,0.45968583422627657,148.12999999999738,0.0,1
2013-10-22,37368.1,37263.16,37490.34,37251.58,,0.28%,2013,10,22,1,0.0,0.28,0.2816186281571209,37164.80714285714,36518.34166666667,36940.725,0.4601625697428764,238.75999999999476,0.0,1
2013-10-23,37408.56,37368.1,37458.7,37265.17,,0.11%,2013,10,23,2,0.0,0.11,0.10827416967948977,37186.08,36549.417,36911.79055555556,0.44531061227078206,193.52999999999884,0.0,1
2013-10-24,37611.65,37408.56,37612.86,37369.13,,0.54%,2013,10,24,3,0.0,0.54,0.5428971337041677,37278.79714285715,36589.67366666666,36897.302888888895,0.44958380876886633,243.7300000000032,0.0,0
2013-10-25,37461.94,37611.53,37636.04,37426.96,,-0.40%,2013,10,25,4,0.0,-0.4,-0.398041564249374,37345.985714285714,36626.151999999995,36897.916333333334,0.4576036089210523,209.08000000000175,0.0,0
2013-10-28,37278.34,37461.94,37611.65,37278.34,,-0.49%,2013,10,28,0,0.0,-0.49,-0.4900974162043048,37378.44285714285,36664.992333333335,36898.231999999996,0.4464390668291726,333.31000000000495,0.0,1
2013-10-29,37514.55,37278.34,37611.65,37278.34,,0.63%,2013,10,29,1,0.0,0.63,0.6336387296215662,37415.18571428572,36706.822,36903.003444444446,0.45358153846693844,333.31000000000495,0.0,0
2013-10-30,37373.09,37514.55,37611.65,37278.34,,-0.38%,2013,10,30,2,0.0,-0.38,-0.377080359487203,37430.89,36745.10999999999,36906.87422222222,0.4609059135414893,333.31000000000495,0.0,1
2013-10-31,37622.74,37373.09,37633.0,37312.51,,0.67%,2013,10,31,3,0.0,0.67,0.6679940031718123,37467.26714285714,36795.93233333334,36912.28533333333,0.4637480790603081,320.48999999999796,0.0,1
2013-11-01,37765.82,37622.74,37792.79,37572.73,,0.38%,2013,11,1,4,0.0,0.38,0.38030191315145956,37518.30428571429,36859.397,36921.197,0.440609399100497,220.05999999999767,0.0,1
2013-11-04,37937.61,37765.16,37937.61,37373.09,,0.45%,2013,11,4,0,0.0,0.45,0.4548822188952917,37564.869999999995,36928.938,36937.56611111111,0.44179057852869963,564.5200000000041,0.0,1
2013-11-05,38054.23,37937.61,38054.23,37373.09,,0.31%,2013,11,5,1,0.0,0.31,0.30739943818285376,37649.48285714286,37005.221999999994,36955.23144444444,0.43471714807722067,681.1400000000067,0.0,1
2013-11-06,38125.18,38054.23,38125.18,38041.44,,0.19%,2013,11,6,2,0.0,0.19,0.1864444504592555,37770.46000000001,37079.664333333334,36981.60677777778,0.43386421707938444,83.73999999999796,0.0,1
2013-11-07,38125.91,38125.18,38265.79,38056.49,,0.00%,2013,11,7,3,0.0,0.0,0.0019147450582623904,37857.79714285715,37144.23733333334,37004.15666666667,0.41879186547400343,209.3000000000029,0.0,0
2013-11-08,37870.87,38125.91,38125.91,37870.87,,-0.67%,2013,11,8,4,0.0,-0.67,-0.6689414101853641,37928.90857142857,37203.645000000004,37019.74133333333,0.4390144901719582,255.04000000000087,0.0,1
2013-11-11,37898.3,37870.87,37902.49,37834.02,,0.07%,2013,11,11,0,0.0,0.07,0.07243034025887773,37968.274285714295,37265.05433333334,37039.05722222222,0.43679086862250394,68.47000000000116,0.0,1
2013-11-12,38293.59,37898.3,38293.59,37866.22,,1.04%,2013,11,12,1,0.0,1.04,1.0430283152542241,38043.67,37336.759333333335,37066.406444444445,0.46509780892972447,427.36999999999534,0.0,0
2013-11-13,37949.11,38293.59,38293.59,37870.87,,-0.90%,2013,11,13,2,0.0,-0.9,-0.8995761431612848,38045.31285714286,37396.46166666667,37087.580111111114,0.5057119410666708,422.7199999999939,0.0,0
2013-11-14,37772.86,37949.11,38293.59,37772.86,,-0.46%,2013,11,14,3,0.0,-0.46,-0.4644377694233093,38005.11714285715,37440.991,37107.84511111111,0.5047350206741882,520.7299999999959,0.0,1
2013-11-15,37883.53,37772.86,37937.61,37770.59,,0.29%,2013,11,15,4,0.0,0.29,0.29298814016200936,37970.59571428572,37484.27266666667,37123.110555555555,0.5029466832829812,167.02000000000407,0.0,1
2013-11-18,38053.75,37883.53,38064.32,37780.7,,0.45%,2013,11,18,0,0.0,0.45,0.4493245481611785,37960.287142857145,37522.46233333334,37135.637888888894,0.48614859529597093,283.6200000000026,0.0,1
2013-11-19,38255.86,38053.75,38315.14,38114.09,,0.53%,2013,11,19,1,0.0,0.53,0.5311171697927275,38015.28571428572,37569.956666666665,37151.92366666666,0.4885451188601898,201.0500000000029,0.0,1
2013-11-20,38815.64,38255.86,38815.64,38255.86,,1.46%,2013,11,20,2,0.0,1.46,1.4632529500055558,38146.33428571429,37632.950666666664,37171.94033333333,0.5458274536655342,559.7799999999988,0.0,1
2013-11-21,39119.88,38815.64,39151.66,38962.95,,0.78%,2013,11,21,3,0.0,0.78,0.7838077640868413,38264.375714285714,37708.37266666666,37194.06788888889,0.552821025561127,188.7100000000064,0.0,1
2013-11-22,39246.05,39119.88,39250.93,39068.01,,0.32%,2013,11,22,4,0.0,0.32,0.3225214392273301,38449.65285714286,37786.42366666666,37215.383222222226,0.5530864872521127,182.91999999999825,0.0,0
2013-11-25,39222.02,39246.05,39246.64,39173.37,,-0.06%,2013,11,25,0,0.0,-0.06,-0.06122909184492764,38656.67571428571,37851.836,37235.82244444444,0.5361827334927964,73.2699999999968,0.0,0
2013-11-26,38975.16,39222.02,39100.41,38839.66,,-0.63%,2013,11,26,1,0.0,-0.63,-0.6293913470035273,38812.62285714286,37918.920333333335,37249.76511111111,0.5265066964607021,260.75,0.0,1
2013-11-27,39011.31,38975.16,39012.65,38809.39,,0.09%,2013,11,27,2,0.0,0.09,0.09275138318867171,38949.41714285714,37986.24333333333,37262.272333333334,0.5264195891894181,203.26000000000204,0.0,0
2013-11-28,38928.65,39011.31,39011.44,38808.4,,-0.21%,2013,11,28,3,0.0,-0.21,-0.21188727064022084,39045.52999999999,38048.827000000005,37272.86466666667,0.5312319863320093,203.04000000000087,0.0,0
2013-11-29,38920.85,38928.65,38928.65,38812.4,,-0.02%,2013,11,29,4,0.0,-0.02,-0.020036656806754483,39060.56,38104.277,37279.37922222222,0.5270385486200382,116.25,0.0,1
2013-12-02,39045.07,38920.85,39045.07,38875.59,,0.32%,2013,12,2,0,0.0,0.32,0.3191605527628427,39049.87285714286,38163.674000000006,37287.34344444444,0.5273417314515797,169.4800000000032,0.0,0
2013-12-03,38955.42,39045.07,39126.78,38890.46,,-0.23%,2013,12,3,1,0.0,-0.23,-0.22960645223584208,39008.35428571428,38216.58466666667,37296.95088888889,0.5314256749118556,236.3199999999997,0.0,1
2013-12-04,38990.2,38955.42,39065.17,38909.7,,0.09%,2013,12,4,2,0.0,0.09,0.08928154285077206,38975.23714285714,38269.306,37309.224444444444,0.5314762399961788,155.47000000000116,0.0,0
2013-12-05,38864.84,38990.2,39006.22,38797.09,,-0.32%,2013,12,5,3,0.0,-0.32,-0.3215166888089871,38959.47714285714,38311.079000000005,37323.78922222222,0.5322830476034807,209.13000000000466,0.0,0
2013-12-06,38738.15,38864.84,38835.71,38676.29,,-0.33%,2013,12,6,4,0.0,-0.33,-0.3259758691917858,38920.45428571429,38353.619333333336,37339.91866666667,0.5300660224016766,159.41999999999825,0.0,1
2013-12-09,38747.51,38738.55,38747.51,38545.75,,0.02%,2013,12,9,0,0.0,0.02,0.024162227674784376,38894.57714285714,38402.59166666667,37357.71711111111,0.5180665458336481,201.76000000000204,0.0,1
2013-12-10,38961.6,38747.51,38964.6,38505.45,,0.55%,2013,12,10,1,0.0,0.55,0.5525258268208599,38900.398571428566,38450.82666666667,37373.26266666667,0.5155542240285523,459.15000000000146,0.0,0
2013-12-11,38844.17,38961.6,38994.77,38810.39,,-0.30%,2013,12,11,2,0.0,-0.3,-0.3013993265163606,38871.69857142856,38499.86266666666,37384.792888888885,0.5131796712564193,184.37999999999738,0.0,0
2013-12-12,38841.49,38844.17,38841.49,38561.19,,-0.01%,2013,12,12,3,0.0,-0.01,-0.006899362246637342,38855.422857142854,38540.48766666666,37395.094666666664,0.5034853401324281,280.29999999999563,0.0,0
2013-12-13,38831.59,38841.49,39372.9,38761.97,,-0.03%,2013,12,13,4,0.0,-0.03,-0.025488208614043995,38832.764285714286,38576.013333333336,37401.08933333334,0.5013513145715078,610.9300000000003,0.0,1
2013-12-16,39695.34,38831.59,39703.84,38638.88,,2.22%,2013,12,16,0,0.0,2.22,2.224348784069874,38951.40714285714,38634.60433333333,37415.21155555555,0.6322633759790294,1064.9599999999991,0.0,0
2013-12-17,39130.37,39763.61,39763.61,39109.45,,-1.42%,2013,12,17,1,0.0,-1.42,-1.4232653001586382,39007.438571428575,38670.475666666665,37423.871666666666,0.6936632880225468,654.1600000000035,0.0,1
2013-12-18,39383.33,39130.37,39383.33,39129.09,,0.65%,2013,12,18,2,0.0,0.65,0.6464544035745146,39098.27,38712.414,37436.71277777778,0.7007949090732124,254.24000000000524,0.0,1
2013-12-19,39760.43,39383.33,39861.7,39318.25,,0.96%,2013,12,19,3,0.0,0.96,0.9575117187906601,39212.388571428564,38766.898,37455.85255555555,0.7172074518487145,543.4499999999971,0.0,0
2013-12-20,39562.75,39760.43,39652.28,39430.42,,-0.50%,2013,12,20,4,0.0,-0.5,-0.49717772166950613,39315.04285714286,38823.294,37475.28944444445,0.7111665054310146,221.86000000000058,0.0,1
2013-12-23,39906.76,39562.75,39906.76,39562.75,,0.87%,2013,12,23,0,0.0,0.87,0.8695300503630321,39467.224285714285,38890.242666666665,37501.03566666666,0.7230283959655416,344.01000000000204,0.0,0
2013-12-24,39858.23,39906.76,39996.56,39816.39,,-0.12%,2013,12,24,1,0.0,-0.12,-0.12160846934203828,39613.887142857144,38942.397333333334,37531.64188888889,0.7058657530270253,180.16999999999825,0.0,1
2013-12-27,40231.68,39858.23,40248.85,39911.56,,0.94%,2013,12,27,4,0.0,0.94,0.9369457700454831,39690.50714285714,39018.483,37566.309,0.6924695728236995,337.2900000000009,0.0,1
2013-12-30,40472.13,40231.68,40516.77,40335.3,,0.60%,2013,12,30,0,0.0,0.6,0.5976633339696447,39882.18714285714,39108.458666666666,37605.03333333333,0.6845821834993904,181.4699999999939,0.0,1
2013-12-31,41329.19,40472.13,41329.19,40812.52,,2.12%,2013,12,31,1,0.0,2.12,2.11765479108712,40160.16714285714,39223.314,37655.35011111111,0.7663111615035421,516.6700000000055,0.0,0
2014-01-02,41228.49,41329.19,41505.77,41162.99,,-0.24%,2014,1,2,3,0.0,-0.24,-0.24365345655215087,40369.89,39329.138666666666,37707.235555555555,0.7718737246660481,342.77999999999884,0.0,1
2014-01-03,41450.48,41228.49,41522.17,41064.69,,0.54%,2014,1,3,4,0.0,0.54,0.5384383468810094,40639.565714285716,39435.626000000004,37763.959444444445,0.7719601758038723,457.4799999999959,0.0,1
2014-01-06,41507.3,41450.48,41513.95,41240.18,,0.14%,2014,1,6,0,0.0,0.14,0.13707923285810608,40868.21428571428,39525.348,37818.88622222222,0.7385548715856182,273.7699999999968,0.0,1
2014-01-07,41806.73,41507.3,41834.87,41240.51,,0.72%,2014,1,7,1,0.0,0.72,0.7213911769736958,41146.57142857143,39614.90966666667,37876.99122222222,0.7370166619417051,594.3600000000006,0.0,1
2014-01-08,41830.89,41806.73,42258.64,41666.08,,0.06%,2014,1,8,2,0.0,0.06,0.05778973863777015,41375.030000000006,39701.070999999996,37935.92677777778,0.7373845379428077,592.5599999999977,0.0,0
2014-01-09,41363.05,41943.28,41962.65,41295.91,,-1.12%,2014,1,9,3,0.0,-1.12,-1.118407951635736,41502.30428571429,39772.43866666666,37990.18022222222,0.775346819086218,666.739999999998,0.0,1
2014-01-10,41480.62,41363.05,41480.62,40785.04,,0.28%,2014,1,10,4,0.0,0.28,0.28423919416000754,41523.93714285714,39855.954000000005,38047.75077777778,0.7602462658373946,695.5800000000017,0.0,0
2014-01-13,41441.19,41480.62,41534.44,41428.5,,-0.10%,2014,1,13,0,0.0,-0.1,-0.09505643840425071,41554.322857142855,39936.95,38103.75977777778,0.7620219043983265,105.94000000000233,0.0,1
2014-01-15,41611.15,41441.19,41786.09,41301.95,,0.41%,2014,1,15,2,0.0,0.41,0.41012335794410326,41577.27571428572,40026.36666666667,38163.34444444445,0.7587595672147707,484.1399999999994,0.0,1
2014-01-16,41740.77,41611.15,41740.77,41598.55,,0.31%,2014,1,16,3,0.0,0.31,0.3115030466593671,41610.62857142858,40120.363999999994,38223.384666666665,0.7574787852854511,142.2199999999939,0.0,1
2014-01-17,41751.55,41740.77,41765.34,41641.51,,0.03%,2014,1,17,4,0.0,0.03,0.02582606885308536,41602.74571428571,40210.579999999994,38284.726,0.7582636887942774,123.82999999999447,0.0,0
2014-01-20,41471.28,41836.12,41751.55,41441.19,,-0.67%,2014,1,20,0,0.0,-0.67,-0.6712804674317563,41551.37285714286,40294.442,38343.122777777775,0.7715937113861834,310.3600000000006,0.0,1
2014-01-21,41931.63,41471.28,41956.04,41467.46,,1.11%,2014,1,21,1,0.0,1.11,1.1100453132866894,41632.59857142857,40392.48966666667,38403.737555555555,0.7883346176647317,488.58000000000175,0.0,0
2014-01-22,41469.94,41908.07,41667.06,41438.16,,-1.10%,2014,1,22,2,0.0,-1.1,-1.1010542638099086,41631.072857142855,40479.32633333334,38460.026333333335,0.8198918152706404,228.89999999999418,0.0,1
2014-01-23,41957.5,41469.94,41980.94,41468.03,,1.18%,2014,1,23,3,0.0,1.18,1.1756949732746103,41704.83142857143,40586.638000000006,38522.13644444445,0.831188502393651,512.9100000000035,0.0,0
2014-01-24,41917.55,41957.5,42138.92,41866.09,,-0.10%,2014,1,24,4,0.0,-0.1,-0.09521539653220001,41748.60285714286,40692.306,38586.630000000005,0.8326893667952234,272.83000000000175,0.0,0
2014-01-27,41650.14,41917.55,41953.96,41542.15,,-0.64%,2014,1,27,0,0.0,-0.64,-0.6379428187000546,41735.65571428571,40781.924,38646.52422222222,0.8468011871288604,411.8099999999977,0.0,0
2014-01-28,41189.66,41650.14,41670.5,41178.34,,-1.11%,2014,1,28,1,0.0,-1.11,-1.1055905214244044,41655.385714285716,40860.106999999996,38701.69322222222,0.8762916433464653,492.1600000000035,0.0,0
2014-01-29,40792.07,41189.66,41024.12,40580.18,,-0.97%,2014,1,29,2,0.0,-0.97,-0.965266525628039,41558.35571428571,40925.12633333333,38753.84877777778,0.9011839717275084,443.9400000000023,0.0,0
2014-01-30,40601.74,40792.07,40601.74,40208.78,,-0.47%,2014,1,30,3,0.0,-0.47,-0.46658578493320446,41368.37142857142,40984.13133333333,38806.51388888889,0.9080116194430425,392.9599999999991,0.0,0
2014-01-31,40571.62,40601.74,40642.82,40480.27,,-0.07%,2014,1,31,4,0.0,-0.07,-0.07418401280337994,41240.04,41013.34066666667,38858.961,0.8198732974750981,162.5500000000029,0.0,1
2014-02-03,41366.42,40571.62,41370.13,40571.62,,1.96%,2014,2,3,0,0.0,1.96,1.9590048413151706,41155.6,41087.87566666667,38921.19111111111,0.838919649134845,798.5099999999948,0.0,0
2014-02-04,41064.91,41366.42,41413.95,40754.99,,-0.73%,2014,2,4,1,0.0,-0.73,-0.7288762237582902,41033.794285714284,41143.92833333334,38978.66888888889,0.8505458354577847,658.9599999999991,0.0,0
2014-02-05,40878.71,41064.91,41080.71,40691.96,,-0.45%,2014,2,5,2,0.0,-0.45,-0.4534284867542704,40923.590000000004,41181.20433333333,39030.77988888889,0.8429263532393424,388.75,0.0,0
2014-02-06,40766.16,40878.71,40885.69,40642.29,,-0.28%,2014,2,6,3,0.0,-0.28,-0.27532669206047355,40863.090000000004,41221.318,39082.75233333334,0.8385052148627057,243.40000000000146,0.0,1
2014-02-07,40773.5,40766.16,41366.42,40766.16,,0.02%,2014,2,7,4,0.0,0.02,0.018005129744858017,40860.43714285714,41250.20933333333,39135.168777777784,0.8259928489872678,600.2599999999948,0.0,0
2014-02-10,40647.8,40773.5,40778.39,40408.04,,-0.31%,2014,2,10,0,0.0,-0.31,-0.30828847167889695,40867.01714285714,41276.528333333335,39185.22833333333,0.8282247138856034,370.34999999999854,0.0,0
2014-02-11,40453.61,40647.8,40667.17,40415.39,,-0.48%,2014,2,11,1,0.0,-0.48,-0.4777380325626579,40850.15857142857,41283.926,39232.95688888889,0.8172870427709016,251.77999999999884,0.0,0
2014-02-12,40278.82,40453.61,40453.61,40023.01,,-0.43%,2014,2,12,2,0.0,-0.43,-0.432075159670553,40694.787142857145,41277.48233333333,39275.644,0.8138735256356886,430.59999999999854,0.0,0
2014-02-13,39378.15,40278.82,40773.5,39378.15,,-2.24%,2014,2,13,3,0.0,-2.24,-2.2360883461829295,40453.82142857143,41212.44766666667,39306.67811111111,0.8090413685691005,1395.3499999999985,0.0,0
2014-02-14,38767.29,39378.15,38767.29,38089.58,,-1.55%,2014,2,14,4,0.0,-1.55,-1.551266374880489,40152.19,41130.407666666666,39327.33622222223,0.8481017015067959,677.7099999999991,0.0,1
2014-02-17,38964.75,38768.38,39406.2,38720.08,,0.51%,2014,2,17,0,0.0,0.51,0.5093469262360095,39894.845714285715,41047.55,39351.04422222222,0.8472427018720291,686.1199999999953,0.0,1
2014-02-18,38972.56,38964.75,39504.45,38658.82,,0.02%,2014,2,18,1,0.0,0.02,0.020043757498755532,39637.56857142857,40963.058666666664,39373.78577777778,0.8458937635332657,845.6299999999974,0.0,1
2014-02-19,39397.09,39211.29,39397.09,39024.54,,1.09%,2014,2,19,2,0.0,1.09,1.089304885283382,39458.89571428572,40882.73733333333,39402.006555555556,0.8623156729842005,372.54999999999563,0.0,0
2014-02-20,38816.19,39397.09,39501.58,38544.43,,-1.47%,2014,2,20,3,0.0,-1.47,-1.4744743837679208,39224.97857142857,40782.24733333334,39423.24733333333,0.8917579763403333,957.1500000000015,0.0,0
2014-02-21,38295.74,38816.19,38816.48,38227.71,,-1.34%,2014,2,21,4,0.0,-1.34,-1.3408065036779826,38941.68142857142,40680.00366666667,39434.75944444445,0.9001525510194748,588.7700000000041,0.0,1
2014-02-24,38707.14,38287.2,38707.14,38187.57,,1.07%,2014,2,24,0,0.0,1.07,1.0742709241289061,38845.822857142855,40587.554333333326,39454.142888888884,0.9275387853506081,519.5699999999997,0.0,1
2014-02-25,39160.1,38707.14,39273.71,38707.14,,1.17%,2014,2,25,1,0.0,1.17,1.1702233748088764,38901.938571428575,40511.518000000004,39478.237111111106,0.96184214360778,566.5699999999997,0.0,0
2014-02-26,38862.87,39160.81,39364.49,38791.27,,-0.76%,2014,2,26,2,0.0,-0.76,-0.7590123620726086,38887.38428571429,40419.90866666667,39498.36744444445,0.9606212008027322,573.2200000000012,0.0,1
2014-02-27,38885.93,38862.87,38910.19,38724.68,,0.06%,2014,2,27,3,0.0,0.06,0.059336842595514305,38875.008571428574,40324.74733333334,39516.46277777778,0.9568785448792454,185.51000000000204,0.0,1
2014-02-28,39558.89,38885.93,39585.96,38882.31,,1.73%,2014,2,28,4,0.0,1.73,1.7306002453843838,38898.12285714286,40251.65866666667,39541.970888888885,1.0211461334012535,703.6500000000015,0.0,1
2014-03-03,39564.43,39558.89,39610.5,39267.42,,0.01%,2014,3,3,0,0.0,0.01,0.014004437434933514,39005.014285714286,40188.096999999994,39566.37455555556,1.0173104862518212,343.08000000000175,0.0,0
2014-03-04,39199.41,39564.43,39625.62,38995.11,,-0.92%,2014,3,4,1,0.0,-0.92,-0.9225963826598682,39134.11,40097.02300000001,39586.27288888889,0.9978760226729511,630.510000000002,0.0,0
2014-03-05,39127.41,39199.27,39276.71,39038.21,,-0.18%,2014,3,5,2,0.0,-0.18,-0.18367623390249666,39194.14857142857,40018.93866666666,39603.11466666667,0.9838890597710697,238.5,0.0,0
2014-03-06,38944.62,39127.41,39130.32,38911.8,,-0.47%,2014,3,6,3,0.0,-0.47,-0.46716611194045354,39163.36571428571,39918.509333333335,39619.58888888889,0.9504674611642929,218.5199999999968,0.0,1
2014-03-07,38952.47,38944.62,38983.09,38718.52,,0.02%,2014,3,7,4,0.0,0.02,0.020156827823702983,39176.16571428572,39819.67333333334,39638.19033333334,0.9513220577336001,264.5699999999997,0.0,1
2014-03-10,39172.76,38952.47,39179.82,38949.67,,0.57%,2014,3,10,0,0.0,0.57,0.5655353819667974,39217.141428571435,39737.094000000005,39656.614888888886,0.9592981012769602,230.15000000000146,0.0,1
2014-03-11,39269.4,39172.76,39327.55,39071.91,,0.25%,2014,3,11,1,0.0,0.25,0.24670204499248616,39175.78571428572,39673.085333333336,39677.685,0.9469580813806784,255.63999999999942,0.0,0
2014-03-12,39150.3,39269.4,39399.68,38928.17,,-0.30%,2014,3,12,2,0.0,-0.3,-0.3032895842564387,39116.624285714286,39618.35966666667,39694.65788888889,0.9350563747777961,471.51000000000204,0.0,0
2014-03-13,38503.65,39150.3,39150.75,38487.06,,-1.65%,2014,3,13,3,0.0,-1.65,-1.651711481138074,39017.23,39548.42333333333,39702.856,0.9738811602039967,663.6900000000023,0.0,0
2014-03-14,38171.32,38503.65,38512.79,37892.03,,-0.86%,2014,3,14,4,0.0,-0.86,-0.8631129776008328,38880.64571428572,39468.41333333334,39705.45277777778,0.9817653112311356,620.760000000002,0.0,0
2014-03-17,37888.47,38171.32,38171.37,37881.12,,-0.74%,2014,3,17,0,0.0,-0.74,-0.7410013591355957,38729.76714285714,39352.48166666667,39703.611000000004,0.8972943710080968,290.25,0.0,0
2014-03-18,37274.04,37888.47,37996.11,37193.61,,-1.62%,2014,3,18,1,0.0,-1.62,-1.6216806854433607,38489.991428571426,39226.119333333336,39694.15388888889,0.9267295569228856,802.5,0.0,0
2014-03-19,37136.6,37273.17,37728.91,37108.32,,-0.37%,2014,3,19,2,0.0,-0.37,-0.3687284769775534,38199.111428571436,39101.38233333334,39683.161555555555,0.9264322603625786,620.5900000000038,0.0,1
2014-03-20,37308.6,37136.6,37374.65,37111.19,,0.46%,2014,3,20,3,0.0,0.46,0.46315494687181324,37918.99714285714,38986.13033333333,39676.91411111111,0.9372799102801553,263.4599999999991,0.0,1
2014-03-21,37790.12,37308.6,37805.65,37383.42,,1.29%,2014,3,21,4,0.0,1.29,1.2906407637917283,37724.68571428571,38886.68433333333,39675.71211111111,0.9795804074549083,422.2300000000032,0.0,0
2014-03-24,37601.53,37790.49,37791.05,37494.3,,-0.50%,2014,3,24,0,0.0,-0.5,-0.4990457823367711,37595.811428571425,38785.142,39668.02255555556,0.9806017218744212,296.75,0.0,1
2014-03-25,37728.5,37601.53,37738.93,37567.51,,0.34%,2014,3,25,1,0.0,0.34,0.3376724298186806,37532.55142857142,38694.30500000001,39665.57133333334,0.9854941364219697,171.41999999999825,0.0,1
2014-03-26,37820.22,37728.5,37820.22,37617.32,,0.24%,2014,3,26,2,0.0,0.24,0.24310534476590373,37522.80142857142,38612.35166666667,39666.097555555556,0.988366347881962,202.90000000000146,0.0,1
2014-03-27,38186.93,37820.22,38187.36,37698.8,,0.97%,2014,3,27,3,0.0,0.97,0.9696136088050311,37653.21428571428,38572.64433333334,39669.46866666667,0.9329398294703745,488.5599999999977,0.0,1
2014-03-28,38331.78,38186.93,38363.49,37914.98,,0.38%,2014,3,28,4,0.0,0.38,0.37931826412858083,37823.95428571429,38558.12733333334,39672.557888888885,0.8950637103327829,448.50999999999476,0.0,1
2014-03-31,38748.01,38331.78,38748.01,38007.39,,1.09%,2014,3,31,0,0.0,1.09,1.0858613922964278,38029.58428571429,38550.90266666667,39678.02622222222,0.9131332644428081,740.6200000000026,0.0,0
2014-04-01,38383.05,38748.01,38801.22,38234.37,,-0.94%,2014,4,1,1,0.0,-0.94,-0.9418806281922598,38114.28857142857,38531.25233333334,39673.219666666664,0.9286334789878196,566.8499999999985,0.0,1
2014-04-02,38469.33,38379.29,38472.78,38354.55,,0.22%,2014,4,2,2,0.0,0.22,0.22478672226411422,38238.26,38500.327000000005,39665.99133333334,0.905288343039085,118.22999999999593,0.0,1
2014-04-03,38545.88,38469.33,38559.33,38450.97,,0.20%,2014,4,3,3,0.0,0.2,0.19898968866884914,38355.02857142857,38491.316666666666,39658.21166666666,0.8668517655052846,108.36000000000058,0.0,1
2014-04-04,38712.76,38545.88,38745.68,38465.15,,0.43%,2014,4,4,4,0.0,0.43,0.43293861756432683,38482.53428571428,38505.217333333334,39652.553222222225,0.8334817893607162,280.52999999999884,0.0,0
2014-04-07,38626.11,38712.76,38739.23,38563.39,,-0.22%,2014,4,7,0,0.0,-0.22,-0.22382800916287415,38545.27428571428,38502.51633333333,39648.67488888889,0.8113080390054613,175.84000000000378,0.0,1
2014-04-08,38881.76,38626.11,38881.76,38606.71,,0.66%,2014,4,8,1,0.0,0.66,0.6618580022684117,38623.84285714286,38493.23833333333,39647.23544444444,0.7909957375766948,275.0500000000029,0.0,1
2014-04-09,39017.66,38881.76,39027.67,38827.22,,0.35%,2014,4,9,2,0.0,0.35,0.34952121508904366,38662.364285714284,38498.39800000001,39648.224444444444,0.7811498595370518,200.4499999999971,0.0,0
2014-04-10,38969.26,39017.66,39025.91,38873.38,,-0.12%,2014,4,10,3,0.0,-0.12,-0.12404639335111822,38746.10857142857,38501.17566666667,39648.76233333334,0.7815181123603394,152.5300000000061,0.0,1
2014-04-11,39083.66,38969.26,39085.67,38836.5,,0.29%,2014,4,11,4,0.0,0.29,0.29356472255310795,38833.869999999995,38485.33466666667,39649.19111111111,0.7135079089886752,249.16999999999825,0.0,0
2014-04-14,38987.5,39083.66,39083.66,38856.81,,-0.25%,2014,4,14,0,0.0,-0.25,-0.24603632310792323,38896.95857142857,38466.10366666667,39649.54755555555,0.7144356655754653,226.85000000000582,0.0,1
2014-04-15,39217.65,38987.5,39219.82,38987.5,,0.59%,2014,4,15,1,0.0,0.59,0.5903174094260999,38969.08571428572,38466.71166666666,39652.07477777778,0.7037770856545413,232.3199999999997,0.0,1
2014-04-16,39298.97,39217.77,39334.88,39204.66,,0.21%,2014,4,16,2,0.0,0.21,0.2073556166674928,39065.20857142857,38472.43033333334,39656.89844444444,0.7038033598579834,130.2199999999939,0.0,1
2014-04-17,39311.6,39298.97,39341.5,39213.63,,0.03%,2014,4,17,3,0.0,0.03,0.032138246880264454,39126.61428571429,38484.66299999999,39663.27011111111,0.6978378570149781,127.87000000000262,0.0,0
2014-04-22,39016.55,39325.98,39443.09,39210.54,,-0.75%,2014,4,22,1,0.0,-0.75,-0.7505418248048845,39126.455714285716,38486.799,39666.25944444445,0.7123853982066847,232.54999999999563,0.0,1
2014-04-23,39194.09,39022.25,39198.27,38866.92,,0.46%,2014,4,23,2,0.0,0.46,0.4550376699118619,39158.57428571429,38487.51,39668.84266666667,0.709683567716576,331.34999999999854,0.0,0
2014-04-24,39011.9,39194.09,39242.8,38922.79,,-0.46%,2014,4,24,3,0.0,-0.46,-0.4648404899820213,39148.322857142855,38478.926666666666,39670.706333333335,0.7131829311463753,320.01000000000204,0.0,0
2014-04-25,38898.14,39011.9,39078.47,38891.83,,-0.29%,2014,4,25,4,0.0,-0.29,-0.2916033312912236,39135.55714285715,38470.52133333333,39671.33577777778,0.713025732637483,186.63999999999942,0.0,0
2014-04-28,38598.33,38857.01,38858.0,38547.62,,-0.77%,2014,4,28,0,0.0,-0.77,-0.7707566480042449,39047.08285714286,38473.67733333333,39668.744,0.6596084334136468,310.3799999999974,0.0,0
2014-04-29,38487.25,38598.33,38664.74,38378.02,,-0.29%,2014,4,29,1,0.0,-0.29,-0.2877844715043376,38931.12285714286,38484.208333333336,39655.32077777778,0.6414529500252253,286.72000000000116,0.0,0
2014-04-30,38485.56,38480.6,38556.73,38361.39,,0.00%,2014,4,30,2,0.0,0.0,-0.004391064573339154,38813.11714285715,38504.111333333334,39648.15622222222,0.6248262842624711,195.34000000000378,0.0,1
2014-05-02,38572.2,38485.56,38639.4,38109.91,,0.23%,2014,5,2,4,0.0,0.23,0.22512339693121497,38749.63857142858,38547.38333333333,39639.14366666667,0.5391381738772039,529.489999999998,0.0,0
2014-05-05,38447.89,38572.2,38572.2,38379.37,,-0.32%,2014,5,5,0,0.0,-0.32,-0.3222787396103821,38643.038571428566,38591.09299999999,39624.559888888885,0.5377642877501975,192.82999999999447,0.0,1
2014-05-06,38474.07,38452.11,38514.81,38386.27,,0.07%,2014,5,6,1,0.0,0.07,0.06809216318501843,38566.205714285716,38629.942,39612.463444444445,0.5338213927029052,128.54000000000087,0.0,1
2014-05-07,38579.39,38474.07,38588.72,38338.02,,0.27%,2014,5,7,2,0.0,0.27,0.27374280911793836,38520.67,38656.251000000004,39597.71488888889,0.48601637445982554,250.70000000000437,0.0,1
2014-05-08,38640.43,38585.99,38648.52,38500.14,,0.16%,2014,5,8,3,0.0,0.16,0.15821919423817388,38526.684285714284,38690.881,39584.18377777778,0.4741463251835105,148.37999999999738,0.0,0
2014-05-09,38554.19,38640.43,38648.16,38498.89,,-0.22%,2014,5,9,4,0.0,-0.22,-0.22318592210283095,38536.24714285714,38718.403999999995,39565.545,0.4751806141104088,149.27000000000407,0.0,1
2014-05-12,38560.69,38554.19,38690.0,38530.2,,0.02%,2014,5,12,0,0.0,0.02,0.01685938674889087,38546.979999999996,38743.086333333325,39544.306777777776,0.4741867235869655,159.8000000000029,0.0,1
2014-05-13,38955.02,38560.69,38955.02,38560.29,,1.02%,2014,5,13,1,0.0,1.02,1.0226217425051143,38601.66857142857,38768.68933333333,39517.92711111111,0.4777562518241651,394.7299999999959,0.0,1
2014-05-14,39138.98,38955.02,39189.21,38941.61,,0.47%,2014,5,14,2,0.0,0.47,0.47223695431295454,38700.39571428572,38795.596,39494.71033333333,0.4801426712091948,247.59999999999854,0.0,0
2014-05-15,38957.46,39138.97,39352.3,38922.44,,-0.46%,2014,5,15,3,0.0,-0.46,-0.46378316450761403,38769.451428571425,38802.57766666667,39467.010111111114,0.44953405118950807,429.8600000000006,0.0,1
2014-05-16,39022.1,38957.46,39049.2,38868.69,,0.17%,2014,5,16,4,0.0,0.17,0.16592457516479975,38832.69571428571,38823.87933333333,39439.39677777778,0.4118020642650806,180.50999999999476,0.0,0
2014-05-19,39007.4,39018.34,39073.97,38980.2,,-0.04%,2014,5,19,0,0.0,-0.04,-0.03767096081450649,38885.12,38841.81500000001,39408.29311111112,0.41087672607426107,93.77000000000407,0.0,1
2014-05-20,39162.49,39007.4,39475.3,38987.16,,0.40%,2014,5,20,1,0.0,0.4,0.3975912262801362,38972.020000000004,38862.36866666667,39378.644222222225,0.4149872949083751,488.1399999999994,0.0,0
2014-05-21,39102.77,39162.49,39263.41,38895.74,,-0.15%,2014,5,21,2,0.0,-0.15,-0.15249285732342743,39049.46,38875.36899999999,39353.53,0.4102792528198581,367.67000000000553,0.0,1
2014-05-22,39552.99,39102.77,39552.99,39094.98,,1.15%,2014,5,22,3,0.0,1.15,1.1513762324254717,39134.88428571429,38906.26500000001,39332.11188888889,0.45485576439271236,458.00999999999476,0.0,1
2014-05-23,39831.83,39552.99,40294.2,39552.99,,0.70%,2014,5,23,4,0.0,0.7,0.7049783088459494,39233.862857142856,38937.934,39314.23011111111,0.45682148347910556,741.2099999999991,0.0,0
2014-05-26,39755.47,39831.82,39875.05,39740.85,,-0.19%,2014,5,26,0,0.0,-0.19,-0.1917059798658527,39347.864285714284,38962.52766666666,39293.61144444445,0.4565591885874097,134.20000000000437,0.0,1
2014-05-27,40061.24,39755.46,40061.35,39668.06,,0.77%,2014,5,27,1,0.0,0.77,0.7691268648062799,39496.31285714286,38998.926999999996,39274.95,0.4727448114318861,393.2900000000009,0.0,1
2014-05-28,40286.76,40061.24,40311.19,40061.24,,0.56%,2014,5,28,2,0.0,0.56,0.5629381417050494,39679.07857142857,39039.03033333333,39258.67455555555,0.47919505195214374,249.95000000000437,0.0,1
2014-05-30,41474.4,40286.75,41480.47,40285.87,,2.95%,2014,5,30,4,0.0,2.95,2.947966031520033,40009.35142857143,39121.927,39258.70922222222,0.702118475938489,1194.5999999999985,0.0,1
2014-06-02,41501.4,41474.39,41777.8,41362.62,,0.07%,2014,6,2,0,0.0,0.07,0.06510039928244726,40352.01285714286,39198.052,39253.92888888889,0.6988147733726221,415.1800000000003,0.0,0
2014-06-03,41397.68,41501.39,41656.33,41359.39,,-0.25%,2014,6,3,1,0.0,-0.25,-0.24991927983152307,40615.54,39268.00899999999,39253.126,0.7034216190957411,296.9400000000023,0.0,1
2014-06-04,41627.42,41397.67,41667.48,41296.22,,0.55%,2014,6,4,2,0.0,0.55,0.5549586353631453,40872.05285714286,39345.203,39249.45844444444,0.706207083499499,371.26000000000204,0.0,0
2014-06-05,41570.09,41627.42,41863.03,41549.89,,-0.14%,2014,6,5,3,0.0,-0.14,-0.13772172284518547,41131.28428571428,39430.320999999996,39245.59777777777,0.6865522405165695,313.1399999999994,0.0,0
2014-06-06,41529.11,41570.07,41617.36,40977.9,,-0.10%,2014,6,6,4,0.0,-0.1,-0.09858049381176182,41340.979999999996,39508.155,39244.253,0.687284161040812,639.4599999999991,0.0,1
2014-06-09,41642.55,41529.09,41700.95,41489.2,,0.27%,2014,6,9,0,0.0,0.27,0.273157792208889,41534.66428571429,39595.84333333334,39249.285111111116,0.6759537716896182,211.75,0.0,0
2014-06-10,41521.42,41608.48,41621.63,41428.09,,-0.29%,2014,6,10,1,0.0,-0.29,-0.2908803615532807,41541.381428571425,39683.286,39257.388999999996,0.6759349180535265,193.54000000000087,0.0,1
2014-06-11,41642.55,41521.4,41749.4,41472.67,,0.29%,2014,6,11,2,0.0,0.29,0.2917289437596393,41561.54571428571,39784.76,39268.953555555556,0.6495555536707567,276.7300000000032,0.0,0
2014-06-12,41228.65,41642.56,41675.04,41199.93,,-0.99%,2014,6,12,3,0.0,-0.99,-0.9939352897457066,41537.39857142857,39876.14,39276.25388888889,0.6819062292945811,475.1100000000006,0.0,1
2014-06-13,41517.1,41228.66,41685.35,41208.88,,0.70%,2014,6,13,4,0.0,0.7,0.6996348413057296,41521.638571428564,39977.191333333336,39277.92811111111,0.685600475597526,476.47000000000116,0.0,0
2014-06-16,41449.51,41517.11,41517.37,41350.34,,-0.16%,2014,6,16,0,0.0,-0.16,-0.16280038827374277,41504.41285714286,40073.10166666667,39282.20144444444,0.6898345444044379,167.0300000000061,0.0,0
2014-06-17,41135.4,41449.52,41508.15,41128.12,,-0.76%,2014,6,17,1,0.0,-0.76,-0.7578135423072618,41448.16857142858,40162.685333333335,39285.053555555554,0.7065091682982135,380.02999999999884,0.0,1
2014-06-18,41171.47,41135.7,41359.77,41121.8,,0.09%,2014,6,18,2,0.0,0.09,0.0876860319821926,41380.87142857142,40252.598666666665,39289.557,0.7063654219570321,237.9699999999939,0.0,0
2014-06-19,41068.93,41171.17,41235.9,40995.56,,-0.25%,2014,6,19,3,0.0,-0.25,-0.24905596035312838,41316.23,40335.583333333336,39292.839555555554,0.7116403057543192,240.34000000000378,0.0,1
2014-06-20,41129.27,41068.95,41382.66,41068.95,,0.15%,2014,6,20,4,0.0,0.15,0.14692372068130233,41242.904285714285,40418.54466666667,39298.18922222222,0.711672228141593,313.7100000000064,0.0,1
2014-06-23,41577.47,41129.29,41582.14,41121.57,,1.09%,2014,6,23,0,0.0,1.09,1.0897348773756699,41292.735714285714,40519.320666666674,39310.676555555554,0.724326249867813,460.5699999999997,0.0,1
2014-06-24,41740.52,41577.49,41793.98,41577.49,,0.39%,2014,6,24,1,0.0,0.39,0.392159503692735,41324.65285714286,40625.31500000001,39326.91766666667,0.7233211105924077,216.49000000000524,0.0,1
2014-06-25,41987.55,41740.54,41987.57,41545.97,,0.59%,2014,6,25,2,0.0,0.59,0.5918230055591112,41401.51571428571,40726.399333333335,39355.911,0.7119897849284174,441.59999999999854,0.0,0
2014-06-26,41729.59,41987.12,41987.12,41685.53,,-0.61%,2014,6,26,3,0.0,-0.61,-0.6143725937807876,41486.4,40812.753000000004,39388.82544444445,0.7278936926186662,301.5900000000038,0.0,1
2014-06-27,42187.62,41729.61,42265.75,41638.77,,1.10%,2014,6,27,4,0.0,1.1,1.0976144265975485,41631.56428571429,40920.425,39424.635111111114,0.7333829020997217,626.9800000000032,0.0,1
2014-06-30,42482.48,42187.64,42482.49,41984.8,,0.70%,2014,6,30,0,0.0,0.7,0.6989254193528804,41833.5,41035.771,39463.63422222222,0.7372594366648877,497.68999999999505,0.0,1
2014-07-01,42611.3,42482.49,42649.56,42443.33,,0.30%,2014,7,1,1,0.0,0.3,0.3032308848259335,42045.218571428566,41155.90099999999,39499.34766666667,0.7347180056390756,206.22999999999593,0.0,0
2014-07-02,42609.75,42611.32,42735.16,42567.38,,0.00%,2014,7,2,2,0.0,0.0,-0.0036375327671311908,42192.68714285714,41270.80966666666,39541.49833333334,0.7364844000151209,167.7800000000061,0.0,1
2014-07-03,42686.86,42609.47,42704.17,42370.25,,0.18%,2014,7,3,3,0.0,0.18,0.18096797094562245,42327.87857142858,41390.27933333334,39590.288555555555,0.7321700208559934,333.91999999999825,0.0,1
2014-07-04,43031.81,42686.58,43046.58,42624.48,,0.81%,2014,7,4,4,0.0,0.81,0.8080941067110547,42477.05857142858,41506.24,39638.340444444446,0.7209259460590003,422.09999999999854,0.0,0
2014-07-07,42758.02,43031.83,43113.09,42758.04,,-0.64%,2014,7,7,0,0.0,-0.64,-0.6362502530105063,42623.97714285715,41603.77966666667,39678.31733333333,0.7353544438428583,355.04999999999563,0.0,1
2014-07-08,42861.78,42758.04,42946.37,42071.19,,0.24%,2014,7,8,1,0.0,0.24,0.24266792522198433,42720.28571428572,41707.32333333334,39722.74966666667,0.7308405035107534,875.1800000000003,0.0,1
2014-07-09,43039.42,42861.8,43067.76,42758.96,,0.41%,2014,7,9,2,0.0,0.41,0.4144484900067136,42799.84857142857,41806.596000000005,39768.89955555555,0.7250601230063141,308.8000000000029,0.0,0
2014-07-10,43004.38,43039.45,43141.53,42710.88,,-0.08%,2014,7,10,3,0.0,-0.08,-0.08141373652340578,42856.00285714285,41897.183333333334,39807.18277777778,0.7247635795728996,430.65000000000146,0.0,0
2014-07-11,42832.82,43005.19,43075.85,42755.06,,-0.40%,2014,7,11,4,0.0,-0.4,-0.39893610836848614,42887.869999999995,41942.464,39843.49822222222,0.5187320894566038,320.7900000000009,0.0,1
2014-07-14,42930.6,42832.85,42947.6,42709.49,,0.23%,2014,7,14,0,0.0,0.23,0.22828289148366654,42922.69,41990.10400000001,39884.955888888886,0.5191136456020381,238.11000000000058,0.0,1
2014-07-15,42971.56,42930.63,43001.51,42907.61,,0.10%,2014,7,15,1,0.0,0.1,0.09540980093452056,42914.08285714286,42042.566666666666,39927.66866666667,0.514569416820792,93.90000000000146,0.0,1
2014-07-16,43030.27,42971.59,43255.04,42954.63,,0.14%,2014,7,16,2,0.0,0.14,0.13662524702384715,42952.975714285705,42089.32833333333,39973.06477777778,0.5081650944663312,300.4100000000035,0.0,0
2014-07-17,42918.55,43030.3,43030.3,42862.4,,-0.26%,2014,7,17,3,0.0,-0.26,-0.25963118520984096,42961.08571428571,42134.277,40017.13233333333,0.5107102383458098,167.90000000000146,0.0,0
2014-07-18,42891.82,42918.55,42944.42,42833.57,,-0.06%,2014,7,18,4,0.0,-0.06,-0.062280762048116944,42940.0,42179.700666666664,40058.45522222223,0.5102473848140726,110.84999999999854,0.0,0
2014-07-21,42784.3,42891.85,42937.93,42768.29,,-0.25%,2014,7,21,0,0.0,-0.25,-0.250677168746849,42908.56,42217.759,40097.509666666665,0.5133872124199607,169.63999999999942,0.0,0
2014-07-22,42664.95,42784.33,42876.98,42650.33,,-0.28%,2014,7,22,1,0.0,-0.28,-0.278957468043195,42884.57857142857,42255.87666666667,40136.56133333333,0.5130855376804516,226.65000000000146,0.0,0
2014-07-23,42544.33,42664.98,42728.03,42533.96,,-0.28%,2014,7,23,2,0.0,-0.28,-0.2827144998411968,42829.397142857146,42285.936,40181.45777777778,0.5160800666848655,194.0699999999997,0.0,0
2014-07-24,42529.74,0.0,42891.82,42529.74,,-0.03%,2014,7,24,3,0.0,-0.03,-0.03429364147937708,42766.280000000006,42329.305666666674,40229.884666666665,0.4758590054131925,362.08000000000175,0.0,0
2014-07-25,42285.82,42529.77,42543.61,42112.37,,-0.57%,2014,7,25,4,0.0,-0.57,-0.5735280770585383,42659.93,42354.92966666666,40278.74411111111,0.4777410878638253,431.23999999999796,0.0,1
2014-07-30,42368.99,42285.85,42527.89,41858.73,,0.20%,2014,7,30,2,0.0,0.2,0.19668531909751152,42581.42142857143,42385.579,40335.354666666666,0.4764075279442874,669.1599999999962,0.0,0
2014-07-31,42097.49,42369.02,42466.05,42039.06,,-0.64%,2014,7,31,3,0.0,-0.64,-0.6407988484030458,42467.94571428571,42417.64866666667,40390.475666666665,0.46979330953360826,426.99000000000524,0.0,0
2014-08-01,41934.4,42097.49,42107.39,41886.66,,-0.39%,2014,8,1,4,0.0,-0.39,-0.3874102707786098,42346.53142857143,42443.07966666667,40441.87344444445,0.47740699562788647,220.72999999999593,0.0,0
2014-08-04,41801.51,41934.43,41992.02,41704.38,,-0.32%,2014,8,4,0,0.0,-0.32,-0.31689972910069475,42223.182857142856,42467.498999999996,40486.444444444445,0.4790905570435551,287.6399999999994,0.0,1
2014-08-05,42292.93,41801.54,42373.72,41780.07,,1.18%,2014,8,5,1,0.0,1.18,1.1756034650422853,42187.26857142857,42506.28766666666,40538.57111111111,0.520540993263523,593.6500000000015,0.0,1
2014-08-06,42339.84,42292.95,42444.17,42238.39,,0.11%,2014,8,6,2,0.0,0.11,0.11091688374391673,42160.14,42531.7,40589.80822222222,0.4854954893059839,205.77999999999884,0.0,1
2014-08-07,42612.33,42339.86,42615.04,42314.79,,0.64%,2014,8,7,3,0.0,0.64,0.643578246871046,42206.78428571428,42560.760333333325,40643.05388888889,0.4935002024776677,300.25,0.0,0
2014-08-08,42598.46,42612.35,42674.99,42579.26,,-0.03%,2014,8,8,4,0.0,-0.03,-0.0325492644969283,42239.565714285716,42581.123999999996,40692.07088888889,0.4838096425709172,95.72999999999593,0.0,0
2014-08-11,42012.73,42598.47,42598.47,42007.5,,-1.38%,2014,8,11,0,0.0,-1.38,-1.3750027583156688,42227.45714285714,42590.562000000005,40732.97033333333,0.5368155748954484,590.9700000000012,0.0,1
2014-08-12,42092.73,42012.81,42168.36,42012.69,,0.19%,2014,8,12,1,0.0,0.19,0.19041847554299718,42250.07571428572,42587.399,40770.133888888886,0.49842700262322986,155.66999999999825,0.0,0
2014-08-13,41863.6,42092.75,42111.9,41863.6,,-0.54%,2014,8,13,2,0.0,-0.54,-0.5443457813261499,42258.94571428571,42566.76966666666,40808.80666666667,0.48937224512333966,248.3000000000029,0.0,0
2014-08-14,41551.71,41753.21,41757.6,41545.85,,-0.75%,2014,8,14,3,0.0,-0.75,-0.7450147622278025,42153.05714285715,42531.45,40843.05533333333,0.5007388015995589,211.75,0.0,0
2014-08-15,41380.05,41750.41,41784.29,41388.66,,-0.41%,2014,8,15,4,0.0,-0.41,-0.4131237920172115,42015.944285714286,42490.46,40874.54611111111,0.504079582154376,395.6299999999974,0.0,0
2014-08-18,41341.08,41379.49,41532.04,41303.67,,-0.09%,2014,8,18,0,0.0,-0.09,-0.09417581660727814,41834.33714285714,42445.600666666665,40903.74966666666,0.5013558626415386,228.37000000000262,0.0,1
2014-08-19,41812.14,41370.65,41728.38,41370.43,,1.14%,2014,8,19,1,0.0,1.14,1.1394477357630661,41722.00571428571,42404.94499999999,40939.15,0.5252572503863446,357.9499999999971,0.0,0
2014-08-20,41789.56,41812.17,41844.7,41569.93,,-0.05%,2014,8,20,2,0.0,-0.05,-0.054003454499107484,41690.124285714286,42372.66299999999,40971.45888888889,0.5152088463637333,274.7699999999968,0.0,0
2014-08-21,41767.33,41789.58,41790.58,41441.62,,-0.05%,2014,8,21,3,0.0,-0.05,-0.053195104231762436,41643.63857142858,42336.181333333334,41002.01077777778,0.5117372785639206,348.9599999999991,0.0,0
2014-08-22,41564.19,41767.35,41767.35,41538.7,,-0.49%,2014,8,22,4,0.0,-0.49,-0.486360990755208,41600.86571428571,42287.007,41030.84333333333,0.5078391504271339,228.65000000000146,0.0,0
2014-08-25,41339.48,41564.21,41564.21,41311.73,,-0.54%,2014,8,25,0,0.0,-0.54,-0.5406336560390024,41570.54714285715,42231.51033333333,41055.908,0.5136809247776319,252.47999999999593,0.0,0
2014-08-26,41235.25,41339.5,41392.99,41107.06,,-0.25%,2014,8,26,1,0.0,-0.25,-0.2521318603910916,41549.861428571436,42178.258,41080.883,0.511728642360897,285.9300000000003,0.0,0
2014-08-27,41121.12,41235.27,41407.01,41025.86,,-0.28%,2014,8,27,2,0.0,-0.28,-0.27677775689488593,41518.438571428575,42117.942,41102.03266666667,0.5079873194554103,381.15000000000146,0.0,1
2014-08-28,41359.87,41121.14,41362.03,41004.25,,0.58%,2014,8,28,3,0.0,0.58,0.5806018902208887,41453.82857142857,42064.219000000005,41124.93155555555,0.5233055980657926,357.77999999999884,0.0,1
2014-08-29,41532.33,41359.89,41595.29,41359.81,,0.42%,2014,8,29,4,0.0,0.42,0.41697423130198086,41417.08142857143,42014.28766666667,41149.60633333333,0.5306097542199474,235.4800000000032,0.0,0
2014-09-01,41398.05,41532.33,41557.57,41375.4,,-0.32%,2014,9,1,0,0.0,-0.32,-0.32331439146322527,41364.327142857146,41963.60433333334,41176.067444444445,0.531328286079199,182.16999999999825,0.0,0
2014-09-02,41264.65,41398.05,41474.27,41034.21,,-0.32%,2014,9,2,1,0.0,-0.32,-0.3222374000707795,41321.53571428572,41909.365333333335,41199.07366666666,0.5324932598068509,440.0599999999977,0.0,0
2014-09-03,41207.79,41264.65,41371.94,41173.91,,-0.14%,2014,9,3,2,0.0,-0.14,-0.13779348667685154,41302.72285714286,41856.814999999995,41223.472444444444,0.5319911698164361,198.02999999999884,0.0,0
2014-09-04,41017.49,41207.79,41214.16,40961.71,,-0.46%,2014,9,4,3,0.0,-0.46,-0.46180588670249323,41271.614285714284,41801.899666666664,41247.020777777776,0.5348708948374608,252.45000000000437,0.0,1
2014-09-05,41160.62,41017.49,41163.27,40902.1,,0.35%,2014,9,5,4,0.0,0.35,0.348948704564811,41277.25714285715,41755.77599999999,41275.490666666665,0.5410408881779788,261.16999999999825,0.0,1
2014-09-08,41214.81,41160.62,41248.49,41146.94,,0.13%,2014,9,8,0,0.0,0.13,0.13165496535278987,41256.53428571428,41711.94499999999,41305.79688888889,0.5426741510736028,101.54999999999563,0.0,0
2014-09-09,40868.02,41214.82,41224.07,40798.92,,-0.84%,2014,9,9,1,0.0,-0.84,-0.8414208387713118,41161.63285714285,41664.685000000005,41332.26866666667,0.5527899832968499,425.15000000000146,0.0,1
2014-09-10,40885.4,40868.02,40924.76,40815.26,,0.04%,2014,9,10,2,0.0,0.04,0.042527139802728264,41088.397142857146,41615.232,41357.970888888885,0.5505321326011755,109.5,0.0,0
2014-09-11,40757.2,40885.4,40885.84,40658.06,,-0.31%,2014,9,11,3,0.0,-0.31,-0.3135593634891798,41015.90428571428,41570.555666666674,41383.62988888889,0.5429918925984445,227.77999999999884,0.0,0
2014-09-12,40672.94,40757.2,40824.97,40613.9,,-0.21%,2014,9,12,4,0.0,-0.21,-0.20673647846268794,40939.49714285714,41528.507,41408.06177777778,0.5407646941198494,211.0699999999997,0.0,1
2014-09-15,40769.0,40672.94,40933.12,40620.42,,0.24%,2014,9,15,0,0.0,0.24,0.23617668159714444,40903.99857142857,41494.09,41432.39077777778,0.5425522019000718,312.70000000000437,0.0,0
2014-09-16,40648.15,40769.0,40771.47,40379.2,,-0.30%,2014,9,16,1,0.0,-0.3,-0.2964262061860734,40830.78857142857,41439.263999999996,41454.698777777776,0.48880461248784296,392.2700000000041,0.0,1
2014-09-17,40729.49,40648.16,41118.89,40517.47,,0.20%,2014,9,17,2,0.0,0.2,0.20010750796775056,40761.45714285714,41385.58566666666,41478.868777777774,0.4905945718167066,601.4199999999983,0.0,0
2014-09-18,40683.45,40729.49,40745.5,40576.93,,-0.11%,2014,9,18,3,0.0,-0.11,-0.11303848881977219,40735.090000000004,41321.28966666667,41502.455,0.4685122378170747,168.5699999999997,0.0,1
2014-09-19,41049.27,40683.45,41049.27,40612.76,,0.90%,2014,9,19,4,0.0,0.9,0.8991862784498261,40758.5,41269.65000000001,41525.724444444444,0.5061579231478107,436.50999999999476,0.0,0
2014-09-22,40984.12,41049.27,41082.68,40703.86,,-0.16%,2014,9,22,0,0.0,-0.16,-0.1587117139963623,40790.91714285714,41235.363,41546.226,0.4476801899612715,378.8199999999997,0.0,0
2014-09-23,40537.2,40984.11,41048.81,40498.45,,-1.09%,2014,9,23,1,0.0,-1.09,-1.0904711385775867,40771.525714285715,41183.511999999995,41563.778666666665,0.4807028426257747,550.3600000000006,0.0,1
2014-09-24,40809.32,40537.2,40809.32,40339.14,,0.67%,2014,9,24,2,0.0,0.67,0.6712846471882639,40777.28571428572,41148.369333333336,41583.63666666667,0.4950963785714734,470.1800000000003,0.0,0
2014-09-25,40780.0,40809.32,40836.6,40345.73,,-0.07%,2014,9,25,3,0.0,-0.07,-0.07184633314154532,40796.12142857142,41122.64566666667,41603.33222222222,0.47909131153355927,490.86999999999534,0.0,1
2014-09-26,40819.72,40780.0,40864.53,40575.57,,0.10%,2014,9,26,4,0.0,0.1,0.09740068661108214,40809.01142857143,41103.968,41621.74588888889,0.47521709225214115,288.9599999999991,0.0,1
2014-09-29,41105.38,40819.72,41140.21,40781.88,,0.70%,2014,9,29,0,0.0,0.7,0.6998088178948647,40869.287142857145,41096.111333333334,41643.997111111115,0.49408132335636923,358.33000000000175,0.0,1
2014-09-30,41210.1,41105.38,41214.53,40769.9,,0.25%,2014,9,30,1,0.0,0.25,0.2547598392229844,40892.26285714286,41076.043333333335,41662.40944444444,0.4467589569098606,444.6299999999974,0.0,0
2014-10-02,41135.56,41210.1,41272.9,41109.71,,-0.18%,2014,10,2,3,0.0,-0.18,-0.1808779886484202,40913.897142857146,41054.24333333333,41676.895333333334,0.44742395909101557,163.19000000000233,0.0,0
2014-10-03,41103.94,41135.56,41138.56,40730.33,,-0.08%,2014,10,3,4,0.0,-0.08,-0.0768678000250711,40994.86,41032.13033333333,41691.878333333334,0.4474477491762889,408.2299999999959,0.0,0
2014-10-08,40995.02,41103.75,41216.9,40854.06,,-0.26%,2014,10,8,2,0.0,-0.26,-0.2649867628261582,41021.388571428564,41013.158,41702.25366666667,0.4418342022052378,362.8400000000038,0.0,0
2014-10-09,40572.25,40995.02,41067.33,40560.89,,-1.03%,2014,10,9,3,0.0,-1.03,-1.031271603233752,40991.71,40987.583666666666,41705.425777777775,0.469054604180691,506.4400000000023,0.0,0
2014-10-10,40444.39,40572.25,40578.86,40301.02,,-0.32%,2014,10,10,4,0.0,-0.32,-0.31514150681808406,40938.09142857143,40961.221666666665,41693.981222222224,0.4700782419861505,277.8400000000038,0.0,0
2014-10-13,40051.29,40444.39,40459.32,40051.29,,-0.97%,2014,10,13,0,0.0,-0.97,-0.9719518578472752,40787.50714285714,40925.560666666664,41677.868888888894,0.4973021925996029,408.02999999999884,0.0,0
2014-10-14,39681.71,40051.29,40051.94,39286.8,,-0.92%,2014,10,14,1,0.0,-0.92,-0.9227667822934049,40569.16571428572,40869.622,41658.80255555556,0.5034553336265886,765.1399999999994,0.0,0
2014-10-15,39278.47,39681.71,39682.38,39258.9,,-1.02%,2014,10,15,2,0.0,-1.02,-1.0161860464178551,40303.86714285715,40794.49333333333,41632.703111111114,0.5169170243302207,423.4799999999959,0.0,0
2014-10-16,38490.67,39278.47,39278.47,37838.92,,-2.01%,2014,10,16,3,0.0,-2.01,-2.005678938105282,39930.54285714286,40697.58066666666,41598.48733333334,0.6145339954383532,1439.550000000003,0.0,0
2014-10-17,38197.73,38490.67,38616.33,37790.92,,-0.76%,2014,10,17,4,0.0,-0.76,-0.7610675522145893,39530.93,40595.35,41561.472,0.6217249075728555,825.4100000000035,0.0,1
2014-10-20,38662.65,38197.73,38888.83,38197.73,,1.22%,2014,10,20,0,0.0,1.22,1.2171403902797362,39258.13,40510.511999999995,41528.362,0.6772813024783138,691.0999999999985,0.0,1
2014-10-21,38776.67,38662.65,38848.33,38662.65,,0.29%,2014,10,21,1,0.0,0.29,0.2949099453865678,39019.88428571429,40435.818,41497.86477777778,0.6816592628043905,185.6800000000003,0.0,1
2014-10-22,39113.62,38776.67,38994.26,38683.32,,0.87%,2014,10,22,2,0.0,0.87,0.8689503250279174,38885.93142857143,40367.58466666666,41469.765555555554,0.7020081549900719,310.9400000000023,0.0,0
2014-10-23,38979.3,38994.16,38994.16,38755.9,,-0.34%,2014,10,23,3,0.0,-0.34,-0.34340978922431376,38785.58714285714,40293.06766666667,41444.772777777776,0.7003834551817054,238.26000000000204,0.0,0
2014-10-24,38967.72,38979.3,39152.1,38692.48,,-0.03%,2014,10,24,4,0.0,-0.03,-0.029708075824863567,38741.194285714286,40229.72433333333,41416.44633333333,0.6896810966560688,459.61999999999534,0.0,0
2014-10-27,38724.15,38967.72,38984.37,38485.03,,-0.63%,2014,10,27,0,0.0,-0.63,-0.6250558154287655,38774.548571428575,40157.68266666667,41386.16455555556,0.6938028398095551,499.3400000000038,0.0,0
2014-10-28,38286.56,38724.15,38746.46,38199.43,,-1.13%,2014,10,28,1,0.0,-1.13,-1.1300183477235826,38787.23857142858,40075.327999999994,41354.51077777778,0.7149723566303768,547.0299999999988,0.0,0
2014-10-29,38148.18,38286.56,38299.25,38015.72,,-0.36%,2014,10,29,2,0.0,-0.36,-0.3614323146294618,38713.74285714286,39991.16933333334,41320.91866666667,0.7155373439967352,283.52999999999884,0.0,0
2014-10-30,37979.99,38148.18,38153.36,37810.67,,-0.44%,2014,10,30,3,0.0,-0.44,-0.4408860396485581,38599.93142857143,39898.202333333335,41286.59711111111,0.7116165184442613,342.6900000000023,0.0,0
2014-10-31,37550.24,37979.99,37983.19,37255.85,,-1.13%,2014,10,31,4,0.0,-1.13,-1.131516885602124,38376.59142857143,39794.93866666667,41246.830111111114,0.7302530112931,727.3400000000038,0.0,0
2014-11-03,37343.85,37550.24,37575.07,36842.87,,-0.55%,2014,11,3,0,0.0,-0.55,-0.549636966368261,38142.955714285716,39682.084,41199.78988888889,0.7267381372801855,732.1999999999971,0.0,0
2014-11-04,36744.46,37343.85,37365.05,36744.46,,-1.61%,2014,11,4,1,0.0,-1.61,-1.6050567898060808,37825.34714285714,39550.78433333333,41144.27811111111,0.7645415240039167,620.5900000000038,0.0,0
2014-11-05,35958.38,36744.46,36737.33,35872.17,,-2.14%,2014,11,5,2,0.0,-2.14,-2.139315695481714,37430.23714285714,39381.087999999996,41077.287333333334,0.7958833088943902,865.1600000000035,0.0,0
2014-11-06,34494.93,35958.38,35958.38,34332.15,,-4.07%,2014,11,6,3,0.0,-4.07,-4.069844080851248,36888.57571428571,39164.78166666666,40996.90222222222,1.0335273541997192,1626.229999999996,0.0,0
2014-11-07,33225.75,34304.46,34304.46,33063.84,,-3.68%,2014,11,7,4,0.0,-3.68,-3.6793233092515365,36185.37142857143,38921.066666666666,40897.32588888888,1.1768270392450668,1240.6200000000026,0.0,0
2014-11-10,33224.84,33225.75,33234.28,32647.38,,0.00%,2014,11,10,0,0.0,0.0,-0.0027388396048322328,35506.06428571428,38668.25066666667,40794.46322222222,1.156918781580902,586.8999999999978,0.0,1
2014-11-11,33670.75,33234.28,33683.59,33109.07,,1.34%,2014,11,11,1,0.0,1.34,1.3420982614212873,34951.85142857143,38431.27566666667,40695.12377777778,1.209983358003513,574.5199999999968,0.0,1
2014-11-12,33967.48,33670.75,34125.36,33232.1,,0.88%,2014,11,12,2,0.0,0.88,0.8812693509945735,34469.51285714285,38202.867666666665,40599.09855555556,1.234434274613365,893.260000000002,0.0,1
2014-11-13,34515.47,33967.48,34515.47,33581.92,,1.61%,2014,11,13,3,0.0,1.61,1.6132783474075651,34151.08571428571,37983.204,40508.30533333333,1.2781739322569445,933.5500000000029,0.0,1
2014-11-14,35381.02,34515.47,35381.02,34311.58,,2.51%,2014,11,14,4,0.0,2.51,2.5077161052710517,34068.60571428571,37788.901333333335,40423.29655555556,1.3897830339077215,1069.439999999995,0.0,1
2014-11-17,35488.8,35396.22,36102.33,35393.73,,0.30%,2014,11,17,0,0.0,0.3,0.30462660488590476,34210.58714285714,37600.676,40342.527444444444,1.3964098260480988,708.5999999999985,0.0,0
2014-11-18,34896.5,35488.8,35500.07,34825.39,,-1.67%,2014,11,18,1,0.0,-1.67,-1.6689772547958892,34449.26571428571,37393.761333333336,40254.024333333335,1.410684018555073,674.6800000000003,0.0,0
2014-11-19,34145.79,34902.59,34918.69,34145.79,,-2.15%,2014,11,19,2,0.0,-2.15,-2.1512472597538412,34580.83,37165.45366666667,40155.20622222222,1.439987597607226,772.9000000000015,0.0,0
2014-11-20,33428.76,33665.58,33701.23,32854.72,,-2.10%,2014,11,20,3,0.0,-2.1,-2.099907484934449,34546.26,36927.33733333334,40048.81044444445,1.4641057641741817,846.510000000002,0.0,1
2014-11-21,33926.18,33428.76,33926.18,33114.15,,1.49%,2014,11,21,4,0.0,1.49,1.4880001531615283,34540.36,36710.06366666666,39949.84777777778,1.5137746934341503,812.0299999999988,0.0,0
2014-11-24,33875.26,34235.87,34305.88,33773.88,,-0.15%,2014,11,24,0,0.0,-0.15,-0.15009057901596012,34448.90142857143,36504.196,39849.23288888889,1.5137411002117218,532.0,0.0,1
2014-11-25,34115.84,33875.26,34115.84,33707.16,,0.71%,2014,11,25,1,0.0,0.71,0.710193811058546,34268.16142857143,36318.666999999994,39750.835999999996,1.5289910817041867,408.679999999993,0.0,1
2014-11-26,34583.29,34115.84,34712.9,34115.84,,1.37%,2014,11,26,2,0.0,1.37,1.37018464150378,34138.80285714286,36162.16099999999,39656.98066666666,1.5624408867069535,597.060000000005,0.0,1
2014-11-27,34705.48,34583.29,35006.34,34581.26,,0.35%,2014,11,27,3,0.0,0.35,0.35332092464308573,34111.514285714286,36035.988,39565.72433333333,1.5386258489658886,425.07999999999447,0.0,0
2014-11-28,34543.05,34705.48,34809.76,34172.24,,-0.47%,2014,11,28,4,0.0,-0.47,-0.4680240699739602,34168.26571428571,35914.16533333333,39472.960222222224,1.536743027009783,637.5200000000041,0.0,0
2014-12-01,33914.25,34555.39,34555.39,33889.88,,-1.82%,2014,12,1,0,0.0,-1.82,-1.820337231367819,34237.62142857143,35755.88533333333,39374.404111111115,1.5318157743243492,665.510000000002,0.0,0
2014-12-02,33550.73,33914.25,33949.44,33307.02,,-1.07%,2014,12,2,1,0.0,-1.07,-1.0718798145322284,34183.985714285714,35581.687333333335,39273.135,1.5300088149094957,642.4200000000055,0.0,0
2014-12-03,33255.67,33550.73,33690.7,33204.57,,-0.88%,2014,12,3,2,0.0,-0.88,-0.8794443518814754,34095.47285714286,35386.42233333333,39169.92766666666,1.5104233980262844,486.1299999999974,0.0,0
2014-12-04,33175.78,33255.67,33435.7,33129.07,,-0.24%,2014,12,4,3,0.0,-0.24,-0.24022971120413183,33961.17857142857,35192.971666666665,39065.99477777778,1.5109761516023579,306.6299999999974,0.0,1
2014-12-05,33228.29,33175.78,33333.19,32828.1,,0.16%,2014,12,5,4,0.0,0.16,0.15827811734947517,33767.607142857145,35001.65733333333,38965.35555555556,1.5134878707777732,505.0900000000038,0.0,0
2014-12-08,33075.8,33228.29,33228.29,32824.37,,-0.46%,2014,12,8,0,0.0,-0.46,-0.4589161825661159,33534.79571428571,34813.379,38862.09788888889,1.5133886111508699,403.91999999999825,0.0,0
2014-12-09,32932.49,33075.8,33129.7,32556.25,,-0.43%,2014,12,9,1,0.0,-0.43,-0.43327750198031145,33304.71571428572,34634.909999999996,38760.26455555556,1.508932750916756,573.4499999999971,0.0,0
2014-12-10,32203.62,32932.41,32936.61,32150.7,,-2.21%,2014,12,10,2,0.0,-2.21,-2.213224690875182,33060.340000000004,34436.758,38652.14477777777,1.5410361761050995,785.9099999999999,0.0,0
2014-12-11,31062.03,32203.62,32220.81,30993.29,,-3.54%,2014,12,11,3,0.0,-3.54,-3.544912031628744,32704.811428571433,34206.15933333334,38532.81722222223,1.6347109368803152,1227.5200000000004,0.0,0
2014-12-12,30763.38,31062.03,31089.22,30208.32,,-0.96%,2014,12,12,4,0.0,-0.96,-0.9614632398461942,32348.77,33979.93066666667,38404.71111111111,1.6332957048057581,880.9000000000015,0.0,0
2014-12-15,30492.3,30763.38,30772.59,30091.76,,-0.88%,2014,12,15,0,0.0,-0.88,-0.8811775559122603,31965.415714285715,33751.545666666665,38273.071777777775,1.63371972509426,680.8300000000017,0.0,0
2014-12-16,29789.59,30492.3,30538.2,29770.25,,-2.30%,2014,12,16,1,0.0,-2.3,-2.3045490172928895,31474.172857142858,33519.71666666667,38130.59688888889,1.6525505634280222,767.9500000000007,0.0,0
2014-12-17,28961.67,29789.59,29791.45,28849.14,,-2.78%,2014,12,17,2,0.0,-2.78,-2.7792258973688533,30886.440000000002,33286.493,37979.077000000005,1.67595146578662,942.3100000000013,0.0,1
2014-12-18,29311.25,28961.67,29311.25,28414.5,,1.21%,2014,12,18,3,0.0,1.21,1.2070436545958962,30369.120000000003,33113.70366666667,37837.94944444445,1.5850712439873478,896.75,0.0,1
2014-12-19,30306.51,29311.25,30306.51,29311.25,,3.40%,2014,12,19,4,0.0,3.4,3.395488080515152,30098.104285714282,33016.39566666667,37706.991444444444,1.6259861440176968,995.2599999999984,0.0,1
2014-12-22,31371.93,30306.51,31586.33,30304.87,,3.52%,2014,12,22,0,0.0,3.52,3.515482317165519,30142.37571428571,32954.632,37590.41733333333,1.768310053507198,1281.4600000000028,0.0,1
2014-12-23,32786.0,31371.93,32803.65,31370.41,,4.51%,2014,12,23,1,0.0,4.51,4.507437062367536,30431.321428571428,32925.14033333333,37493.02055555556,1.9473824513864786,1433.2400000000016,0.0,1
2014-12-24,34428.82,32786.0,34428.82,32786.0,,5.01%,2014,12,24,2,0.0,5.01,5.010736289879825,30993.681428571428,32940.51833333333,37415.78466666667,2.152153811913123,1642.8199999999997,0.0,1
2014-12-29,34663.92,34428.82,35134.06,34421.54,,0.68%,2014,12,29,0,0.0,0.68,0.6828581403603096,31690.014285714286,32945.46666666667,37341.594,2.1357463963197385,712.5199999999968,0.0,1
2014-12-30,34684.32,34664.4,35144.37,34243.72,,0.06%,2014,12,30,1,0.0,0.06,0.058850816641631276,32507.535714285714,32922.24333333333,37262.396,2.084201184548966,900.6500000000015,0.0,0
2014-12-31,34657.15,34684.32,35340.92,34149.8,,-0.08%,2014,12,31,2,0.0,-0.08,-0.07833510935200128,33271.235714285714,32894.52166666666,37183.147,2.0831554260846823,1191.1199999999953,0.0,0
2015-01-05,33943.29,34657.15,34657.26,33805.43,,-2.06%,2015,1,5,0,0.0,-2.06,-2.0597769868555327,33790.775714285715,32862.748,37096.21322222222,2.094764743287466,851.8300000000017,0.0,0
2015-01-06,32522.31,33943.29,33994.43,32507.38,,-4.19%,2015,1,6,1,0.0,-4.19,-4.186335502539674,33955.11571428572,32808.632000000005,36995.74788888889,2.194998549840548,1487.0499999999993,0.0,0
2015-01-07,31167.54,32522.31,32522.31,31148.78,,-4.17%,2015,1,7,2,0.0,-4.17,-4.165663509141881,33723.90714285714,32733.257999999998,36882.72633333333,2.289019599406499,1373.5300000000025,0.0,0
2015-01-08,30420.54,31167.54,31167.54,30418.91,,-2.40%,2015,1,8,3,0.0,-2.4,-2.3967242843034753,33151.29571428571,32616.403333333332,36762.56288888889,2.299625413619862,748.630000000001,0.0,0
2015-01-09,30143.02,30420.54,30704.34,30080.84,,-0.91%,2015,1,9,4,0.0,-0.91,-0.9122783487735653,32505.452857142856,32491.995333333332,36640.583999999995,2.301693403142999,623.5,0.0,1
2015-01-12,30234.72,30160.3,30234.72,29353.54,,0.30%,2015,1,12,0,0.0,0.3,0.3042163658452335,31869.795714285716,32362.624666666667,36516.97122222222,2.296354178461378,881.1800000000003,0.0,0
2015-01-13,29889.86,30218.82,30221.78,29445.0,,-1.14%,2015,1,13,1,0.0,-1.14,-1.1406092068985574,31188.754285714287,32206.177,36387.61044444444,2.2761687017181496,776.7799999999988,0.0,0
2015-01-14,28740.61,29889.86,29937.53,28699.71,,-3.84%,2015,1,14,2,0.0,-3.84,-3.8449494243198212,30445.514285714282,32007.347999999998,36246.97222222222,2.3522220067215387,1237.8199999999997,0.0,1
2015-01-15,28811.39,28740.61,29123.27,28726.61,,0.25%,2015,1,15,3,0.0,0.25,0.24627173883922104,29915.382857142857,31816.292666666668,36108.602666666666,2.3572141544020937,396.65999999999985,0.0,1
2015-01-16,29032.29,28811.39,29364.93,28811.39,,0.77%,2015,1,16,4,0.0,0.77,0.76671066546945,29610.347142857147,31653.560666666668,35973.31933333333,2.3574522178448936,553.5400000000009,0.0,1
2015-01-19,29773.4,29034.89,29847.55,29034.89,,2.55%,2015,1,19,0,0.0,2.55,2.5527094142418605,29517.898571428574,31527.649666666668,35848.385,2.4186867756766763,812.6599999999999,0.0,1
2015-01-20,29819.39,29773.4,30139.82,29743.63,,0.15%,2015,1,20,1,0.0,0.15,0.15446673876680084,29471.66571428572,31413.107000000004,35722.37133333333,2.418531206804275,396.1899999999987,0.0,0
2015-01-21,29759.04,29819.39,29905.8,29743.12,,-0.20%,2015,1,21,2,0.0,-0.2,-0.20238509238451607,29403.711428571427,31299.215666666667,35595.085,2.4185920516609727,162.6800000000003,0.0,0
2015-01-22,29687.93,29759.04,29773.74,29601.78,,-0.24%,2015,1,22,3,0.0,-0.24,-0.23895260062152257,29374.864285714284,31181.203666666665,35470.861777777776,2.4168939731345005,171.96000000000276,0.0,1
2015-01-23,29812.05,29687.93,29812.05,29687.93,,0.42%,2015,1,23,4,0.0,0.42,0.41808236545963773,29527.927142857145,31072.412,35347.824555555555,2.420790336703545,124.11999999999898,0.0,0
2015-01-26,29779.17,29812.05,29856.82,29572.64,,-0.11%,2015,1,26,0,0.0,-0.11,-0.11029097294550372,29666.181428571428,30967.301333333333,35225.84644444444,2.420975658191607,284.1800000000003,0.0,1
2015-01-27,29859.06,29779.17,29920.08,29738.46,,0.27%,2015,1,27,1,0.0,0.27,0.26827477058628535,29784.291428571425,30889.14933333334,35105.69222222222,2.3958512022294833,181.62000000000262,0.0,1
2015-01-28,29907.66,29859.06,29988.46,29817.11,,0.16%,2015,1,28,2,0.0,0.16,0.1627646684121853,29803.471428571425,30850.67033333333,34985.01066666667,2.3128251177017582,171.34999999999854,0.0,0
2015-01-29,29642.38,29907.66,29922.47,29590.92,,-0.89%,2015,1,29,3,0.0,-0.89,-0.8869968429492614,29778.184285714284,30813.303666666667,34862.72433333333,2.3119088785460162,331.5500000000029,0.0,0
2015-01-30,29562.07,29642.38,29660.45,29465.66,,-0.27%,2015,1,30,4,0.0,-0.27,-0.2709296621931201,29750.045714285716,30782.296,34738.64188888889,2.3074598179285446,194.79000000000087,0.0,1
2015-02-02,29882.28,29562.07,29884.28,29562.07,,1.08%,2015,2,2,0,0.0,1.08,1.083178546021979,29777.81,30785.38566666667,34618.62888888889,2.2774152602665514,322.2099999999991,0.0,1
2015-02-03,30018.35,29882.28,30300.75,29771.53,,0.46%,2015,2,3,1,0.0,0.46,0.4553534736974507,29807.28142857143,30820.608333333334,34496.063111111114,2.2152891129821106,529.2200000000012,0.0,1
2015-02-04,30617.96,30018.35,30668.44,30002.86,,2.00%,2015,2,4,2,0.0,2.0,1.9974782091620735,29927.108571428573,30864.16533333333,34380.883555555556,2.2330082063191385,665.5799999999981,0.0,0
2015-02-05,30200.97,30617.96,30682.77,30151.34,,-1.36%,2015,2,5,3,0.0,-1.36,-1.3619130732419715,29975.95285714286,30860.64733333333,34266.036555555555,2.1638694662796967,531.4300000000003,0.0,0
2015-02-06,29985.08,30200.97,30264.86,29968.74,,-0.71%,2015,2,6,4,0.0,-0.71,-0.7148445894287536,29987.01285714286,30814.419,34145.76722222222,2.0631092614534245,296.119999999999,0.0,0
2015-02-09,29360.55,29985.08,30055.86,29357.02,,-2.08%,2015,2,9,0,0.0,-2.08,-2.0828025137835326,29946.75142857143,30700.237333333334,34018.88444444445,1.8964156781196178,698.8400000000001,0.0,0
2015-02-10,29125.69,29360.55,29368.17,28965.68,,-0.80%,2015,2,10,1,0.0,-0.8,-0.7999168952897651,29884.411428571428,30523.466333333334,33888.95077777778,1.6042832574038506,402.48999999999796,0.0,0
2015-02-11,28721.27,29125.69,29127.44,28630.97,,-1.39%,2015,2,11,2,0.0,-1.39,-1.3885336278728455,29718.552857142855,30325.378000000004,33751.34955555556,1.594229578684537,496.4699999999975,0.0,0
2015-02-12,27917.9,28721.27,28721.27,27905.55,,-2.80%,2015,2,12,3,0.0,-2.8,-2.7971256145706613,29418.48857142857,30099.830666666665,33603.658444444445,1.6374462258939868,815.7200000000012,0.0,0
2015-02-13,27585.26,27935.77,28038.5,27395.73,,-1.19%,2015,2,13,4,0.0,-1.19,-1.1914936295351786,28985.245714285713,29864.101000000002,33453.09955555556,1.635304580040392,642.7700000000004,0.0,1
2015-02-16,27728.63,27585.26,27730.63,27423.51,,0.52%,2015,2,16,0,0.0,0.52,0.5197340898726477,28632.054285714286,29656.945666666667,33304.485,1.631588265499833,307.1200000000026,0.0,1
2015-02-17,28452.6,27728.63,28575.12,27680.14,,2.61%,2015,2,17,1,0.0,2.61,2.610911538002414,28413.12857142857,29521.288666666664,33165.124777777775,1.5964132687171964,894.9799999999996,0.0,1
2015-02-18,29177.58,28452.6,29227.81,28452.6,,2.55%,2015,2,18,2,0.0,2.55,2.548027245313267,28386.989999999998,29454.95666666667,33038.51733333334,1.523926297545774,775.2100000000028,0.0,1
2015-02-19,29282.04,29177.58,29426.16,29074.94,,0.36%,2015,2,19,3,0.0,0.36,0.35801461258953005,28409.325714285715,29417.006666666664,32914.49122222222,1.4695460588925433,351.22000000000116,0.0,1
2015-02-20,29383.93,29282.04,29460.45,29036.52,,0.35%,2015,2,20,4,0.0,0.35,0.3479607295120202,28503.99142857143,29391.703666666665,32795.965000000004,1.4640185723957788,423.9300000000003,0.0,1
2015-02-23,29793.13,29383.93,29854.38,29383.93,,1.39%,2015,2,23,0,0.0,1.39,1.3925979268260003,28771.88142857143,29376.984,32686.09188888889,1.4870337667490077,470.4500000000007,0.0,1
2015-02-24,30145.6,29793.13,30171.43,29790.46,,1.18%,2015,2,24,1,0.0,1.18,1.1830579734321223,29137.644285714287,29385.50866666667,32584.615555555556,1.4881543080011619,380.97000000000116,0.0,1
2015-02-25,30195.56,30167.54,30217.67,30050.76,,0.17%,2015,2,25,2,0.0,0.17,0.16572899527627083,29490.062857142857,29434.007,32492.447666666667,1.2947788245410672,166.90999999999985,0.0,0
2015-02-26,30045.56,30195.56,30223.74,30019.95,,-0.50%,2015,2,26,3,0.0,-0.5,-0.4967617755723075,29717.62857142857,29475.146,32401.868000000002,1.300420116624165,203.79000000000087,0.0,1
2015-02-27,30103.81,30045.56,30154.53,29906.91,,0.19%,2015,2,27,4,0.0,0.19,0.19387223935916076,29849.947142857145,29510.863333333335,32306.769777777776,1.2952183353292486,247.61999999999898,0.0,1
2015-03-02,30267.18,30103.81,30267.18,30103.81,,0.54%,2015,3,2,0,0.0,0.54,0.5426887825826565,29990.681428571428,29527.322666666663,32212.21988888889,1.215022712971854,163.36999999999898,0.0,1
2015-03-03,30601.13,30267.18,30606.38,30267.18,,1.10%,2015,3,3,1,0.0,1.1,1.1033403177963752,30164.567142857144,29553.380666666664,32117.636666666665,1.2297743109168608,339.2000000000007,0.0,1
2015-03-04,30614.93,30601.13,30741.34,30535.54,,0.05%,2015,3,4,2,0.0,0.05,0.04509637389207288,30281.967142857146,29581.910333333337,32024.699222222225,1.2285497857008383,205.79999999999927,0.0,0
2015-03-05,30365.05,30614.93,30648.9,30301.47,,-0.82%,2015,3,5,3,0.0,-0.82,-0.8162030747743021,30313.317142857144,29604.480999999996,31929.113999999998,1.2385513556476777,347.4300000000003,0.0,1
2015-03-06,31049.37,30365.05,31108.92,30365.05,,2.25%,2015,3,6,4,0.0,2.25,2.253643580366238,30435.29,29645.725,31843.838666666667,1.2995331226157862,743.869999999999,0.0,1
2015-03-09,31195.93,31049.37,31552.95,31049.37,,0.47%,2015,3,9,0,0.0,0.47,0.47202245971496026,30599.62857142857,29692.950333333334,31765.05388888889,1.2999558611411215,503.58000000000175,0.0,1
2015-03-10,31355.28,31190.45,31450.64,31190.45,,0.51%,2015,3,10,1,0.0,0.51,0.5108038131897308,30778.41,29742.824333333334,31689.57722222222,1.301385142314619,260.1899999999987,0.0,0
2015-03-11,30869.17,31355.28,31401.75,30804.53,,-1.55%,2015,3,11,2,0.0,-1.55,-1.5503290036000372,30864.408571428572,29774.874666666667,31610.56811111111,1.3388180309995774,597.2200000000012,0.0,1
2015-03-12,30973.8,30869.17,31002.66,30802.54,,0.34%,2015,3,12,3,0.0,0.34,0.33894659299229524,30917.647142857142,29819.255333333334,31537.496555555554,1.325852017863652,200.11999999999898,0.0,0
2015-03-13,30719.36,30973.8,31027.63,30712.13,,-0.82%,2015,3,13,4,0.0,-0.82,-0.8214684668978234,30932.565714285713,29857.831666666665,31463.891111111112,1.3357247030506847,315.5,0.0,0
2015-03-16,29929.56,30719.36,30719.9,29922.25,,-2.57%,2015,3,16,0,0.0,-2.57,-2.57101710452301,30870.352857142858,29859.407666666666,31388.170000000002,1.4109360465755119,797.6500000000015,0.0,0
2015-03-17,29553.69,29929.56,29949.44,29436.82,,-1.26%,2015,3,17,1,0.0,-1.26,-1.2558487328246826,30656.684285714287,29843.918999999998,31317.006777777777,1.4270134764871243,512.619999999999,0.0,0
2015-03-18,29434.46,29561.23,29561.23,29241.93,,-0.40%,2015,3,18,2,0.0,-0.4,-0.4034352393897378,30405.045714285716,29804.468999999997,31260.779333333336,1.3750608864748537,319.2999999999993,0.0,0
2015-03-19,29243.91,29413.2,29448.15,29188.88,,-0.65%,2015,3,19,3,0.0,-0.65,-0.6473704630558852,30103.42142857143,29772.567,31216.53666666667,1.3589402737732532,259.27000000000044,0.0,1
2015-03-20,29334.23,29243.91,29336.15,29178.86,,0.31%,2015,3,20,4,0.0,0.31,0.3088506290711557,29884.144285714283,29750.871999999996,31173.307666666668,1.3557752622703452,157.29000000000087,0.0,1
2015-03-23,29505.47,29334.23,29515.39,29277.47,,0.58%,2015,3,23,0,0.0,0.58,0.5837548829473294,29674.382857142857,29755.702666666668,31127.026777777774,1.305346054492775,237.91999999999825,0.0,1
2015-03-24,29584.0,29505.47,29639.57,29374.1,,0.27%,2015,3,24,1,0.0,0.27,0.2661540385562322,29512.188571428567,29770.979666666666,31078.321444444442,1.2966062851923856,265.47000000000116,0.0,1
2015-03-25,29889.91,29584.0,29926.16,29564.89,,1.03%,2015,3,25,2,0.0,1.03,1.0340386695511183,29506.524285714284,29809.93433333333,31026.926333333333,1.2785823688123577,361.27000000000044,0.0,1
2015-03-26,30073.1,29889.84,30076.25,29889.84,,0.61%,2015,3,26,3,0.0,0.61,0.6128824074746353,29580.725714285712,29881.77433333333,30967.949444444446,1.153873685724724,186.40999999999985,0.0,1
2015-03-27,30562.93,30073.1,30577.3,30050.9,,1.63%,2015,3,27,4,0.0,1.63,1.628797829289308,29741.93571428571,29981.030000000002,30913.217555555555,1.1468603379264757,526.3999999999978,0.0,1
2015-03-30,31090.81,30570.39,31090.81,30568.03,,1.73%,2015,3,30,0,0.0,1.73,1.7271904231695112,30005.778571428567,30093.10266666667,30870.932111111106,1.1739405661238016,522.7800000000025,0.0,1
2015-03-31,31753.15,31090.81,31753.15,31082.23,,2.13%,2015,3,31,1,0.0,2.13,2.130340123013852,30351.338571428576,30203.121,30844.347222222223,1.1455085237893132,670.9200000000019,0.0,1
2015-04-01,34392.56,31753.15,34423.74,31753.15,,8.31%,2015,4,1,2,0.0,8.31,8.312277679537283,31049.49428571429,30376.953666666665,30855.05611111111,1.812305770564675,2670.5899999999965,0.0,1
2015-04-02,35728.12,34380.14,35843.39,34380.14,,3.88%,2015,4,2,3,0.0,3.88,3.8832817330259894,31927.225714285716,30591.823,30875.077666666664,1.9100740373639753,1463.25,0.0,0
2015-04-07,34941.79,35728.12,35729.2,34832.62,,-2.20%,2015,4,7,1,0.0,-2.2,-2.2008714704272236,32648.92285714286,30777.085000000003,30886.928,1.9808431421274568,896.5799999999945,0.0,0
2015-04-08,34175.24,34941.79,34941.79,33990.33,,-2.19%,2015,4,8,2,0.0,-2.19,-2.1937914457158647,33234.94285714286,30923.155333333336,30887.588000000003,2.038585451126793,951.4599999999991,0.0,1
2015-04-09,34520.14,34175.24,34664.99,33994.45,,1.01%,2015,4,9,3,0.0,1.01,1.00921017672444,33800.258571428574,31068.973333333335,30886.886333333332,2.036758368373064,670.5400000000009,0.0,1
2015-04-10,34930.02,34520.14,34967.61,34590.36,,1.19%,2015,4,10,4,0.0,1.19,1.1873648252874958,34348.717142857146,31226.788666666664,30889.381222222222,2.039995873297243,377.25,0.0,1
2015-04-13,35191.56,34930.02,35191.56,34715.4,,0.75%,2015,4,13,0,0.0,0.75,0.74875422344447,34839.91857142857,31398.322,30896.586888888887,2.031535688226224,476.1599999999962,0.0,0
2015-04-14,35043.44,35190.23,35539.03,34989.44,,-0.42%,2015,4,14,1,0.0,-0.42,-0.4208963740169436,34932.90142857143,31562.976333333332,30909.133444444444,2.0383178339900088,549.5899999999965,0.0,0
2015-04-15,34965.88,35042.33,35084.52,34947.29,,-0.22%,2015,4,15,2,0.0,-0.22,-0.22132530368024206,34824.009999999995,31719.599666666665,30924.857333333333,2.042886342374276,137.22999999999593,0.0,0
2015-04-16,34832.62,34965.88,35194.66,34792.32,,-0.38%,2015,4,16,3,0.0,-0.38,-0.3811143892274216,34808.41428571428,31860.64933333333,30942.378999999997,2.0457896744933293,402.3400000000038,0.0,1
2015-04-17,35005.42,34832.62,35056.99,34762.42,,0.50%,2015,4,17,4,0.0,0.5,0.4960867141202474,34927.01142857143,32006.999,30962.708333333332,2.0443505577427583,294.5699999999997,0.0,0
2015-04-20,34730.95,35005.42,35073.89,34719.68,,-0.78%,2015,4,20,0,0.0,-0.78,-0.7840785798313599,34957.12714285714,32152.529,30979.404555555557,2.0436633519631724,354.2099999999991,0.0,0
2015-04-21,34510.81,34721.61,34764.27,34354.6,,-0.63%,2015,4,21,1,0.0,-0.63,-0.6338438770030708,34897.24,32267.910333333337,30995.34911111111,2.0245930105221315,409.66999999999825,0.0,1
2015-04-22,34529.46,34507.85,34570.8,34411.48,,0.05%,2015,4,22,2,0.0,0.05,0.05404103815587202,34802.654285714285,32379.028,31013.093222222225,2.025320308682658,159.3199999999997,0.0,0
2015-04-23,34494.36,34529.46,34591.73,34429.71,,-0.10%,2015,4,23,3,0.0,-0.1,-0.10165232818584169,34724.21428571428,32483.663999999997,31038.545888888886,2.0268157259086346,162.02000000000407,0.0,0
2015-04-24,34485.72,34493.37,34493.37,34335.25,,-0.03%,2015,4,24,4,0.0,-0.03,-0.025047572994540968,34655.62,32604.21566666667,31076.586888888887,1.9967254305825857,158.12000000000262,0.0,0
2015-04-27,34317.72,34485.72,34505.72,34297.12,,-0.49%,2015,4,27,0,0.0,-0.49,-0.487158162856971,34582.06285714285,32715.679666666667,31116.079555555552,2.003121023885119,208.59999999999854,0.0,0
2015-04-28,34129.88,34317.72,34319.48,34086.54,,-0.55%,2015,4,28,1,0.0,-0.55,-0.5473557101112858,34456.985714285714,32829.363666666664,31156.497111111115,1.998159670964217,232.94000000000233,0.0,0
2015-04-29,34050.92,34129.88,34226.8,34013.24,,-0.23%,2015,4,29,2,0.0,-0.23,-0.23135153126819796,34359.83857142857,32966.74233333333,31203.845222222226,1.9236720663494575,213.56000000000495,0.0,1
2015-04-30,34708.11,34051.27,34732.54,34034.02,,1.93%,2015,4,30,3,0.0,1.93,1.9300212740213762,34388.02428571429,33138.556333333334,31267.694555555554,1.9142676529839588,698.5200000000041,0.0,0
2015-05-04,34649.28,34708.11,34956.96,34509.36,,-0.17%,2015,5,4,0,0.0,-0.17,-0.1694992899354153,34405.14142857143,33312.38366666667,31327.006,1.9107042305935005,447.59999999999854,0.0,0
2015-05-05,34600.33,34649.96,34830.58,34511.35,,-0.14%,2015,5,5,1,0.0,-0.14,-0.1412727768080546,34420.280000000006,33490.931000000004,31374.71511111111,1.9018697463926324,319.2300000000032,0.0,0
2015-05-06,34427.12,34600.33,34612.56,34391.74,,-0.50%,2015,5,6,2,0.0,-0.5,-0.5006021618868872,34411.908571428576,33660.694,31408.661666666663,1.9115535433679351,220.8199999999997,0.0,0
2015-05-07,34400.48,34427.03,34573.68,34366.27,,-0.08%,2015,5,7,3,0.0,-0.08,-0.0773808555580624,34423.73142857143,33823.861,31426.600333333332,1.9149845094362168,207.4100000000035,0.0,0
2015-05-08,34388.12,34400.48,34436.18,34370.75,,-0.04%,2015,5,8,4,0.0,-0.04,-0.03592973121305798,34460.62285714286,33983.99833333333,31426.148111111113,1.9172132150793255,65.43000000000029,0.0,0
2015-05-11,34342.07,34388.12,34388.29,34211.31,,-0.13%,2015,5,11,0,0.0,-0.13,-0.13391252560478462,34502.21571428572,34132.403666666665,31422.572,1.9182739297336806,176.9800000000032,0.0,0
2015-05-12,34115.49,34341.89,34410.38,34111.51,,-0.66%,2015,5,12,1,0.0,-0.66,-0.6597738575455758,34417.555714285714,34267.15,31416.251666666667,1.9292997054556003,298.86999999999534,0.0,1
2015-05-13,34208.3,34115.49,34419.32,34105.18,,0.27%,2015,5,13,2,0.0,0.27,0.27204651025092286,34354.55857142857,34388.662333333334,31411.26444444444,1.9162981569377084,314.1399999999994,0.0,1
2015-05-14,34416.29,34208.3,34416.29,34199.73,,0.61%,2015,5,14,3,0.0,0.61,0.6080103366726819,34328.26714285715,34499.511666666665,31416.519999999997,1.900264952551617,216.55999999999767,0.0,1
2015-05-15,34439.52,34414.18,34482.51,34374.66,,0.07%,2015,5,15,4,0.0,0.07,0.06749710674798237,34330.03857142857,34589.05733333334,31437.82233333333,1.8709479084713825,107.84999999999854,0.0,1
2015-05-18,34781.46,34439.39,34781.46,34439.39,,0.99%,2015,5,18,0,0.0,0.99,0.992870980780225,34384.46428571428,34602.02066666666,31477.976999999995,1.1114768570062419,342.0699999999997,0.0,0
2015-05-19,34706.93,34781.46,34873.57,34653.19,,-0.21%,2015,5,19,1,0.0,-0.21,-0.21428082662429127,34430.008571428574,34567.981,31525.603555555554,0.8425775931401793,220.37999999999738,0.0,0
2015-05-20,34533.4,34706.93,34733.88,34504.18,,-0.50%,2015,5,20,2,0.0,-0.5,-0.49998660209934487,34457.341428571424,34554.367999999995,31574.385555555556,0.7477517798179196,229.6999999999971,0.0,0
2015-05-21,34459.7,34533.4,34533.88,34446.34,,-0.21%,2015,5,21,3,0.0,-0.21,-0.2134165764158924,34506.514285714286,34563.85,31621.32977777778,0.6286665386165047,87.54000000000087,0.0,0
2015-05-22,34272.09,34459.7,34462.88,34220.11,,-0.54%,2015,5,22,4,0.0,-0.54,-0.5444330623888161,34515.62714285714,34555.581666666665,31670.021222222225,0.6088610013602227,242.7699999999968,0.0,0
2015-05-25,34151.81,34272.09,34315.41,34144.56,,-0.35%,2015,5,25,0,0.0,-0.35,-0.3509561278579709,34477.84428571428,34529.64133333333,31730.145666666664,0.5668006486900236,170.85000000000582,0.0,1
2015-05-26,34298.64,34151.81,34352.94,34147.45,,0.43%,2015,5,26,1,0.0,0.43,0.4299332890409069,34457.71857142857,34499.87733333333,31791.115111111114,0.5536886074726021,205.49000000000524,0.0,1
2015-05-27,34355.31,34298.64,34355.31,33986.05,,0.17%,2015,5,27,2,0.0,0.17,0.1652252100957874,34396.840000000004,34476.939666666665,31850.259777777777,0.5517342543746879,369.25999999999476,0.0,0
2015-05-28,34310.37,34355.31,34417.78,34255.29,,-0.13%,2015,5,28,3,0.0,-0.13,-0.13080947312072988,34340.18857142857,34455.08933333334,31900.670555555556,0.5510948840028385,162.48999999999796,0.0,0
2015-06-01,34044.65,34310.37,34332.94,34044.65,,-0.77%,2015,6,1,0,0.0,-0.77,-0.7744597333109504,34270.36714285715,34428.82366666667,31947.617888888886,0.5634983256233724,288.2900000000009,0.0,1
2015-06-02,34061.89,34044.65,34061.89,33969.82,,0.05%,2015,6,2,1,0.0,0.05,0.05063938093061715,34213.53714285714,34397.37266666666,31995.427333333333,0.5537229787342881,92.06999999999971,0.0,0
2015-06-03,33879.21,34061.89,34065.72,33775.21,,-0.54%,2015,6,3,2,0.0,-0.54,-0.5363178613987718,34157.411428571424,34368.98133333334,32041.997111111108,0.54478269150554,290.51000000000204,0.0,0
2015-06-04,33476.77,33879.21,33887.67,33447.06,,-1.19%,2015,6,4,3,0.0,-1.19,-1.1878671314945133,34060.97714285715,34334.513333333336,32082.71622222222,0.5728274155513304,440.6100000000006,0.0,1
2015-06-05,33664.91,33466.41,33664.91,33172.79,,0.56%,2015,6,5,4,0.0,0.56,0.5620016506969083,33970.444285714286,34305.695,32125.891111111112,0.5849106015538165,492.1200000000026,0.0,0
2015-06-08,33590.33,33664.91,33694.26,33548.63,,-0.22%,2015,6,8,0,0.0,-0.22,-0.22153631184518296,33861.16142857143,34275.56066666667,32167.34966666667,0.5854528305822425,145.63000000000466,0.0,0
2015-06-09,33492.17,33590.33,33612.63,33490.54,,-0.29%,2015,6,9,1,0.0,-0.29,-0.2922269593659932,33744.275714285715,34242.44233333333,32207.177555555554,0.5865116995094202,122.08999999999651,0.0,0
2015-06-10,33462.34,33492.17,33539.98,33419.42,,-0.09%,2015,6,10,2,0.0,-0.09,-0.08906559354022736,33661.08857142857,34213.92966666667,32249.621555555554,0.5818353594484,120.56000000000495,0.0,1
2015-06-11,33556.35,33462.34,33566.03,33425.64,,0.28%,2015,6,11,3,0.0,0.28,0.28094269557956686,33588.86857142857,34194.812,32294.002444444446,0.5786585224012342,140.38999999999942,0.0,1
2015-06-12,33621.75,33556.35,33735.92,33556.35,,0.19%,2015,6,12,4,0.0,0.19,0.1948960479909223,33552.08857142857,34180.50633333334,32335.552111111112,0.5794081416508,179.5699999999997,0.0,1
2015-06-15,33720.64,33621.75,33720.64,33578.61,,0.29%,2015,6,15,0,0.0,0.29,0.2941250827217523,33586.927142857145,34147.59066666667,32376.688666666665,0.45009609414683033,142.02999999999884,0.0,0
2015-06-16,33602.67,33719.45,33730.67,33494.42,,-0.35%,2015,6,16,1,0.0,-0.35,-0.3498450800459296,33578.03571428572,34112.70366666667,32409.85211111111,0.45232172881874533,236.25,0.0,0
2015-06-17,33478.42,33602.67,33621.2,33444.2,,-0.37%,2015,6,17,2,0.0,-0.37,-0.3697622837709025,33562.04857142857,34075.306666666664,32446.268222222225,0.4549359493087279,177.0,0.0,0
2015-06-18,33460.5,33478.42,33549.66,33381.62,,-0.05%,2015,6,18,3,0.0,-0.05,-0.05352701830013684,33557.52428571428,34043.085999999996,32484.884000000002,0.44894242051122296,168.04000000000087,0.0,0
2015-06-19,33257.9,33460.5,33483.37,33223.86,,-0.61%,2015,6,19,4,0.0,-0.61,-0.6054900554384957,33528.31857142857,34005.0,32528.187888888886,0.45852364024770476,259.51000000000204,0.0,1
2015-06-22,33384.59,33257.9,33402.4,33250.14,,0.38%,2015,6,22,0,0.0,0.38,0.3809320492273782,33503.78142857143,33971.549,32575.508999999995,0.46712884155824846,152.26000000000204,0.0,0
2015-06-23,33380.84,33384.59,33487.98,33375.44,,-0.01%,2015,6,23,1,0.0,-0.01,-0.011232727435017686,33469.36571428571,33939.508,32627.282,0.46733709254319533,112.54000000000087,0.0,0
2015-06-24,33266.87,33380.84,33413.66,33229.37,,-0.34%,2015,6,24,2,0.0,-0.34,-0.3414234033655039,33404.54142857143,33911.22066666667,32686.715,0.4575479956666682,184.29000000000087,0.0,0
2015-06-25,33121.65,33266.87,33266.87,33055.36,,-0.44%,2015,6,25,3,0.0,-0.44,-0.4365303979604995,33335.82428571429,33874.998999999996,32748.230444444445,0.456880799206555,211.51000000000204,0.0,0
2015-06-26,32853.49,33121.65,33121.65,32756.16,,-0.81%,2015,6,26,4,0.0,-0.81,-0.8096215013442931,33246.54857142857,33822.905666666666,32805.17333333333,0.4537287671683859,365.4900000000016,0.0,1
2015-06-29,33249.19,32853.49,33249.19,32788.39,,1.20%,2015,6,29,0,0.0,1.2,1.2044382499393658,33216.36142857143,33783.227999999996,32858.46877777778,0.5160511234920644,460.8000000000029,0.0,1
2015-06-30,33456.83,33249.19,33465.31,33030.13,,0.62%,2015,6,30,1,0.0,0.62,0.6244964163036659,33244.78,33739.07366666666,32906.015999999996,0.49260916312251346,435.1800000000003,0.0,0
2015-07-01,32863.43,33456.83,33470.62,32789.83,,-1.77%,2015,7,1,2,0.0,-1.77,-1.7736288823537727,33170.32857142857,33677.62366666667,32945.809222222226,0.5770409472633311,680.7900000000009,0.0,0
2015-07-02,32739.11,32863.35,32869.36,32697.13,,-0.38%,2015,7,2,3,0.0,-0.38,-0.3782928318803003,33078.65285714286,33617.814,32983.089,0.5751396510525131,172.22999999999956,0.0,0
2015-07-03,32538.34,32739.11,32745.16,32531.64,,-0.61%,2015,7,3,4,0.0,-0.61,-0.613242082634502,32974.577142857146,33553.76866666666,33013.59133333334,0.5806405472025021,213.52000000000044,0.0,0
2015-07-06,32444.12,32538.34,32570.59,32382.09,,-0.29%,2015,7,6,0,0.0,-0.29,-0.28956609341472817,32877.787142857145,33492.83633333333,33039.13044444444,0.5771209843386589,188.5,0.0,0
2015-07-07,32380.26,32444.12,32507.26,32322.66,,-0.20%,2015,7,7,1,0.0,-0.2,-0.196830735430642,32810.182857142856,33433.78466666667,33063.40488888889,0.5762405237098375,184.59999999999854,0.0,0
2015-07-08,32031.73,32380.26,32381.47,31994.24,,-1.08%,2015,7,8,2,0.0,-1.08,-1.0763656622893025,32636.260000000002,33358.221,33085.47344444444,0.5871629953714329,387.22999999999956,0.0,0
2015-07-09,31768.23,32031.73,32100.34,31750.53,,-0.82%,2015,7,9,3,0.0,-0.82,-0.8226218190525492,32395.03142857143,33271.985,33103.967000000004,0.5921447604380569,349.8100000000013,0.0,0
2015-07-10,31729.26,31768.23,31791.23,31682.15,,-0.12%,2015,7,10,4,0.0,-0.12,-0.1226697238089769,32233.007142857143,33185.948,33120.21233333333,0.5922073503510609,109.07999999999811,0.0,0
2015-07-13,31628.2,31730.48,31845.78,31616.86,,-0.32%,2015,7,13,0,0.0,-0.32,-0.31850727057610717,32074.30571428571,33105.399666666664,33131.62422222222,0.5843114106934759,228.91999999999825,0.0,0
2015-07-14,31372.9,31628.2,31629.57,31357.96,,-0.81%,2015,7,14,1,0.0,-0.81,-0.807191051024081,31907.81428571429,33015.76666666667,33140.04611111111,0.5903812267172855,271.6100000000006,0.0,0
2015-07-15,30970.51,31372.9,31379.28,30943.89,,-1.28%,2015,7,15,2,0.0,-1.28,-1.2826037758702724,31697.29857142857,32918.81,33146.77344444445,0.6170219065579189,435.3899999999994,0.0,1
2015-07-16,31047.99,30970.51,31049.82,30483.45,,0.25%,2015,7,16,3,0.0,0.25,0.25017347147335833,31506.97428571429,32837.850666666665,33146.758111111114,0.6010731247753068,566.369999999999,0.0,1
2015-07-21,31332.39,31047.99,31338.25,30998.81,,0.92%,2015,7,21,1,0.0,0.92,0.9160013256896749,31407.068571428572,32760.1,33148.274333333335,0.6206976070261822,339.4399999999987,0.0,0
2015-07-22,31267.25,31332.39,31375.25,31206.27,,-0.21%,2015,7,22,2,0.0,-0.21,-0.20789987613456518,31335.5,32682.663999999997,33147.29622222223,0.6207144605817534,168.97999999999956,0.0,0
2015-07-23,31216.72,31267.51,31321.78,31186.06,,-0.16%,2015,7,23,3,0.0,-0.16,-0.16160679305022851,31262.28,32606.81566666667,33151.15788888889,0.6207699266713376,135.71999999999753,0.0,0
2015-07-24,31091.69,31216.72,31238.2,31030.24,,-0.40%,2015,7,24,4,0.0,-0.4,-0.4005225404847268,31185.635714285716,32527.793999999998,33152.467777777776,0.6208948119278789,207.95999999999913,0.0,0
2015-07-27,30807.54,31091.69,31102.28,30761.98,,-0.91%,2015,7,27,0,0.0,-0.91,-0.9139097939031227,31104.87,32436.167,33153.447555555555,0.6244549365633281,340.2999999999993,0.0,0
2015-07-28,30614.81,30807.54,30835.83,30605.83,,-0.63%,2015,7,28,1,0.0,-0.63,-0.6255936046824839,31054.055714285718,32335.935666666664,33161.06144444444,0.6207777785823874,230.0,0.0,0
2015-07-29,30510.95,30674.92,30674.98,30464.41,,-0.34%,2015,7,29,2,0.0,-0.34,-0.33924757331500466,30977.33571428571,32228.946,33171.69766666667,0.6102055544070667,210.5699999999997,0.0,0
2015-07-30,30436.18,30514.17,30540.84,30347.24,,-0.25%,2015,7,30,3,0.0,-0.25,-0.24505956058399336,30849.305714285718,32123.396333333334,33182.82788888889,0.6103941681670437,193.59999999999854,0.0,0
2015-07-31,30180.27,30436.18,30455.28,30050.12,,-0.84%,2015,7,31,4,0.0,-0.84,-0.840808537733706,30694.022857142856,32013.458,33193.23188888889,0.6175338532467924,405.15999999999985,0.0,1
2015-08-03,30247.83,30180.27,30300.31,30141.61,,0.22%,2015,8,3,0,0.0,0.22,0.22385485616929213,30555.610000000004,31906.369,33203.382999999994,0.624063599588895,158.70000000000073,0.0,1
2015-08-04,30458.86,30247.83,30458.86,30199.61,,0.70%,2015,8,4,1,0.0,0.7,0.6976698824345373,30465.205714285716,31813.067666666666,33213.97622222223,0.649357342668488,259.25,0.0,1
2015-08-05,31403.75,30458.86,31414.73,30458.86,,3.10%,2015,8,5,2,0.0,3.1,3.1021843890414846,30550.37857142857,31747.039666666667,33234.195666666674,0.8913640631348339,955.869999999999,0.0,1
2015-08-06,31495.73,31403.75,31614.66,31395.37,,0.29%,2015,8,6,3,0.0,0.29,0.2928949568124839,30676.22428571429,31684.202666666668,33252.03811111111,0.895304190796175,219.29000000000087,0.0,0
2015-08-07,31441.71,31495.73,31519.17,31323.54,,-0.17%,2015,8,7,4,0.0,-0.17,-0.1715153133456493,30809.19,31623.364,33267.24488888889,0.8948488274176868,195.62999999999738,0.0,1
2015-08-10,31446.42,31441.71,31773.68,31396.93,,0.01%,2015,8,10,0,0.0,0.01,0.014980101273120994,30953.510000000002,31567.523,33277.06144444444,0.8942530740238918,376.75,0.0,0
2015-08-11,31269.71,31427.68,31486.98,31194.11,,-0.56%,2015,8,11,1,0.0,-0.56,-0.5619399600972019,31109.144285714287,31514.730333333333,33279.049222222224,0.8892643100247152,292.869999999999,0.0,0
2015-08-12,31107.11,31269.71,31279.71,30998.94,,-0.52%,2015,8,12,2,0.0,-0.52,-0.5199920306264372,31231.89857142857,31443.327666666664,33271.871,0.8529681210585958,280.77000000000044,0.0,0
2015-08-13,30752.63,31106.51,31106.51,30677.39,,-1.14%,2015,8,13,3,0.0,-1.14,-1.1395465538264427,31273.865714285716,31353.18766666667,33231.42733333334,0.853672348240771,429.119999999999,0.0,0
2015-08-14,30705.62,30752.63,30826.09,30623.15,,-0.15%,2015,8,14,4,0.0,-0.15,-0.15286497447536407,31174.132857142857,31281.260666666665,33175.62177777778,0.8056275866416541,202.9399999999987,0.0,0
2015-08-17,29909.44,30705.62,30705.64,29879.8,,-2.59%,2015,8,17,0,0.0,-2.59,-2.5929455259330436,30947.519999999997,31186.938333333335,33119.70677777778,0.9144619758446292,825.8400000000001,0.0,1
2015-08-18,30112.62,29909.44,30112.62,29633.26,,0.68%,2015,8,18,1,0.0,0.68,0.6793172991537144,30757.649999999998,31106.081000000002,33074.56655555555,0.9293689152575307,479.3600000000006,0.0,0
2015-08-19,30042.38,30112.62,30112.62,29445.78,,-0.23%,2015,8,19,2,0.0,-0.23,-0.23325768398764213,30557.07285714286,31026.023,33024.81366666667,0.9293509631043154,666.8400000000001,0.0,0
2015-08-20,29747.57,30042.38,30051.97,29487.77,,-0.98%,2015,8,20,3,0.0,-0.98,-0.9813137308029574,30339.624285714286,30938.266666666666,32967.230888888895,0.938737803855552,564.2000000000007,0.0,1
2015-08-21,29878.33,29747.57,30034.79,29462.76,,0.44%,2015,8,21,4,0.0,0.44,0.4395653157552193,30164.084285714285,30866.486666666668,32908.195,0.935075760012852,572.0300000000025,0.0,0
2015-08-24,29214.13,29878.33,29889.67,29193.73,,-2.22%,2015,8,24,0,0.0,-2.22,-2.223015811124651,29944.29857142857,30781.35,32843.42488888889,0.9986055644211431,695.9399999999987,0.0,0
2015-08-25,28807.0,29214.13,29214.13,28526.29,,-1.39%,2015,8,25,1,0.0,-1.39,-1.3936064500294942,29673.067142857144,30683.941333333332,32774.99288888889,1.0187128322157735,687.8400000000001,0.0,0
2015-08-26,28137.65,28807.0,28807.0,28122.91,,-2.32%,2015,8,26,2,0.0,-2.32,-2.323567188530562,29419.954285714284,30567.589666666663,32700.604333333336,1.0826154528876157,684.0900000000001,0.0,1
2015-08-27,28221.75,28137.65,28302.94,28053.16,,0.30%,2015,8,27,3,0.0,0.3,0.29888778913660374,29149.829999999998,30462.551333333333,32625.23022222222,1.0865116765543965,249.77999999999884,0.0,1
2015-08-28,28831.97,28221.75,28833.99,28106.2,,2.16%,2015,8,28,4,0.0,2.16,2.1622330294896797,28976.91428571429,30391.266666666666,32559.686,1.1634768787109706,727.7900000000009,0.0,1
2015-08-31,29684.84,28814.62,29684.84,28814.62,,2.96%,2015,8,31,0,0.0,2.96,2.958070502986776,28967.95285714286,30345.828333333335,32506.06411111111,1.2992648604826456,870.2200000000012,0.0,1
2015-09-01,30225.34,29713.66,30314.73,29713.66,,1.82%,2015,9,1,1,0.0,1.82,1.820794722154484,29017.52571428572,30308.92666666667,32458.240555555556,1.3346760134774045,601.0699999999997,0.0,0
2015-09-02,29870.86,30225.34,30275.77,29789.83,,-1.17%,2015,9,2,2,0.0,-1.17,-1.172790777539634,29111.344285714287,30262.380333333334,32406.86833333334,1.3486381228951196,485.9399999999987,0.0,0
2015-09-03,29393.77,29870.86,29870.86,29309.19,,-1.60%,2015,9,3,3,0.0,-1.6,-1.5971753073061867,29195.168571428574,30201.61533333333,32350.29111111111,1.37452552787811,561.6700000000019,0.0,1
2015-09-04,29511.08,29390.4,29583.7,29293.57,,0.40%,2015,9,4,4,0.0,0.4,0.39909817624619315,29391.37285714286,30148.928333333333,32296.884000000002,1.3780762906902213,290.130000000001,0.0,1
2015-09-07,30052.2,29511.08,30052.29,29508.08,,1.83%,2015,9,7,0,0.0,1.83,1.8336163908606595,29652.865714285716,30123.750333333333,32251.576444444443,1.4173021601541498,544.2099999999991,0.0,1
2015-09-08,30358.87,30052.2,30379.57,30038.74,,1.02%,2015,9,8,1,0.0,1.02,1.020457736871161,29870.99428571429,30115.219,32210.553666666667,1.4270020263342322,340.8299999999981,0.0,0
2015-09-09,29449.9,30358.87,30364.17,29329.4,,-2.99%,2015,9,9,2,0.0,-2.99,-2.994083771892686,29837.431428571428,30079.85066666667,32152.129111111113,1.526453586590016,1034.7699999999968,0.0,0
2015-09-10,29403.12,29454.09,29488.83,28611.89,,-0.16%,2015,9,10,3,0.0,-0.16,-0.15884604022425863,29719.971428571425,30045.415333333334,32093.838444444445,1.526265190579983,876.9400000000023,0.0,1
2015-09-11,29689.08,29420.83,29813.96,29420.83,,0.97%,2015,9,11,4,0.0,0.97,0.9725498518524667,29694.00285714286,30029.042333333335,32039.269,1.5319671039024052,393.1299999999974,0.0,1
2015-09-14,30369.97,29689.08,30481.32,29689.08,,2.29%,2015,9,14,0,0.0,2.29,2.293402153249602,29833.46,30033.113666666668,31994.189555555557,1.5899142046187846,792.239999999998,0.0,0
2015-09-15,30311.77,30369.97,30525.38,30257.6,,-0.19%,2015,9,15,1,0.0,-0.19,-0.19163667267370066,29947.844285714287,30028.210666666666,31948.759444444444,1.5852359182097622,267.7800000000025,0.0,1
2015-09-16,30359.47,30311.77,30362.83,30135.28,,0.16%,2015,9,16,2,0.0,0.16,0.1573646144715335,29991.739999999998,29993.40133333333,31903.99666666667,1.4734992048771365,227.5500000000029,0.0,1
2015-09-17,30410.39,30359.47,30516.15,30055.26,,0.17%,2015,9,17,3,0.0,0.17,0.16772361309336237,29999.100000000002,29957.22333333333,31860.311333333335,1.472518874491674,460.89000000000306,0.0,0
2015-09-18,30332.68,30410.39,30453.7,30131.61,,-0.26%,2015,9,18,4,0.0,-0.26,-0.25553766327889305,30125.21142857143,29920.255666666668,31818.28011111111,1.4727270148551594,322.09000000000015,0.0,0
2015-09-21,30265.9,30332.68,30564.18,30251.73,,-0.22%,2015,9,21,0,0.0,-0.22,-0.22015858803112742,30248.465714285714,29880.905000000002,31774.47566666667,1.4726693975688465,312.4500000000007,0.0,1
2015-09-22,30426.1,30265.9,30545.97,30264.77,,0.53%,2015,9,22,1,0.0,0.53,0.5293085617807503,30353.754285714287,29852.784666666666,31730.140222222224,1.4747751456901372,281.2000000000007,0.0,1
2015-09-23,30543.17,30426.78,30560.93,30425.31,466.94M,0.38%,2015,9,23,2,466940000.0,0.38,0.3847683403393809,30378.49714285714,29833.986666666668,31686.847444444444,1.4747308703929511,135.61999999999898,0.0,1
2015-09-28,30762.29,30543.17,30781.61,30525.39,,0.72%,2015,9,28,0,0.0,0.72,0.7174107992065082,30442.85714285714,29834.308666666668,31642.190000000002,1.4663889543815631,256.22000000000116,-100.0,1
2015-09-29,30825.0,30762.29,30825.0,30560.3,,0.20%,2015,9,29,1,0.0,0.2,0.2038534842497164,30509.36142857143,29838.288,31599.057444444443,1.46645681477165,264.7000000000007,0.0,1
2015-09-30,31217.77,30825.0,31217.77,30505.37,,1.27%,2015,9,30,2,0.0,1.27,1.2741930251419342,30624.701428571425,29881.898999999998,31562.217111111113,1.3968621162343253,712.4000000000015,0.0,0
2015-10-02,30588.41,31217.77,31256.16,30480.76,,-2.02%,2015,10,2,4,0.0,-2.02,-2.0160312539941216,30661.234285714283,29897.75866666667,31519.202777777777,1.4475543247490912,775.4000000000015,0.0,0
2015-10-05,30405.88,30588.41,30588.41,30387.37,,-0.60%,2015,10,5,0,0.0,-0.6,-0.5967292840654337,30681.231428571427,29909.875333333333,31476.24488888889,1.451629680060421,201.04000000000087,0.0,0
2015-10-06,30330.58,30405.88,30405.88,30213.2,,-0.25%,2015,10,6,1,0.0,-0.25,-0.24764946780030384,30667.585714285717,29929.309,31433.78677777778,1.4397826405667324,192.6800000000003,0.0,0
2015-10-07,30141.06,30330.58,30331.79,30084.12,,-0.62%,2015,10,7,2,0.0,-0.62,-0.6248479257567774,30610.14142857143,29938.066666666666,31387.591444444442,1.4435925798443738,247.6700000000019,0.0,0
2015-10-08,30123.2,30141.06,30223.71,29979.9,,-0.06%,2015,10,8,3,0.0,-0.06,-0.05925471765093615,30518.84285714286,29968.369000000002,31340.568000000003,1.379286931999343,243.80999999999767,0.0,1
2015-10-09,30165.19,30123.2,30194.08,30105.66,,0.14%,2015,10,9,4,0.0,0.14,0.13939422106548083,30424.584285714285,30013.642,31294.510444444444,1.3496865831434874,88.42000000000189,0.0,1
2015-10-12,30231.16,30165.22,30306.29,30051.8,,0.22%,2015,10,12,0,0.0,0.22,0.21869578809217138,30283.640000000003,30083.425666666666,31252.138333333336,1.2653905529632317,254.4900000000016,0.0,0
2015-10-13,30058.4,30231.16,30265.48,30058.05,,-0.57%,2015,10,13,1,0.0,-0.57,-0.5714633510589651,30207.92428571429,30144.647333333334,31207.65511111111,1.2741127368698673,207.4300000000003,0.0,0
2015-10-14,29668.16,30058.4,30066.88,29656.86,,-1.30%,2015,10,14,2,0.0,-1.3,-1.298272695818814,30102.535714285714,30172.520333333337,31160.86566666667,1.2484329238888168,410.02000000000044,0.0,1
2015-10-15,29700.08,29667.24,29784.19,29555.4,,0.11%,2015,10,15,3,0.0,0.11,0.107590089847176,30012.464285714286,30173.028333333332,31118.902444444448,1.1261161961712194,228.78999999999724,0.0,1
2015-10-16,29834.21,29700.08,29881.34,29700.08,,0.45%,2015,10,16,4,0.0,0.45,0.45161494514491807,29968.62857142857,30159.990666666665,31076.339111111112,1.0767717640959227,181.2599999999984,0.0,1
2015-10-19,30219.01,29834.21,30222.43,29820.94,,1.29%,2015,10,19,0,0.0,1.29,1.2897945010107437,29982.315714285716,30171.595666666668,31038.879999999997,1.0811193397068506,401.4900000000016,0.0,1
2015-10-20,30325.11,30219.01,30328.91,30175.19,,0.35%,2015,10,20,1,0.0,0.35,0.35110349412506014,30005.161428571428,30202.640333333333,31003.690444444444,1.0367205124284284,153.72000000000116,0.0,0
2015-10-21,30199.15,30325.11,30329.23,29931.55,,-0.42%,2015,10,21,2,0.0,-0.42,-0.41536535234332206,30000.588571428572,30225.576,30967.43277777778,1.039528854214961,397.6800000000003,0.0,0
2015-10-22,30025.62,30199.15,30243.78,29975.48,,-0.57%,2015,10,22,3,0.0,-0.57,-0.5746188220529413,29995.905714285713,30224.69,30928.202444444447,0.9914832379950983,268.2999999999993,0.0,0
2015-10-23,30011.89,30025.62,30118.37,29983.72,,-0.05%,2015,10,23,4,0.0,-0.05,-0.04572761528320868,30045.010000000002,30213.124,30888.09288888889,0.9726410325570072,134.64999999999782,0.0,0
2015-10-26,29828.95,30011.89,30015.06,29823.24,,-0.61%,2015,10,26,0,0.0,-0.61,-0.6095584116828312,30063.420000000002,30225.759,30844.851888888887,0.8054377265671365,191.8199999999997,0.0,0
2015-10-27,29572.9,29828.95,29828.95,29366.04,,-0.86%,2015,10,27,1,0.0,-0.86,-0.8583942780419629,30026.09,30231.41833333333,30800.076666666664,0.8215313634545784,462.90999999999985,0.0,0
2015-10-28,29396.31,29572.9,29578.77,29382.63,,-0.60%,2015,10,28,2,0.0,-0.6,-0.597134538716193,29908.56142857143,30221.659333333333,30754.71988888889,0.8088213404010846,196.13999999999942,0.0,1
2015-10-29,29446.95,29396.31,29446.95,29146.95,,0.17%,2015,10,29,3,0.0,0.17,0.172266519165154,29783.110000000004,30190.892,30710.12488888889,0.6813994156343937,300.0,0.0,0
2015-10-30,29177.72,29446.95,29452.13,29152.82,,-0.91%,2015,10,30,4,0.0,-0.91,-0.914288236982097,29637.191428571427,30153.090333333334,30664.789555555555,0.6973169490651394,299.3100000000013,0.0,0
2015-11-02,29136.85,29177.72,29273.48,29061.49,,-0.14%,2015,11,2,0,0.0,-0.14,-0.14007263076073473,29510.22428571429,30112.336333333336,30617.592444444443,0.6952802615241821,211.98999999999796,0.0,0
2015-11-03,29052.87,29136.85,29160.8,29034.1,,-0.29%,2015,11,3,1,0.0,-0.29,-0.28822607797341915,29373.221428571433,30067.08566666667,30569.50388888889,0.6934251562783316,126.70000000000073,0.0,0
2015-11-04,29032.44,29052.87,29276.26,28999.74,,-0.07%,2015,11,4,2,0.0,-0.07,-0.07032007509069071,29259.434285714284,30023.744333333332,30522.454666666665,0.6932755802534136,276.5199999999968,0.0,0
2015-11-05,29030.97,29032.44,29106.32,28999.79,,-0.01%,2015,11,5,3,0.0,-0.01,-0.005063301603303039,29182.015714285713,29982.579999999998,30477.002666666664,0.6935687467965357,106.52999999999884,0.0,1
2015-11-06,29175.35,29030.97,29180.68,29013.28,,0.50%,2015,11,6,4,0.0,0.5,0.4973309538055304,29150.45,29940.888333333332,30436.134444444444,0.6925341110205152,167.40000000000146,0.0,0
2015-11-09,29168.04,29175.35,29232.09,29136.28,,-0.03%,2015,11,9,0,0.0,-0.03,-0.025055397792994594,29110.605714285713,29895.050666666666,30390.788333333334,0.6858868498807602,95.81000000000131,0.0,0
2015-11-10,28980.07,29168.04,29248.49,28978.92,,-0.64%,2015,11,10,1,0.0,-0.64,-0.6444382275943128,29082.37,29835.643333333333,30341.046555555557,0.671330822221516,269.57000000000335,0.0,1
2015-11-11,29014.78,28981.12,29129.49,28963.73,,0.12%,2015,11,11,2,0.0,0.12,0.11977196742449792,29064.931428571428,29775.302666666666,30298.28377777778,0.6697752354411902,165.76000000000204,0.0,0
2015-11-12,28798.67,29014.78,29034.5,28778.02,,-0.74%,2015,11,12,3,0.0,-0.74,-0.7448272914700738,29028.61714285714,29694.666,30254.501111111113,0.6158724573828955,256.47999999999956,0.0,1
2015-11-13,28841.67,28798.67,28846.23,28715.57,,0.15%,2015,11,13,4,0.0,0.15,0.14931245088749545,29001.364285714288,29636.441333333332,30213.426999999996,0.5237828940614502,130.65999999999985,0.0,0
2015-11-16,28532.81,28841.67,28846.48,28484.05,,-1.07%,2015,11,16,0,0.0,-1.07,-1.0708811244286354,28930.198571428573,29574.005666666664,30169.968,0.5431354213822989,362.4300000000003,0.0,0
2015-11-17,28351.28,28532.81,28651.68,28231.53,,-0.64%,2015,11,17,1,0.0,-0.64,-0.6362149399235517,28812.47428571429,29508.029,30125.20155555555,0.5486621042860808,420.15000000000146,0.0,0
2015-11-18,28219.44,28351.28,28373.17,28207.22,,-0.47%,2015,11,18,2,0.0,-0.47,-0.46502309595898295,28676.96,29443.975,30082.84277777778,0.5453942318971765,165.9499999999971,0.0,0
2015-11-19,28203.2,28219.44,28244.59,28179.03,,-0.06%,2015,11,19,3,0.0,-0.06,-0.05754898041916423,28565.978571428568,29379.975,30043.231333333333,0.5454114309489998,65.56000000000131,0.0,0
2015-11-20,28131.28,28203.2,28281.89,28085.14,,-0.26%,2015,11,20,4,0.0,-0.26,-0.25500652408237956,28439.764285714282,29312.178000000004,30003.25377777778,0.5412407268527286,196.75,0.0,0
2015-11-23,27843.55,28131.28,28276.57,27843.55,,-1.02%,2015,11,23,0,0.0,-1.02,-1.0228116175303725,28303.318571428572,29232.591,29961.20211111111,0.5530063242590555,433.02000000000044,0.0,0
2015-11-24,27596.81,27843.55,27851.62,27584.38,,-0.89%,2015,11,24,1,0.0,-0.89,-0.8861657367684739,28125.481428571427,29150.538,29919.245555555557,0.5617903030594137,267.23999999999796,0.0,1
2015-11-25,27743.92,27596.81,27743.92,27574.98,,0.53%,2015,11,25,2,0.0,0.53,0.5330688583209398,28012.782857142854,29086.396666666664,29883.394555555555,0.5469532454273821,168.9399999999987,0.0,0
2015-11-26,27697.12,27743.92,27791.89,27657.81,,-0.17%,2015,11,26,3,0.0,-0.17,-0.16868560751328587,27919.33142857143,29019.63133333333,29846.162666666667,0.5435306163119984,134.0799999999981,0.0,0
2015-11-27,27617.45,27697.12,27739.1,27592.94,,-0.29%,2015,11,27,4,0.0,-0.29,-0.28764723552484606,27833.332857142854,28945.739333333335,29804.885555555553,0.5280514542731267,146.15999999999985,0.0,0
2015-11-30,27385.69,27617.45,27635.2,27275.02,,-0.84%,2015,11,30,0,0.0,-0.84,-0.8391795766806931,27716.545714285716,28851.29533333333,29761.757111111114,0.45056302087490024,360.1800000000003,0.0,0
2015-12-01,27314.0,27385.69,27385.69,27268.07,,-0.26%,2015,12,1,1,0.0,-0.26,-0.2617790532208564,27599.79142857143,28750.925,29718.393555555558,0.4322972202346511,117.61999999999898,0.0,0
2015-12-02,27287.89,27314.0,27384.57,27201.33,,-0.10%,2015,12,2,2,0.0,-0.1,-0.09559200410046431,27520.411428571428,28653.882999999998,29676.129111111113,0.43449209511275494,183.23999999999796,0.0,1
2015-12-03,27559.18,27287.89,27561.43,27270.77,,0.99%,2015,12,3,3,0.0,0.99,0.9941772705768015,27515.035714285714,28571.668333333335,29640.036222222225,0.4950242639994416,290.65999999999985,0.0,1
2015-12-04,27631.05,27559.18,27633.16,27505.21,,0.26%,2015,12,4,4,0.0,0.26,0.26078424684623513,27498.911428571428,28492.306999999997,29606.883333333335,0.5032097668928611,127.95000000000073,0.0,1
2015-12-07,27833.89,27631.05,27833.89,27332.95,,0.73%,2015,12,7,0,0.0,0.73,0.7341016718510618,27518.450000000004,28425.805,29577.13822222222,0.5313165215680926,500.9399999999987,0.0,0
2015-12-08,27533.03,27833.89,28675.96,27496.29,,-1.08%,2015,12,8,1,0.0,-1.08,-1.080912513486254,27506.390000000003,28357.809333333335,29544.880999999994,0.5418529795819994,1179.6699999999983,0.0,0
2015-12-09,27004.5,27533.03,27584.39,26856.37,,-1.92%,2015,12,9,2,0.0,-1.92,-1.9196216326354154,27451.934285714287,28278.082333333332,29509.59466666666,0.6203164804003842,728.0200000000004,0.0,1
2015-12-10,27205.95,27004.5,27220.48,26992.94,,0.75%,2015,12,10,3,0.0,0.75,0.7459867799811226,27436.49857142857,28203.38233333333,29475.796000000002,0.6431824152870856,227.54000000000087,0.0,1
2015-12-11,27269.71,27205.72,27430.35,27201.86,,0.23%,2015,12,11,4,0.0,0.23,0.2343604983468639,27433.90142857143,28139.782000000003,29440.360999999997,0.6371427881655313,228.48999999999796,0.0,0
2015-12-14,27179.28,27269.71,27334.14,27140.37,,-0.33%,2015,12,14,0,0.0,-0.33,-0.3316133541574118,27379.629999999997,28074.52966666666,29393.422444444444,0.6372406879804048,193.77000000000044,0.0,0
2015-12-15,26950.76,27179.28,27185.31,26890.52,,-0.84%,2015,12,15,1,0.0,-0.84,-0.8407875410974874,27282.445714285714,28004.45933333333,29342.922777777774,0.6469061975016497,294.7900000000009,0.0,0
2015-12-16,26948.43,26950.76,27246.84,26894.2,,-0.01%,2015,12,16,2,0.0,-0.01,-0.00864539627082328,27155.951428571425,27934.992333333335,29292.997444444445,0.6475879930313628,352.6399999999994,0.0,1
2015-12-17,26953.05,26948.43,27040.07,26945.93,,0.02%,2015,12,17,3,0.0,0.02,0.017143855875834113,27073.097142857143,27865.728333333333,29243.07111111111,0.6478854663014881,94.13999999999942,0.0,0
2015-12-18,26537.36,26952.44,26992.5,26528.42,,-1.54%,2015,12,18,4,0.0,-1.54,-1.5422744364737895,27006.362857142853,27777.79533333333,29190.489444444444,0.6737758024268792,464.08000000000175,0.0,1
2015-12-21,26728.64,26537.36,26728.64,26493.64,,0.72%,2015,12,21,0,0.0,0.72,0.7207951356125841,26938.175714285717,27696.482,29141.83977777778,0.6980963483932078,235.0,0.0,1
2015-12-22,26918.22,26728.64,26918.22,26565.26,,0.71%,2015,12,22,1,0.0,0.71,0.7092766410861318,26887.96285714286,27627.753666666667,29099.23522222222,0.7177589842930415,352.96000000000276,0.0,0
2015-12-23,26871.24,26918.22,26963.08,26742.05,,-0.17%,2015,12,23,2,0.0,-0.17,-0.17452862782160183,26843.957142857143,27556.302333333337,29056.631,0.7146311380546757,221.03000000000247,0.0,0
2015-12-29,26763.24,26871.24,26963.39,26476.17,,-0.40%,2015,12,29,1,0.0,-0.4,-0.4019166960661291,26817.16857142857,27488.45466666667,29021.673222222227,0.709215487915634,487.22000000000116,0.0,1
2015-12-30,27777.83,26763.24,27777.83,26762.14,,3.79%,2015,12,30,2,0.0,3.79,3.7909834534234355,26935.65428571429,27452.993333333332,28995.731111111116,1.0213822242691113,1015.6900000000023,0.0,1
2015-12-31,28642.25,27777.83,28642.25,27690.0,,3.11%,2015,12,31,3,0.0,3.11,3.111906149616428,27176.96857142857,27456.641333333333,28980.174111111115,1.1628294401789174,952.25,0.0,0
2016-01-04,28370.32,28642.25,28707.29,28350.59,,-0.95%,2016,1,4,0,0.0,-0.95,-0.9494016706089736,27438.820000000003,27457.276,28964.871333333333,1.1702985321617452,356.7000000000007,0.0,0
2016-01-05,28102.14,28370.32,28373.15,28079.08,,-0.95%,2016,1,5,1,0.0,-0.95,-0.9452836626446248,27635.034285714286,27453.366,28945.13588888889,1.1802457680992127,294.0699999999997,0.0,0
2016-01-06,27180.76,28102.14,28131.7,27129.0,,-3.28%,2016,1,6,2,0.0,-3.28,-3.278682691069079,27672.54,27419.284666666663,28922.54288888889,1.3228815705640922,1002.7000000000007,0.0,1
2016-01-07,27266.18,27180.76,27266.18,26702.22,,0.31%,2016,1,7,3,0.0,0.31,0.31426641491996143,27728.96,27390.447999999997,28905.422666666665,1.3248794610614862,563.9599999999991,0.0,0
2016-01-08,27028.39,27266.18,27275.24,26628.27,,-0.87%,2016,1,8,4,0.0,-0.87,-0.8721060302543382,27766.838571428572,27363.276,28893.097555555552,1.321524093684534,646.9700000000012,0.0,0
2016-01-11,26350.18,27028.39,27070.4,26303.7,,-2.51%,2016,1,11,0,0.0,-2.51,-2.509250458499379,27562.88857142857,27321.721666666665,28872.302333333333,1.3868282677659451,766.7000000000007,0.0,0
2016-01-12,26034.93,26350.18,26400.35,26024.39,,-1.20%,2016,1,12,1,0.0,-1.2,-1.196386514247716,27190.414285714283,27264.755333333334,28841.22411111111,1.3936116989622405,375.9599999999991,0.0,0
2016-01-13,25103.05,26034.93,26094.44,25071.57,,-3.58%,2016,1,13,2,0.0,-3.58,-3.5793451336339377,26723.661428571428,27178.286333333337,28790.315333333332,1.5238071666947743,1022.869999999999,0.0,0
2016-01-14,24239.98,25103.05,25103.05,24223.22,,-3.44%,2016,1,14,3,0.0,-3.44,-3.438108118336214,26171.924285714285,27065.704,28723.811333333335,1.626857796474099,879.8299999999981,0.0,0
2016-01-15,23514.04,24239.98,24239.98,23371.54,,-2.99%,2016,1,15,4,0.0,-2.99,-2.9948044511587835,25648.10714285714,26936.648999999998,28653.179999999997,1.6922520427368575,868.4399999999987,0.0,0
2016-01-18,22550.83,23514.04,23514.04,22547.72,,-4.10%,2016,1,18,0,0.0,-4.1,-4.096318624957684,24974.485714285714,26777.876666666667,28577.147333333334,1.8145847074841979,966.3199999999997,0.0,0
2016-01-19,22456.32,22550.83,22557.59,22330.96,,-0.42%,2016,1,19,1,0.0,-0.42,-0.4190976562725268,24321.332857142854,26616.824333333334,28498.76111111111,1.8123162121081016,226.63000000000102,0.0,1
2016-01-20,23335.01,22456.32,23384.57,22456.32,,3.91%,2016,1,20,2,0.0,3.91,3.9128851031691614,23890.594285714287,26476.018666666663,28424.125666666667,1.9737494341368185,928.25,0.0,1
2016-01-21,23686.67,23335.01,23687.13,23335.01,,1.51%,2016,1,21,3,0.0,1.51,1.5070059965690996,23555.12857142857,26344.539333333334,28349.99011111111,2.0039419815883748,352.1200000000026,0.0,1
2016-01-22,23826.5,23686.67,23826.5,23484.17,,0.59%,2016,1,22,4,0.0,0.59,0.5903320306315907,23372.764285714282,26210.95966666667,28287.50788888889,2.001076895877963,342.33000000000175,0.0,1
2016-01-25,23963.64,23826.5,24145.9,23821.12,,0.58%,2016,1,25,0,0.0,0.58,0.575577613161804,23333.287142857145,26091.98,28227.06922222222,2.0072671335208847,324.7800000000025,0.0,0
2016-01-26,23832.03,23963.64,23996.94,23786.73,,-0.55%,2016,1,26,1,0.0,-0.55,-0.5492070486787459,23378.714285714286,25986.230999999996,28161.99088888889,1.9879875863366887,210.20999999999913,0.0,0
2016-01-27,23333.34,23832.03,23832.03,23311.95,,-2.09%,2016,1,27,2,0.0,-2.09,-2.092520024521616,23490.50142857143,25857.144000000004,28083.80611111111,1.9992494993264671,520.0799999999981,0.0,1
2016-01-28,23598.85,23333.34,23667.82,23333.34,,1.14%,2016,1,28,3,0.0,1.14,1.1378996748858006,23653.72,25734.782,28009.21811111111,2.017281012826026,334.47999999999956,0.0,1
2016-01-29,23916.15,23598.85,23923.26,23598.85,,1.34%,2016,1,29,4,0.0,1.34,1.3445570440932642,23736.739999999998,25626.011000000002,27937.625666666663,2.044025340071702,324.40999999999985,0.0,0
2016-02-01,23826.76,23916.15,24168.39,23784.32,,-0.37%,2016,2,1,0,0.0,-0.37,-0.3737641719089524,23756.75285714286,25521.87766666667,27864.474222222223,2.0423712603650293,384.0699999999997,0.0,1
2016-02-02,23834.87,23826.76,23865.58,23723.94,,0.03%,2016,2,2,1,0.0,0.03,0.034037359674576884,23757.948571428573,25418.092333333334,27792.276333333335,2.0426606630388116,141.64000000000306,0.0,0
2016-02-03,23605.89,23834.87,23878.02,23537.43,,-0.96%,2016,2,3,2,0.0,-0.96,-0.9606933035506415,23706.841428571428,25306.520333333337,27718.27622222222,2.0437707393879654,340.59000000000015,0.0,0
2016-02-04,23517.19,23605.89,23715.84,23384.75,,-0.38%,2016,2,4,3,0.0,-0.38,-0.3757536784251725,23661.864285714284,25205.847999999998,27641.510555555556,2.0327656073743823,331.09000000000015,0.0,0
2016-02-05,23501.87,23532.29,23656.73,23353.84,,-0.07%,2016,2,5,4,0.0,-0.07,-0.06514383733771112,23685.94,25098.289,27563.27388888889,2.0231054865234874,302.8899999999994,0.0,1
2016-02-08,23977.17,23501.87,23977.17,23461.97,,2.02%,2016,2,8,0,0.0,2.02,2.022392260700956,23739.985714285714,25000.254,27487.883666666665,2.061946318574226,515.1999999999971,0.0,1
2016-02-09,23981.09,23977.1,23981.09,23589.16,,0.02%,2016,2,9,1,0.0,0.02,0.01634888521040434,23749.262857142858,24903.915666666664,27411.840222222225,2.0628465487148437,391.9300000000003,0.0,1
2016-02-10,24135.4,23981.09,24135.4,23933.23,,0.64%,2016,2,10,2,0.0,0.64,0.6434653303915683,23793.354285714286,24816.321,27333.147222222222,2.0708926015924103,202.1700000000019,0.0,1
2016-02-11,24664.89,24135.4,24671.82,24135.4,,2.19%,2016,2,11,3,0.0,2.19,2.193831467471008,23911.928571428572,24712.556333333334,27267.33033333333,1.9800156005647291,536.4199999999983,0.0,1
2016-02-12,24689.69,24664.89,24893.66,24446.27,,0.10%,2016,2,12,4,0.0,0.1,0.10054778269839026,24066.757142857143,24580.804333333333,27203.81711111111,1.8703719262282463,447.3899999999994,0.0,1
2016-02-15,24827.5,24689.69,24845.69,24375.1,,0.56%,2016,2,15,0,0.0,0.56,0.5581682070532334,24253.944285714282,24462.710333333333,27142.671777777778,1.877474114319809,470.59000000000015,0.0,0
2016-02-16,24514.91,24827.5,24828.9,24511.38,,-1.26%,2016,2,16,1,0.0,-1.26,-1.2590474272480168,24398.664285714283,24343.136,27080.158999999996,1.8813336836305887,317.52000000000044,0.0,0
2016-02-17,24056.12,24514.91,24543.32,24049.1,,-1.87%,2016,2,17,2,0.0,-1.87,-1.8714733197062516,24409.942857142854,24238.981333333337,27012.747,1.8247297373002973,494.22000000000116,0.0,1
2016-02-18,24261.69,24056.12,24262.04,24003.3,,0.85%,2016,2,18,3,0.0,0.85,0.85454345921121,24450.028571428567,24138.831666666665,26947.152555555556,1.8345604422527193,258.7400000000016,0.0,1
2016-02-19,24432.51,24261.69,24445.18,24256.81,,0.70%,2016,2,19,4,0.0,0.7,0.7040729644142596,24492.472857142857,24052.302333333333,26882.72311111111,1.8422991082458162,188.36999999999898,0.0,0
2016-02-22,24423.37,24432.51,24478.02,24394.89,,-0.04%,2016,2,22,0,0.0,-0.04,-0.03740917326954252,24457.969999999998,23988.075333333334,26820.11166666667,1.7956735035318043,83.13000000000102,0.0,0
2016-02-23,24090.98,24423.37,24437.75,24066.36,,-1.36%,2016,2,23,1,0.0,-1.36,-1.3609505977266845,24372.440000000002,23923.277,26758.143,1.7989533257361137,371.3899999999994,0.0,0
2016-02-24,23883.34,24090.98,24091.01,23881.05,,-0.86%,2016,2,24,2,0.0,-0.86,-0.8618993498811567,24237.56,23882.62,26693.512555555553,1.690279175117755,209.95999999999913,0.0,1
2016-02-25,24042.73,23883.34,24078.1,23872.14,,0.67%,2016,2,25,3,0.0,0.67,0.6673689693317497,24170.105714285713,23876.045,26629.162777777776,1.5774864161476105,205.95999999999913,0.0,1
2016-02-26,24228.79,24042.73,24234.04,24034.28,,0.77%,2016,2,26,4,0.0,0.77,0.7738721850638397,24194.772857142856,23899.870000000003,26562.60477777778,1.479006665563598,199.76000000000204,0.0,1
2016-02-29,24570.73,24228.79,24574.16,24181.51,,1.41%,2016,2,29,0,0.0,1.41,1.4112962306413124,24238.92142857143,23967.2,26498.66722222222,1.2651902544148734,392.65000000000146,0.0,1
2016-03-01,24838.31,24570.73,24846.12,24436.97,,1.09%,2016,3,1,1,0.0,1.09,1.0890193331659415,24296.89285714286,24046.599666666665,26439.102333333332,1.2658388744163223,409.1499999999978,0.0,1
2016-03-02,25396.83,24838.31,25560.26,24838.31,,2.25%,2016,3,2,2,0.0,2.25,2.248623195378441,24435.95857142857,24115.327,26387.671333333332,1.1336157465799932,721.9499999999971,0.0,1
2016-03-03,25816.29,25396.83,25816.29,25342.52,,1.65%,2016,3,3,3,0.0,1.65,1.651623450643247,24682.431428571428,24186.314333333332,26341.053555555558,1.1392679038668863,473.77000000000044,0.0,1
2016-03-04,25820.1,25817.68,25819.75,25731.27,,0.01%,2016,3,4,4,0.0,0.01,0.014758123649816213,24959.11142857143,24252.767666666663,26296.510777777774,1.1389459014050436,88.47999999999956,0.0,1
2016-03-07,25890.94,25821.9,25891.28,25793.64,,0.27%,2016,3,7,0,0.0,0.27,0.2743598979090045,25223.14142857143,24317.011,26255.600111111107,1.1375267465237153,97.63999999999942,0.0,0
2016-03-08,25755.01,25890.94,25978.12,25510.43,,-0.53%,2016,3,8,1,0.0,-0.53,-0.5250099069404213,25441.172857142858,24381.110333333334,26215.14122222222,1.13693836361423,467.6899999999987,0.0,1
2016-03-09,25885.31,25755.01,25892.29,25755.01,,0.51%,2016,3,9,2,0.0,0.51,0.5059209839173073,25628.969999999998,24466.175999999996,26175.56744444444,1.046506205897197,137.28000000000247,0.0,1
2016-03-10,25923.77,25885.31,25942.76,25867.29,,0.15%,2016,3,10,3,0.0,0.15,0.14857847945417557,25784.035714285714,24543.673333333332,26139.412444444446,1.0364213300430596,75.46999999999753,0.0,1
2016-03-11,25988.4,25923.77,26093.31,25922.04,,0.25%,2016,3,11,4,0.0,0.25,0.24930787458767867,25868.545714285716,24612.748333333333,26104.429666666667,1.0181751017530227,171.27000000000044,0.0,0
2016-03-14,25853.58,25988.4,26250.34,25806.99,,-0.52%,2016,3,14,0,0.0,-0.52,-0.5187699127302992,25873.87285714286,24680.308999999997,26068.881999999998,1.0217352847209489,443.34999999999854,0.0,0
2016-03-15,25745.13,25814.03,25908.2,25714.06,,-0.42%,2016,3,15,1,0.0,-0.42,-0.419477689356762,25863.16285714286,24743.98433333333,26032.356333333333,1.0287928070823438,194.13999999999942,0.0,0
2016-03-16,25657.48,25744.2,25745.11,25639.33,,-0.34%,2016,3,16,2,0.0,-0.34,-0.34045273805182186,25829.81142857143,24812.370666666666,25994.873111111112,1.0094152626625914,105.77999999999884,0.0,1
2016-03-17,25679.03,25657.48,25733.36,25589.18,,0.08%,2016,3,17,3,0.0,0.08,0.08399110123051834,25818.957142857143,24884.431999999997,25956.025111111114,1.0025342976605678,144.1800000000003,0.0,1
2016-03-18,25694.79,25679.87,25694.79,25512.71,,0.06%,2016,3,18,4,0.0,0.06,0.061373034729128584,25791.74,24957.529333333332,25917.433444444443,1.0012174620569354,182.08000000000175,0.0,1
2016-03-21,25902.95,25694.79,25992.67,25660.4,,0.81%,2016,3,21,0,0.0,0.81,0.81012532112541,25788.765714285713,25021.721999999998,25883.243222222223,0.9527029530902937,332.2699999999968,0.0,1
2016-03-22,26020.4,25902.95,26067.87,25898.92,,0.45%,2016,3,22,1,0.0,0.45,0.4534232587408038,25793.337142857144,25089.699,25849.97233333333,0.952155083271459,168.95000000000073,0.0,0
2016-03-23,25736.92,26020.4,26026.48,25687.65,,-1.09%,2016,3,23,2,0.0,-1.09,-1.089452890808762,25776.671428571426,25143.083,25815.952888888885,0.9812633962700057,338.8299999999981,0.0,1
2016-03-24,25899.91,25736.92,25918.6,25736.92,,0.63%,2016,3,24,3,0.0,0.63,0.6332925618139251,25798.782857142858,25184.250333333333,25783.266666666666,0.9118766248714523,181.6800000000003,0.0,0
2016-03-29,25277.29,25899.91,25906.07,25502.53,,-2.40%,2016,3,29,1,0.0,-2.4,-2.403946577420535,25744.47,25203.837,25747.094222222222,1.0257103800601859,403.5400000000009,0.0,0
2016-03-30,25145.28,25545.1,25617.2,25267.62,,-0.52%,2016,3,30,2,0.0,-0.52,-0.522247440291268,25668.22,25214.429666666667,25711.472,1.0274364073935125,349.58000000000175,0.0,1
2016-03-31,25306.22,25145.28,25351.81,25141.91,,0.64%,2016,3,31,3,0.0,0.64,0.6400405960880207,25612.71,25240.806666666664,25679.102888888887,1.0023577302295785,209.90000000000146,0.0,1
2016-04-01,25507.09,25306.22,25507.09,25284.17,,0.79%,2016,4,1,4,0.0,0.79,0.7937574240641121,25556.158571428572,25289.172333333332,25649.14611111111,0.936557562445707,222.9200000000019,0.0,0
2016-04-04,25349.07,25507.09,25532.76,25288.64,,-0.62%,2016,4,4,0,0.0,-0.62,-0.6195140253161036,25460.254285714287,25325.418333333335,25618.232666666667,0.939677142940567,244.11999999999898,0.0,1
2016-04-05,25454.75,25349.07,25455.82,25338.3,,0.42%,2016,4,5,1,0.0,0.42,0.41689892370804227,25419.94428571429,25359.493000000002,25591.690444444444,0.9352961944286553,117.52000000000044,0.0,1
2016-04-06,25464.94,25454.75,25466.94,25429.21,,0.04%,2016,4,6,2,0.0,0.04,0.040031821172870075,25357.805714285718,25394.212,25568.003,0.9348937381123371,37.72999999999956,0.0,0
2016-04-07,25369.52,25455.69,25457.82,25193.74,,-0.37%,2016,4,7,3,0.0,-0.37,-0.37471126969078616,25370.981428571427,25436.83,25541.620777777778,0.8967268043053118,264.0799999999981,0.0,0
2016-04-08,25328.06,25369.51,25378.09,25292.46,,-0.16%,2016,4,8,4,0.0,-0.16,-0.16342445580365128,25397.092857142856,25484.987333333334,25515.29788888889,0.8777045756245361,85.63000000000102,0.0,0
2016-04-11,24649.39,25328.06,25337.21,24638.38,,-2.68%,2016,4,11,0,0.0,-2.68,-2.6795182892017877,25303.260000000002,25505.209333333336,25482.319444444445,1.017744510453655,698.8299999999981,0.0,0
2016-04-12,24639.48,24648.84,24654.56,24569.72,,-0.04%,2016,4,12,1,0.0,-0.04,-0.04020383465879185,25179.315714285713,25518.898999999998,25451.805999999997,1.0096507113140332,84.84000000000015,0.0,0
2016-04-13,24637.91,24639.48,24680.18,24580.49,,-0.01%,2016,4,13,2,0.0,-0.01,-0.006371887718403801,25077.721428571425,25521.138333333332,25422.071666666663,0.9769173799468494,99.68999999999869,0.0,1
2016-04-14,24746.16,24637.91,24746.16,24621.09,,0.44%,2016,4,14,3,0.0,0.44,0.4393635661466444,24976.494285714285,25518.066666666666,25393.830222222223,0.9593013478329813,125.06999999999971,0.0,0
2016-04-15,24719.44,24746.04,24760.37,24613.51,,-0.11%,2016,4,15,4,0.0,-0.11,-0.10797634865369332,24869.994285714285,25495.487,25362.277555555556,0.859438743303912,146.86000000000058,0.0,0
2016-04-18,24596.34,24719.27,24719.27,24576.59,,-0.50%,2016,4,18,0,0.0,-0.5,-0.49798862757408635,24759.54,25454.822,25328.558555555555,0.796863374722698,142.6800000000003,0.0,1
2016-04-19,24624.56,24636.56,24645.12,24577.41,,0.11%,2016,4,19,1,0.0,0.11,0.11473251711433541,24659.04,25414.97066666667,25292.89933333333,0.7978197879688275,67.70999999999913,0.0,1
2016-04-20,24784.95,24659.17,24788.39,24659.17,,0.65%,2016,4,20,2,0.0,0.65,0.651341587423282,24678.405714285713,25378.104333333333,25262.365111111114,0.8077196844750354,129.22000000000116,0.0,1
2016-04-21,24909.88,24784.95,24916.15,24784.95,,0.50%,2016,4,21,3,0.0,0.5,0.5040558887550617,24717.03428571429,25349.933333333334,25239.09155555556,0.8127388020091748,131.20000000000073,0.0,0
2016-04-22,24850.11,24909.88,24913.12,24817.1,,-0.24%,2016,4,22,4,0.0,-0.24,-0.2399449535686271,24747.34857142857,25315.42666666667,25212.915555555555,0.8046815910288455,96.02000000000044,0.0,0
2016-04-25,24765.1,24850.11,24853.47,24740.3,,-0.34%,2016,4,25,0,0.0,-0.34,-0.3420910410457001,24750.054285714286,25276.804333333333,25185.086555555557,0.803751448463383,113.17000000000189,0.0,1
2016-04-26,24824.84,24773.51,24874.01,24760.49,,0.24%,2016,4,26,1,0.0,0.24,0.24122656480289884,24765.11142857143,25238.019000000004,25158.92611111111,0.8036146447666287,113.5199999999968,0.0,0
2016-04-27,24809.29,24823.86,24852.71,24749.15,,-0.06%,2016,4,27,2,0.0,-0.06,-0.06263887299978732,24795.532857142858,25203.209333333336,25135.131999999998,0.8006951701849191,103.55999999999767,0.0,1
2016-04-28,24957.08,24809.29,25033.37,24806.05,,0.60%,2016,4,28,3,0.0,0.6,0.595704270456765,24843.035714285714,25176.941000000003,25113.005888888885,0.8096255926998127,227.3199999999997,0.0,1
2016-04-29,25062.41,24957.08,25164.14,24951.08,,0.42%,2016,4,29,4,0.0,0.42,0.42204456611110164,24882.672857142858,25157.10533333333,25091.99877777778,0.8137866546267059,213.05999999999767,0.0,1
2016-05-03,25865.5,25062.41,25930.87,25059.05,,3.20%,2016,5,3,1,0.0,3.2,3.2043606341130015,25019.19,25163.321,25084.53366666667,1.0104505392807055,871.8199999999997,0.0,0
2016-05-04,25716.06,25865.5,26087.04,25680.65,,-0.58%,2016,5,4,2,0.0,-0.58,-0.5777580174363472,25142.897142857142,25164.030000000002,25073.28277777778,1.0164655412165473,406.3899999999994,0.0,0
2016-05-05,25563.78,25715.42,25717.78,25512.94,,-0.59%,2016,5,5,3,0.0,-0.59,-0.5921591410192772,25256.994285714285,25152.724333333335,25058.233444444442,1.010520729022759,204.84000000000015,0.0,1
2016-05-06,25701.6,25563.78,25726.03,25451.44,,0.54%,2016,5,6,4,0.0,0.54,0.5391221486024333,25382.245714285713,25142.09766666667,25045.237444444447,1.0120806504475552,274.59000000000015,0.0,1
2016-05-09,25828.3,25701.6,25898.82,25701.6,,0.49%,2016,5,9,0,0.0,0.49,0.49296541849535025,25527.81857142857,25145.143666666663,25034.84922222222,0.9964056525783042,197.22000000000116,0.0,0
2016-05-10,25646.84,25828.3,25876.49,25612.34,,-0.70%,2016,5,10,1,0.0,-0.7,-0.7025626928601536,25626.355714285713,25136.708,25011.171555555557,0.997744761196239,264.15000000000146,0.0,0
2016-05-11,25630.62,25646.56,25714.07,25601.15,,-0.06%,2016,5,11,2,0.0,-0.06,-0.0632436588679175,25707.528571428575,25148.485666666667,24977.708999999995,0.8913846267529547,112.91999999999825,0.0,1
2016-05-12,25865.06,25630.62,25865.06,25630.04,,0.91%,2016,5,12,3,0.0,0.91,0.9146871983588545,25707.465714285714,25172.478333333333,24949.872777777775,0.8981495442672562,235.02000000000044,0.0,1
2016-05-13,26441.03,25865.06,26673.11,25865.06,,2.23%,2016,5,13,4,0.0,2.23,2.226826460097131,25811.032857142858,25210.305333333334,24931.416,0.9746377938547753,808.0499999999993,0.0,1
2016-05-16,26818.77,26441.03,26859.08,26401.02,,1.43%,2016,5,16,0,0.0,1.43,1.428613030581638,25990.317142857144,25254.028000000002,24927.39388888889,0.9957408564698538,458.0600000000013,0.0,0
2016-05-17,26655.48,26799.44,26873.71,26575.85,,-0.61%,2016,5,17,1,0.0,-0.61,-0.6088646123591834,26126.585714285717,25297.575,24920.608333333334,0.9954507855731595,297.8600000000006,0.0,1
2016-05-18,26763.86,26655.48,26771.74,26570.02,,0.41%,2016,5,18,2,0.0,0.41,0.4065955668402843,26260.237142857142,25341.212,24917.669111111114,0.9953653008974835,201.72000000000116,0.0,1
2016-05-19,27028.24,26763.86,27055.35,26753.13,,0.99%,2016,5,19,3,0.0,0.99,0.9878246261936896,26457.580000000005,25393.322,24925.203111111114,1.0060143454380794,302.2199999999975,0.0,1
2016-05-20,27129.41,27028.24,27155.15,27008.06,,0.37%,2016,5,20,4,0.0,0.37,0.37431220086840966,26671.692857142854,25451.985,24937.363999999998,1.0004443559761769,147.09000000000015,0.0,0
2016-05-23,27015.97,27116.45,27116.45,26832.75,,-0.42%,2016,5,23,0,0.0,-0.42,-0.4181439994456193,26836.108571428573,25508.248666666666,24958.61866666667,1.0049571573005047,283.7000000000007,0.0,1
2016-05-24,27231.5,27015.97,27231.5,26993.78,,0.80%,2016,5,24,1,0.0,0.8,0.7977873827961668,26949.032857142854,25594.319,24991.85777777778,0.8471209932072632,237.72000000000116,0.0,1
2016-05-25,28260.61,27231.5,28261.65,27231.5,,3.78%,2016,5,25,2,0.0,3.78,3.779116097166879,27155.010000000002,25715.02333333333,25044.597444444444,1.051069617095695,1030.1500000000015,0.0,1
2016-05-26,28877.47,28260.61,28963.21,28260.61,,2.18%,2016,5,26,3,0.0,2.18,2.182755432384509,27472.437142857143,25856.342,25114.893444444446,1.0925071296634337,702.5999999999985,0.0,1
2016-05-27,28902.25,28877.47,29125.78,28877.47,,0.09%,2016,5,27,4,0.0,0.09,0.0858108414622194,27777.92142857143,25994.878333333338,25186.51488888889,1.0954920991703427,248.30999999999767,0.0,0
2016-05-31,27671.08,28902.25,28907.56,27657.31,,-4.26%,2016,5,31,1,0.0,-4.26,-4.259772163066888,27869.75571428571,26093.266333333333,25234.69344444444,1.398497430539146,1250.25,0.0,0
2016-06-01,26910.23,27663.16,27663.16,26893.58,,-2.75%,2016,6,1,2,0.0,-2.75,-2.749621626622456,27838.44428571429,26170.396,25270.51077777778,1.5040228423333457,769.5799999999981,0.0,1
2016-06-02,27183.64,26890.02,27218.6,26446.96,,1.02%,2016,6,2,3,0.0,1.02,1.0160076669727403,27862.397142857146,26255.698666666667,25307.81233333333,1.5089584185542082,771.6399999999994,0.0,1
2016-06-03,27634.48,27183.64,27660.83,27181.82,,1.66%,2016,6,3,4,0.0,1.66,1.6584975374894562,27919.965714285714,26350.683,25348.59944444444,1.5271913931004237,479.01000000000204,0.0,0
2016-06-06,27599.48,27634.42,27716.1,27488.88,,-0.13%,2016,6,6,0,0.0,-0.13,-0.12665336926911408,27825.518571428573,26440.336333333333,25390.46,1.5296886881034588,227.21999999999753,0.0,0
2016-06-07,27475.48,27585.06,27585.06,27440.42,,-0.45%,2016,6,7,1,0.0,-0.45,-0.44928382708659953,27625.234285714287,26527.848666666665,25436.48377777778,1.5329640230983137,144.64000000000306,0.0,0
2016-06-08,27098.18,27475.48,27496.62,27090.25,,-1.37%,2016,6,8,2,0.0,-1.37,-1.3732244168254693,27367.510000000002,26605.618000000002,25475.365222222223,1.5602572712979883,406.369999999999,0.0,1
2016-06-09,27284.83,27098.18,27347.99,27091.63,,0.69%,2016,6,9,3,0.0,0.69,0.6887916457858134,27312.331428571426,26687.617666666665,25512.795000000002,1.5616929085884494,256.3600000000006,0.0,0
2016-06-10,27232.62,27284.83,27439.33,27205.65,,-0.19%,2016,6,10,4,0.0,-0.19,-0.1913517511379137,27358.38714285714,26768.395333333334,25550.63788888889,1.562977299145135,233.6800000000003,0.0,0
2016-06-13,27103.38,27232.62,27264.55,27051.17,,-0.47%,2016,6,13,0,0.0,-0.47,-0.47457791428073826,27346.921428571426,26839.938666666665,25586.954666666665,1.568741690721486,213.38000000000102,0.0,0
2016-06-14,27034.05,27103.38,27116.21,26966.95,,-0.26%,2016,6,14,1,0.0,-0.26,-0.25579835430120657,27261.145714285718,26905.66,25625.045333333335,1.5716128749847296,149.2599999999984,0.0,1
2016-06-15,27891.96,27034.05,27891.96,27034.05,,3.17%,2016,6,15,2,0.0,3.17,3.1734423809973045,27302.928571428572,26973.208666666666,25673.653888888886,1.5696275605534233,857.9099999999999,0.0,1
2016-06-16,28489.87,27917.23,28755.05,27917.23,,2.14%,2016,6,16,3,0.0,2.14,2.143664339114215,27447.84142857143,27065.668999999998,25729.076111111113,1.5977105246659276,837.8199999999997,0.0,1
2016-06-17,29247.27,28489.89,29271.57,28489.89,,2.66%,2016,6,17,4,0.0,2.66,2.6584887891731412,27754.854285714282,27188.451999999997,25787.63277777778,1.6409460132013451,781.6800000000003,0.0,0
2016-06-20,28769.9,29247.27,29355.21,28752.98,,-1.63%,2016,6,20,0,0.0,-1.63,-1.6321865254432244,27967.007142857146,27290.728666666666,25840.841777777776,1.684760726218051,602.2299999999996,0.0,1
2016-06-21,29422.71,28769.9,29425.4,28725.53,,2.27%,2016,6,21,1,0.0,2.27,2.2690728852029274,28279.877142857145,27410.542333333335,25899.589666666663,1.7193424234170553,699.8700000000026,0.0,1
2016-06-22,30127.82,29422.71,30134.68,29422.71,,2.40%,2016,6,22,2,0.0,2.4,2.3964821731240926,28711.940000000002,27559.908333333333,25960.28888888889,1.7406989555741974,711.9700000000012,0.0,1
2016-06-23,31071.25,30127.82,31071.25,30127.82,,3.13%,2016,6,23,3,0.0,3.13,3.131424709786512,29288.682857142856,27741.262666666666,26031.195111111112,1.7984678732095691,943.4300000000003,0.0,0
2016-06-24,30649.66,31071.25,31073.32,30163.91,,-1.36%,2016,6,24,4,0.0,-1.36,-1.3568491772941282,29682.639999999996,27900.749333333333,26095.885777777774,1.834797873287939,909.4099999999999,0.0,0
2016-06-27,29843.79,30649.66,30683.18,29820.44,,-2.63%,2016,6,27,0,0.0,-2.63,-2.62929507211499,29876.057142857142,28014.174666666666,26155.095555555556,1.897955664909866,862.7400000000016,0.0,0
2016-06-28,29575.24,29840.23,29840.23,29342.05,,-0.90%,2016,6,28,1,0.0,-0.9,-0.8998521970567386,29922.910000000003,28106.056999999997,26216.419111111114,1.90296553771959,498.1800000000003,0.0,1
2016-06-29,29812.91,29575.24,29868.23,29529.95,,0.80%,2016,6,29,2,0.0,0.8,0.8036113992650584,30071.911428571428,28211.304666666667,26278.09933333333,1.8960340907347668,338.27999999999884,0.0,0
2016-06-30,29597.79,29812.91,29846.67,29580.93,,-0.72%,2016,6,30,3,0.0,-0.72,-0.7215665964845352,30096.922857142858,28305.769000000004,26335.49133333333,1.906875773719669,265.73999999999796,0.0,0
2016-07-01,29305.4,29597.79,29601.05,29259.39,,-0.99%,2016,7,1,4,0.0,-0.99,-0.9878778111473863,29979.434285714284,28381.674333333332,26389.73611111111,1.9183003436898358,341.65999999999985,0.0,0
2016-07-04,29005.33,29305.4,29332.39,28980.61,,-1.02%,2016,7,4,0,0.0,-1.02,-1.0239409801606536,29684.302857142855,28444.205,26444.339999999997,1.9330549888801198,351.77999999999884,0.0,0
2016-07-08,28854.98,29002.26,29041.12,28828.74,,-0.52%,2016,7,8,4,0.0,-0.52,-0.5183530061543928,29427.920000000006,28505.505333333334,26499.58044444444,1.9343197207273588,212.37999999999738,0.0,0
2016-07-11,28813.51,28854.98,28890.5,28598.46,,-0.14%,2016,7,11,0,0.0,-0.14,-0.1437186925792422,29280.737142857142,28558.239,26552.589111111112,1.9325582519011655,292.0400000000009,0.0,1
2016-07-12,28857.34,28813.71,28942.99,28709.73,,0.15%,2016,7,12,1,0.0,0.15,0.15211614273999974,29178.179999999997,28578.13,26604.017444444442,1.8109732862933228,233.26000000000204,0.0,0
2016-07-13,28730.42,28857.74,28861.2,28694.82,,-0.44%,2016,7,13,2,0.0,-0.44,-0.43981877747568676,29023.53857142857,28573.228333333333,26650.23622222222,1.7690591360927501,166.38000000000102,0.0,0
2016-07-14,28703.09,28730.42,28736.87,28658.2,,-0.10%,2016,7,14,3,0.0,-0.1,-0.09512565427166608,28895.72428571429,28566.58966666667,26693.17822222222,1.7690583040164518,78.66999999999825,0.0,1
2016-07-15,28805.45,28703.09,28855.18,28702.55,,0.36%,2016,7,15,4,0.0,0.36,0.35661665695225775,28824.302857142855,28604.402,26731.051777777775,1.5767887606150883,152.63000000000102,0.0,0
2016-07-18,28740.24,28805.45,28875.74,28681.21,,-0.23%,2016,7,18,0,0.0,-0.23,-0.22638077169424564,28786.432857142856,28665.402333333335,26763.54011111111,1.4814204160822975,194.53000000000247,0.0,0
2016-07-19,28488.56,28733.9,28739.38,28472.53,,-0.88%,2016,7,19,1,0.0,-0.88,-0.875705978794894,28734.08714285714,28708.899666666668,26793.18966666667,1.4870634853956561,266.8500000000022,0.0,0
2016-07-20,28221.18,28488.56,28489.57,28201.38,,-0.94%,2016,7,20,2,0.0,-0.94,-0.9385521767333982,28649.46857142857,28728.456333333335,26819.081222222223,1.4727682953793078,288.1899999999987,0.0,0
2016-07-21,27997.29,28221.18,28223.24,27990.26,,-0.79%,2016,7,21,3,0.0,-0.79,-0.7933403209929524,28526.604285714286,28741.716666666667,26843.99544444444,1.4810079683404842,232.9800000000032,0.0,0
2016-07-22,27659.44,27997.29,28078.29,27659.44,,-1.21%,2016,7,22,4,0.0,-1.21,-1.2067239364952909,28373.60714285714,28747.84866666667,26863.708,1.496335389681665,418.8500000000022,0.0,0
2016-07-25,27629.9,27659.44,27693.1,27449.64,,-0.11%,2016,7,25,0,0.0,-0.11,-0.10679898074580363,28220.294285714284,28765.572666666667,26882.665,1.4729776146835085,243.45999999999913,0.0,1
2016-07-26,27945.02,27629.9,27985.69,27619.37,,1.14%,2016,7,26,1,0.0,1.14,1.140503584884489,28097.375714285714,28787.579,26904.405222222224,1.4817488180053033,366.3199999999997,0.0,1
2016-07-27,28205.62,27945.02,28263.02,27945.02,,0.93%,2016,7,27,2,0.0,0.93,0.9325454052278248,28021.00142857143,28820.012333333332,26930.538999999997,1.488575531602977,318.0,0.0,0
2016-07-28,28046.96,28205.62,28207.06,28040.68,,-0.56%,2016,7,28,3,0.0,-0.56,-0.5625120100178571,27957.915714285715,28851.465000000004,26956.114888888886,1.4898883947424053,166.38000000000102,0.0,0
2016-07-29,28009.93,28057.91,28130.08,28003.61,,-0.13%,2016,7,29,4,0.0,-0.13,-0.13202856922817086,27927.737142857142,28883.994333333332,26982.25322222222,1.488969258681663,126.47000000000116,0.0,0
2016-08-01,27843.0,28009.93,28040.45,27802.49,,-0.60%,2016,8,1,0,0.0,-0.6,-0.595967215912363,27905.695714285714,28882.362333333334,27006.297333333332,1.378111139969734,237.95999999999913,0.0,0
2016-08-02,27831.95,27843.0,28006.15,27757.96,,-0.04%,2016,8,2,1,0.0,-0.04,-0.03968681535754248,27930.34,28860.431666666667,27030.04355555556,1.317496989741925,248.19000000000233,0.0,0
2016-08-03,27687.8,27831.95,27840.55,27687.17,,-0.52%,2016,8,3,2,0.0,-0.52,-0.5179299330445808,27938.61142857143,28808.449333333334,27049.87522222222,1.2142957055886952,153.38000000000102,0.0,1
2016-08-04,27751.34,27687.8,27795.31,27658.43,,0.23%,2016,8,4,3,0.0,0.23,0.2294873554417487,27910.942857142854,28774.497333333336,27069.107888888888,1.1844839821763862,136.88000000000102,0.0,0
2016-08-05,27425.86,27751.34,27766.99,27425.86,,-1.17%,2016,8,5,4,0.0,-1.17,-1.1728442662588545,27799.54857142857,28707.935666666668,27087.873888888895,1.11012332348058,341.130000000001,0.0,0
2016-08-08,27394.98,27425.86,27458.99,27313.96,,-0.11%,2016,8,8,0,0.0,-0.11,-0.11259446376522542,27706.40857142857,28616.841,27104.48577777778,0.9940175315328473,145.03000000000247,0.0,0
2016-08-09,27272.14,27394.98,27476.31,27248.35,,-0.45%,2016,8,9,1,0.0,-0.45,-0.4484033206083704,27601.010000000002,28490.204,27126.650777777777,0.7517892389324523,227.96000000000276,0.0,1
2016-08-10,27421.83,27272.14,27421.83,27220.76,,0.55%,2016,8,10,2,0.0,0.55,0.5488751524449498,27540.84285714286,28382.609666666667,27151.94577777778,0.7513768771475396,201.07000000000335,0.0,0
2016-08-11,27280.95,27421.83,27461.59,27241.08,,-0.51%,2016,8,11,3,0.0,-0.51,-0.5137512704294411,27462.12857142857,28297.181666666667,27173.887222222223,0.61948182918924,220.5099999999984,0.0,0
2016-08-12,27246.98,27280.95,27291.06,27180.04,,-0.12%,2016,8,12,4,0.0,-0.12,-0.12451912415073485,27399.15428571429,28219.573,27193.219333333334,0.6095572340431576,111.02000000000044,0.0,1
2016-08-15,27316.52,27246.88,27341.27,27179.66,,0.26%,2016,8,15,0,0.0,0.26,0.2552209455873644,27337.037142857145,28136.36,27215.07988888889,0.5838981587776999,161.61000000000058,0.0,1
2016-08-16,27389.02,27316.52,27438.07,27294.28,,0.27%,2016,8,16,1,0.0,0.27,0.26540716020928556,27331.774285714284,28062.73433333333,27236.57177777778,0.5865091997829495,143.79000000000087,0.0,1
2016-08-17,27437.25,27389.02,27536.23,27355.19,,0.18%,2016,8,17,2,0.0,0.18,0.1760924633301908,27337.812857142857,28000.462666666666,27258.486333333334,0.5748439744245205,181.04000000000087,0.0,0
2016-08-18,27420.99,27437.25,27565.48,27365.25,,-0.06%,2016,8,18,3,0.0,-0.06,-0.05926249897493241,27359.077142857142,27947.65133333333,27281.28044444444,0.5548231620435212,200.22999999999956,0.0,1
2016-08-19,27650.32,27420.99,27681.31,27420.99,,0.84%,2016,8,19,4,0.0,0.84,0.8363301252070077,27391.718571428577,27907.496,27307.083333333332,0.5813006046471603,260.3199999999997,0.0,1
2016-08-22,27817.0,27650.32,27842.91,27650.32,,0.60%,2016,8,22,0,0.0,0.6,0.6028139999826321,27468.297142857144,27874.279,27342.279000000002,0.5969232543894255,192.59000000000015,0.0,0
2016-08-23,27810.28,27812.06,27921.99,27728.9,,-0.02%,2016,8,23,1,0.0,-0.02,-0.02415788906064975,27548.768571428573,27839.377,27377.510111111114,0.5950625002000153,193.09000000000015,0.0,1
2016-08-24,27880.46,27810.28,27881.03,27753.84,,0.25%,2016,8,24,2,0.0,0.25,0.2523527271210524,27629.33142857143,27811.045,27413.538444444443,0.5957094372222964,127.18999999999869,0.0,0
2016-08-25,27379.95,27880.46,27883.68,27365.22,,-1.80%,2016,8,25,3,0.0,-1.8,-1.7951999357255888,27628.035714285714,27766.940333333332,27442.80277777778,0.6714426570330131,518.4599999999991,0.0,1
2016-08-26,27450.91,27379.95,27573.19,27271.24,,0.26%,2016,8,26,4,0.0,0.26,0.2591677486627919,27629.98714285714,27721.789,27473.152444444448,0.6691138773812534,301.9499999999971,0.0,0
2016-08-29,27368.41,27450.91,27452.83,27312.47,,-0.30%,2016,8,29,0,0.0,-0.3,-0.3005364849471337,27622.475714285712,27676.06133333333,27503.953222222222,0.6695110947839925,140.36000000000058,0.0,1
2016-08-30,27493.12,27368.41,27517.13,27364.18,230.13M,0.46%,2016,8,30,1,230130000.0,0.46,0.45567133786725833,27600.01857142857,27642.88,27535.826111111113,0.6645913031885664,152.95000000000073,0.0,1
2016-08-31,27599.03,27493.12,27612.13,27487.2,262.61M,0.39%,2016,8,31,2,262610000.0,0.39,0.38522364868009973,27568.879999999997,27622.141666666666,27567.093666666664,0.6519440253077915,124.93000000000029,14.113761786816138,1
2016-09-01,28419.92,27599.03,28421.27,27599.03,229.23M,2.97%,2016,9,1,3,229230000.0,2.97,2.9743436635273124,27655.971428571425,27636.229333333333,27606.094111111113,0.8431109239962138,822.2400000000016,-12.710864018887325,0
2016-09-02,27756.67,28419.92,28488.0,27744.76,309.45M,-2.33%,2016,9,2,4,309450000.0,-2.33,-2.3337504116830776,27638.28714285714,27639.470333333335,27638.389222222224,0.922560413516024,743.2400000000016,34.99541944771627,0
2016-09-05,27707.12,27756.67,27786.75,27679.42,195.02M,-0.18%,2016,9,5,0,195020000.0,-0.18,-0.1785156504724772,27685.02571428571,27642.04433333333,27671.07833333333,0.9229818775211663,107.33000000000175,-36.978510260138954,0
2016-09-06,27503.81,27707.12,27707.12,27503.81,176.77M,-0.73%,2016,9,6,1,176770000.0,-0.73,-0.7337825078896576,27692.58285714286,27627.337333333333,27700.844666666668,0.9073614397049794,203.30999999999767,-9.358014562608963,1
2016-09-07,27522.62,27503.75,27528.97,27365.77,295.66M,0.07%,2016,9,7,2,295660000.0,0.07,0.06839052480365204,27714.61285714286,27604.570666666667,27730.992777777778,0.888648443817119,163.20000000000073,67.2568874809074,1
2016-09-08,27574.09,27522.62,27574.77,27445.4,242.74M,0.19%,2016,9,8,3,242740000.0,0.19,0.1870098122925823,27726.18,27588.808333333334,27760.070666666667,0.8850821364464183,129.36999999999898,-17.89893796928905,1
2016-09-09,27577.52,27574.09,27611.31,27557.65,272.85M,0.01%,2016,9,9,4,272850000.0,0.01,0.012439213769166457,27723.10714285714,27574.39466666667,27788.01633333333,0.8850296906968437,53.659999999999854,12.404218505396724,1
2016-09-14,27642.13,27577.52,27642.13,27541.48,182.30M,0.23%,2016,9,14,2,182300000.0,0.23,0.23428502635480797,27611.994285714285,27567.699000000004,27807.756666666668,0.8802743190082232,100.65000000000146,-33.18673263698002,1
2016-09-15,27725.4,27642.13,27748.04,27633.38,200.29M,0.30%,2016,9,15,3,200290000.0,0.3,0.3012430662904686,27607.527142857143,27564.14733333333,27830.082666666665,0.8822152223535711,114.65999999999985,9.868348875479981,1
2016-09-16,27858.48,27725.4,27858.56,27661.62,228.93M,0.48%,2016,9,16,4,228930000.0,0.48,0.47999307494210885,27629.15,27569.83666666667,27855.579333333335,0.8811782132082234,196.94000000000233,14.299266064206906,0
2016-09-19,27839.93,27858.48,28049.07,27811.15,328.20M,-0.07%,2016,9,19,0,328200000.0,-0.07,-0.06658654743546544,27677.16714285714,27572.789666666664,27879.338555555558,0.8804578331292352,237.91999999999825,43.362599921373345,1
2016-09-20,28209.93,27839.93,28225.53,27839.09,231.46M,1.33%,2016,9,20,1,231460000.0,1.33,1.3290263301667826,27775.354285714282,27598.925333333333,27905.801111111112,0.8826136021336352,386.4399999999987,-29.47592931139549,1
2016-09-21,28214.57,28209.93,28239.64,28161.91,225.10M,0.02%,2016,9,21,2,225100000.0,0.02,0.01644810887513337,27866.851428571426,27626.245,27934.331444444444,0.881867213468755,77.72999999999956,-2.747774993519403,0
2016-09-22,28166.42,28214.57,28292.01,28137.67,410.06M,-0.17%,2016,9,22,3,410060000.0,-0.17,-0.17065650832176482,27950.980000000003,27656.054333333333,27962.507000000005,0.8773352168472686,154.34000000000015,82.16792536650377,1
2016-09-23,28247.11,28166.42,28303.44,28140.14,265.07M,0.29%,2016,9,23,4,265070000.0,0.29,0.2864758815639412,28037.405714285713,27683.56366666667,27988.974222222223,0.8741246976733793,163.29999999999927,-35.358240257523285,1
2016-09-26,28263.16,28247.07,28290.24,28238.96,249.77M,0.06%,2016,9,26,0,249770000.0,0.06,0.056819972025445864,28114.22857142857,27716.304,28009.220111111114,0.8664256867752692,51.280000000002474,-5.772060210510432,0
2016-09-27,28248.86,28263.16,28269.07,28174.07,294.91M,-0.05%,2016,9,27,1,294910000.0,-0.05,-0.050595899396954636,28169.997142857144,27749.7,28025.11,0.8658065075807633,95.0,18.072626816671345,0
2016-09-28,28236.23,28248.86,28252.97,28161.95,159.05M,-0.04%,2016,9,28,2,159050000.0,-0.04,-0.04470976881899569,28226.61142857143,27780.357,28042.673888888887,0.8659713697911109,91.02000000000044,-46.06829202129463,1
2016-09-29,28247.56,28236.23,28299.24,28168.85,170.37M,0.04%,2016,9,29,3,170370000.0,0.04,0.04012575333181001,28231.98714285714,27808.975,28059.159444444445,0.8655903759302274,130.39000000000306,7.117258723671793,1
2016-09-30,28335.4,28247.56,28335.4,27907.57,217.81M,0.31%,2016,9,30,4,217810000.0,0.31,0.31096491165962803,28249.248571428576,27838.913333333334,28073.683444444443,0.8663139757361015,427.83000000000175,27.84527792451723,0
2016-10-04,28283.99,28335.4,28346.0,28217.85,198.10M,-0.18%,2016,10,4,1,198100000.0,-0.18,-0.1814338248268932,28266.044285714284,27867.68,28086.512111111115,0.867428603694765,128.15000000000146,-9.049171296083747,0
2016-10-05,28009.4,28277.93,28282.16,27981.39,187.16M,-0.97%,2016,10,5,2,187160000.0,-0.97,-0.9708319087936346,28232.085714285717,27879.64933333333,28097.550222222224,0.877720022293522,300.77000000000044,-5.522463402322064,1
2016-10-06,28026.59,28009.4,28065.18,27936.56,348.80M,0.06%,2016,10,6,3,348800000.0,0.06,0.06137225360056675,28198.29,27886.635666666665,28106.384555555553,0.8714355706265973,128.61999999999898,86.36460782218423,0
2016-10-07,27835.22,28031.9,28043.08,27812.39,200.84M,-0.68%,2016,10,7,4,200840000.0,-0.68,-0.6828158545152951,28139.19857142857,27887.467,28101.658000000003,0.8810569818139687,230.69000000000233,-42.4197247706422,1
2016-10-10,27925.35,27835.22,27953.31,27808.88,171.46M,0.32%,2016,10,10,0,171460000.0,0.32,0.32379841079035465,28094.787142857145,27888.963333333333,28091.078888888886,0.881840009623141,144.4300000000003,-14.628560047799244,1
2016-10-11,28034.32,27925.0,28060.76,27901.45,234.19M,0.39%,2016,10,11,1,234190000.0,0.39,0.39021892294994753,28064.324285714287,27910.77566666667,28081.435222222222,0.8154141730016892,159.30999999999767,36.585792604689146,0
2016-10-12,28027.23,28034.32,28058.03,27921.68,155.58M,-0.03%,2016,10,12,2,155580000.0,-0.03,-0.02529042973041795,28020.299999999996,27929.98633333333,28085.39244444445,0.8149362325226475,136.34999999999854,-33.566762030829665,0
2016-10-13,27854.78,28027.23,28030.72,27803.76,380.75M,-0.62%,2016,10,13,3,380750000.0,-0.62,-0.6152944832578888,27958.984285714287,27946.198666666667,28095.88744444444,0.8219006500595514,226.96000000000276,144.7293996657668,1
2016-10-14,27861.03,27854.78,28264.33,27821.27,220.85M,0.02%,2016,10,14,4,220850000.0,0.02,0.022437800621655235,27937.788571428573,27958.462333333333,28103.414000000004,0.8185441111156659,443.0600000000013,-41.996060407091264,0
2016-10-17,27634.99,27861.03,27867.5,27631.05,255.81M,-0.81%,2016,10,17,0,255810000.0,-0.81,-0.8113124317370768,27881.845714285715,27959.661,28103.41966666667,0.830585699686722,236.45000000000073,15.829748698211453,0
2016-10-18,27555.31,27634.99,27678.2,27555.31,154.11M,-0.29%,2016,10,18,1,154110000.0,-0.29,-0.28833012061882934,27841.858571428573,27930.840666666667,28102.92888888889,0.6141400670939396,122.88999999999942,-39.75606895742935,0
2016-10-19,27478.04,27555.31,27557.14,27460.67,75.01M,-0.28%,2016,10,19,2,75010000.0,-0.28,-0.28041782146526195,27777.957142857143,27921.553,28102.957333333336,0.44893517559712665,96.47000000000116,-51.326974239179805,1
2016-10-20,27598.34,27478.04,27720.3,27478.04,111.90M,0.44%,2016,10,20,3,111900000.0,0.44,0.43780415197007816,27715.674285714285,27917.927,28108.514666666666,0.45607510839830556,242.2599999999984,49.180109318757495,0
2016-10-21,27596.82,27598.34,27627.63,27573.06,70.94M,-0.01%,2016,10,21,4,70940000.0,-0.01,-0.005507577629670912,27654.187142857143,27921.027333333335,28111.981222222224,0.43524384433873614,54.56999999999971,-36.6041108132261,0
2016-10-24,27575.03,27596.82,27630.83,27567.48,101.18M,-0.08%,2016,10,24,0,101180000.0,-0.08,-0.07895837274004558,27614.22285714286,27922.77433333334,28115.785777777775,0.4354188840230868,63.35000000000218,42.62757259656047,0
2016-10-25,27098.52,27575.07,27588.24,27093.23,112.43M,-1.73%,2016,10,25,1,112430000.0,-1.73,-1.7280488906086355,27505.29285714286,27906.922,28115.731777777775,0.536747133922622,495.01000000000204,11.118798181458779,1
2016-10-26,27120.39,27098.52,27121.77,27007.21,159.99M,0.08%,2016,10,26,2,159990000.0,0.08,0.08070551454470998,27431.778571428575,27891.68433333333,28116.691111111115,0.5371943435972028,114.56000000000131,42.301876723294484,1
2016-10-27,27236.78,27120.39,27242.02,27080.2,155.59M,0.43%,2016,10,27,3,155590000.0,0.43,0.4291604951108807,27386.274285714284,27878.172666666665,28109.411333333333,0.5419614090495125,161.8199999999997,-2.750171885742858,1
2016-10-28,27294.21,27236.78,27296.32,27192.46,148.45M,0.21%,2016,10,28,4,148450000.0,0.21,0.21085458706939786,27360.012857142858,27863.799666666666,28096.12622222222,0.5402024050946197,103.86000000000058,-4.5889838678578325,0
2016-10-31,27220.09,27294.21,27317.1,27215.56,219.90M,-0.27%,2016,10,31,0,219900000.0,-0.27,-0.2715594259734888,27305.977142857144,27842.520000000004,28073.602000000003,0.5321030808867661,101.53999999999724,48.13068373189626,1
2016-11-01,27252.48,27219.69,27277.25,27196.56,186.86M,0.12%,2016,11,1,1,186860000.0,0.12,0.11899299377775563,27256.785714285714,27822.938333333335,28056.74177777778,0.5332921447714177,80.68999999999869,-15.025011368803998,0
2016-11-02,27223.08,27252.48,27309.0,27211.28,202.70M,-0.11%,2016,11,2,2,202700000.0,-0.11,-0.10788009017893563,27206.507142857143,27790.04333333333,28032.30144444445,0.4632663749404273,97.72000000000116,8.476934603446429,0
2016-11-03,27044.36,27223.08,27592.42,27031.6,112.52M,-0.66%,2016,11,3,3,112520000.0,-0.66,-0.6565017624750813,27198.77,27751.036333333333,27998.040777777776,0.4727480623264429,560.8199999999997,-44.48939319190922,0
2016-11-04,26981.6,27044.36,27044.36,26896.11,151.85M,-0.23%,2016,11,4,4,151850000.0,-0.23,-0.23206317324574455,27178.942857142854,27711.542333333335,27952.600222222223,0.47301817430456833,148.25,34.95378599360113,0
2016-11-07,26887.54,26981.6,26982.08,26872.46,115.04M,-0.35%,2016,11,7,0,115040000.0,-0.35,-0.3486079402259201,27129.05142857143,27666.22333333333,27910.798888888894,0.46735548814045896,109.62000000000262,-24.241027329601582,0
2016-11-08,26364.27,26884.58,26887.88,26331.97,189.01M,-1.95%,2016,11,8,1,189010000.0,-1.95,-1.9461430833761728,26996.202857142856,27602.927,27872.13755555556,0.5672328857587721,555.9099999999999,64.29937413073714,0
2016-11-09,26173.69,26364.27,26371.37,26083.76,146.11M,-0.72%,2016,11,9,2,146110000.0,-0.72,-0.7228722813110378,26846.717142857142,27533.754666666668,27834.342555555555,0.5731497752676041,287.6100000000006,-22.697211787736094,1
2016-11-10,26221.75,26173.69,26327.35,26142.94,137.64M,0.18%,2016,11,10,3,137640000.0,0.18,0.1836195049303324,26699.469999999998,27466.605333333333,27794.44077777778,0.5775023938835625,184.40999999999985,-5.797002258572304,0
2016-11-11,26170.88,26221.75,26278.62,26137.33,199.92M,-0.19%,2016,11,11,4,199920000.0,-0.19,-0.19399925634253634,26549.155714285713,27397.38266666667,27756.364,0.5750962502269754,141.28999999999724,45.24847428073235,0
2016-11-14,25986.81,26170.88,26239.39,25973.27,160.91M,-0.70%,2016,11,14,0,160910000.0,-0.7,-0.7033389782842625,26398.07714285714,27319.096333333335,27719.490777777777,0.570619922936453,266.119999999999,-19.512805122048814,0
2016-11-15,25857.06,25986.81,26027.55,25795.52,189.73M,-0.50%,2016,11,15,1,189730000.0,-0.5,-0.499291756087028,26237.428571428572,27238.19866666667,27684.510000000006,0.5715537763744322,232.02999999999884,17.910633273258348,0
2016-11-16,25653.14,25857.06,25857.86,25632.09,145.74M,-0.79%,2016,11,16,2,145740000.0,-0.79,-0.788643411122536,26061.085714285717,27159.656666666666,27648.934,0.5650784647039319,225.77000000000044,-23.1855795077215,0
2016-11-17,25599.79,25653.14,25661.4,25595.39,161.59M,-0.21%,2016,11,17,3,161590000.0,-0.21,-0.20796674403210647,25951.87428571429,27078.763333333332,27613.226,0.5614158256608345,66.01000000000204,10.875531768903524,0
2016-11-18,25537.54,25599.79,25609.33,25527.83,165.58M,-0.24%,2016,11,18,4,165580000.0,-0.24,-0.2431660572215666,25860.995714285713,27002.174,27576.339333333333,0.5567950977396774,81.5,2.4692122037254682,0
2016-11-21,25505.91,25537.54,25537.77,25486.53,112.44M,-0.12%,2016,11,21,0,112440000.0,-0.12,-0.12385687893196051,25758.73285714286,26921.526,27540.511444444448,0.5457998730353546,51.2400000000016,-32.09324797680879,0
2016-11-22,25462.28,25499.0,25499.0,25426.12,120.93M,-0.17%,2016,11,22,1,120930000.0,-0.17,-0.1710583939173338,25657.504285714287,26835.791333333334,27504.502444444443,0.5307299311227449,72.88000000000102,7.550693703308431,1
2016-11-23,25517.0,25461.34,25541.06,25427.04,165.72M,0.21%,2016,11,23,2,165720000.0,0.21,0.2149061278094555,25590.38857142857,26752.117000000002,27467.964111111112,0.5370855365292723,114.02000000000044,37.03795584222278,0
2016-11-24,25490.7,25517.0,25523.13,25465.67,97.14M,-0.10%,2016,11,24,3,97140000.0,-0.1,-0.10306854254026332,25538.05142857143,26673.314333333336,27431.858111111113,0.5352129703224516,57.460000000002765,-41.38305575669804,0
2016-11-25,25333.39,25490.7,25501.92,25312.28,144.16M,-0.62%,2016,11,25,4,144160000.0,-0.62,-0.6171270306425503,25492.372857142855,26589.059666666668,27396.800666666666,0.5349195642627085,189.63999999999942,48.40436483425983,0
2016-11-28,25318.41,25330.87,25358.67,25273.71,202.43M,-0.06%,2016,11,28,0,202430000.0,-0.06,-0.05913144667966108,25452.175714285713,26511.840333333334,27364.547666666665,0.5284491660681839,84.95999999999913,40.420366259711436,0
2016-11-29,25233.42,25318.41,25318.41,25188.2,511.58M,-0.34%,2016,11,29,1,511580000.0,-0.34,-0.33568458682832203,25408.730000000003,26434.444,27333.838,0.5285145721239675,130.20999999999913,152.719458578274,1
2016-11-30,25241.63,25233.42,25362.12,25198.36,414.13M,0.03%,2016,11,30,2,414130000.0,0.03,0.032536215859768625,25370.975714285716,26359.897,27306.973444444448,0.5318216658312305,163.7599999999984,-19.048829117635556,1
2016-12-01,25265.08,25241.63,25267.75,25212.02,773.87M,0.09%,2016,12,1,3,773870000.0,0.09,0.09290208278942558,25342.804285714286,26282.121666666666,27280.697666666667,0.5193237241116685,55.72999999999956,86.86644290440199,1
2016-12-02,25740.83,25265.08,25926.12,25154.17,576.38M,1.88%,2016,12,2,4,576380000.0,1.88,1.8830338158438487,25374.780000000002,26220.255333333334,27256.20666666666,0.6526773304647131,771.9500000000007,-25.519790145631692,1
2016-12-05,25743.03,25740.83,25845.35,25706.17,175.05M,0.01%,2016,12,5,0,175050000.0,0.01,0.008546732953051972,25410.827142857142,26159.188666666665,27228.84455555556,0.6535693455645174,139.1800000000003,-69.62941115236477,0
2016-12-06,25671.23,25743.03,25807.65,25664.94,189.40M,-0.28%,2016,12,6,1,189400000.0,-0.28,-0.27891044682774035,25459.09,26111.612333333334,27202.44755555556,0.5891687190125428,142.71000000000276,8.197657812053706,1
2016-12-07,25673.8,25671.23,25746.46,25669.87,255.73M,0.01%,2016,12,7,2,255730000.0,0.01,0.010011207098381547,25509.860000000004,26063.392666666667,27176.490555555556,0.5882367896810781,76.59000000000015,35.02111932418161,1
2016-12-08,25739.18,25673.8,25809.18,25638.37,166.00M,0.25%,2016,12,8,3,166000000.0,0.25,0.25465649806417634,25582.11142857143,26013.47266666667,27153.114777777777,0.5828343870104377,170.8100000000013,-35.08778790130216,1
2016-12-09,25817.69,25739.18,25817.69,25684.15,108.52M,0.31%,2016,12,9,4,108520000.0,0.31,0.3050213720872108,25664.405714285713,25964.255333333334,27130.73411111111,0.5852976034391609,133.53999999999724,-34.62650602409638,1
2016-12-13,26071.16,25817.69,26071.21,25817.69,376.70M,0.98%,2016,12,13,1,376700000.0,0.98,0.9817687020023946,25779.56,25925.957666666665,27112.771444444446,0.6223564318075164,253.52000000000044,247.1249539255437,1
2016-12-14,26407.64,26071.16,26407.64,26068.56,205.33M,1.29%,2016,12,14,2,205330000.0,1.29,1.2906215143476452,25874.81857142857,25897.796333333335,27097.841444444442,0.6739105188597405,339.0799999999981,-45.49243429784975,1
2016-12-15,26559.01,26407.64,26578.78,26363.99,199.98M,0.57%,2016,12,15,3,199980000.0,0.57,0.5732053299726925,25991.38714285714,25875.66066666667,27088.209777777778,0.6851100108475487,214.78999999999724,-2.605561778600307,1
2016-12-16,26707.1,26559.01,26722.77,26413.42,874.34M,0.56%,2016,12,16,4,874340000.0,0.56,0.5575885546938775,26139.368571428575,25864.41866666667,27080.566666666666,0.685740875485357,309.3500000000022,337.21372137213723,0
2016-12-19,26586.56,26707.1,26707.1,26543.01,262.90M,-0.45%,2016,12,19,0,262899999.99999997,-0.45,-0.4513406547322574,26269.762857142858,25851.250666666663,27072.949111111117,0.6890243774317344,164.09000000000015,-69.93160555390352,0
2016-12-20,26540.87,26586.56,26602.42,26509.7,248.71M,-0.17%,2016,12,20,1,248710000.0,-0.17,-0.17185374866098835,26384.29,25839.695,27063.160666666667,0.6871082152542873,92.71999999999753,-5.397489539748945,0
2016-12-21,26418.11,26529.94,26529.94,26395.79,421.18M,-0.46%,2016,12,21,2,421180000.0,-0.46,-0.4625319365943903,26470.064285714285,25841.48966666667,27053.57355555556,0.5920760330889588,134.14999999999782,69.34582445418359,1
2016-12-22,26464.82,26418.11,26490.12,26415.92,188.68M,0.18%,2016,12,22,3,188680000.0,0.18,0.17681052883797843,26526.301428571427,25851.194,27044.88288888889,0.5763300763014478,74.20000000000073,-55.20205137945771,1
2016-12-23,26486.02,26464.82,26642.26,26431.77,138.91M,0.08%,2016,12,23,4,138910000.0,0.08,0.08010634495152491,26537.49857142857,25860.003,27035.65511111111,0.5757407067781632,210.48999999999796,-26.37799448802205,1
2016-12-28,26688.25,26488.95,26701.53,26488.95,130.64M,0.76%,2016,12,28,2,130639999.99999999,0.76,0.7635348761346528,26555.961428571427,25877.248666666666,27027.868777777778,0.5889955193721106,212.5799999999981,-5.953495068749559,1
2016-12-29,26782.93,26688.25,26790.54,26648.64,116.89M,0.35%,2016,12,29,3,116890000.0,0.35,0.3547628638071121,26566.794285714288,25903.786,27020.598555555556,0.5727352195544353,141.90000000000146,-10.525107164727487,1
2016-12-30,26874.62,26782.93,26874.62,26704.01,106.30M,0.34%,2016,12,30,4,106300000.0,0.34,0.3423449189465133,26607.945714285714,25937.704666666665,27014.527777777777,0.5627821113614393,170.61000000000058,-9.05979981178886,0
2017-01-03,26616.89,26874.62,26874.62,26574.27,106.43M,-0.96%,2017,1,3,1,106430000.0,-0.96,-0.9590089087771259,26618.80571428571,25969.82966666667,27003.04522222222,0.5731385374903106,300.34999999999854,0.12229539040451431,0
2017-01-04,26495.04,26616.89,26648.35,26492.45,62.09M,-0.46%,2017,1,4,2,62090000.0,-0.46,-0.4577920260406043,26629.795714285716,25999.671333333335,26988.356777777775,0.5799119829508032,155.89999999999782,-41.66118575589589,0
2017-01-05,26212.09,26495.04,26623.98,26212.09,137.69M,-1.07%,2017,1,5,3,137690000.0,-1.07,-1.067935734386516,26593.691428571427,26022.156333333332,26970.59911111111,0.6159684953307083,411.8899999999994,121.75873731679818,1
2017-01-06,26251.39,26212.09,26285.49,26203.89,210.21M,0.15%,2017,1,6,4,210210000.0,0.15,0.14993081436847078,26560.17285714286,26047.005666666664,26952.498333333333,0.6147365852271983,81.60000000000218,52.66903914590748,1
2017-01-09,26580.22,26251.39,26580.22,26244.67,209.02M,1.25%,2017,1,9,0,209020000.0,1.25,1.2526193851068568,26544.74,26084.270333333334,26943.612444444447,0.6473452952677585,335.5500000000029,-0.5661005661005691,0
2017-01-10,26346.24,26580.22,26628.85,26338.81,279.34M,-0.88%,2017,1,10,1,279340000.0,-0.88,-0.8802786432918874,26482.355714285713,26111.91166666667,26931.33833333333,0.6736344742951398,290.03999999999724,33.64271361592193,1
2017-01-11,26385.8,26346.24,26411.21,26325.21,197.45M,0.15%,2017,1,11,2,197450000.0,0.15,0.15015425351017075,26412.524285714284,26141.748333333333,26920.420444444448,0.6724730646473418,86.0,-29.315529462304003,0
2017-01-12,26330.39,26385.8,26414.92,26305.65,179.33M,-0.21%,2017,1,12,3,179330000.0,-0.21,-0.20999931781487957,26371.595714285715,26174.981666666667,26907.50122222222,0.6611538831248333,109.2699999999968,-9.177006837173973,0
2017-01-13,26325.93,26330.15,26350.33,26278.04,148.57M,-0.02%,2017,1,13,4,148570000.0,-0.02,-0.016938602124760838,26347.437142857143,26208.56566666667,26893.35566666667,0.660780570474907,72.29000000000087,-17.152735180951318,1
2017-01-16,26373.83,26325.93,26378.56,26325.93,174.00M,0.18%,2017,1,16,0,174000000.0,0.18,0.1819498874303882,26370.54285714286,26246.579333333335,26870.621333333333,0.6548719414588089,52.63000000000102,17.116510735680144,0
2017-01-17,26278.2,26373.83,26375.68,26271.52,371.87M,-0.36%,2017,1,17,1,371870000.0,-0.36,-0.36259428380330805,26374.372857142855,26281.131666666664,26854.193888888887,0.6612482938956874,104.15999999999985,113.71839080459769,0
2017-01-18,26245.34,26278.2,26308.87,26236.0,394.82M,-0.13%,2017,1,18,2,394820000.0,-0.13,-0.12504661658713223,26326.532857142854,26313.807000000004,26837.951888888892,0.6629371763962773,72.86999999999898,6.17151154973512,0
2017-01-19,26201.6,26245.34,26246.42,26168.49,196.46M,-0.17%,2017,1,19,3,196460000.0,-0.17,-0.1666581572195347,26305.87,26329.166,26823.482888888888,0.5758399004599902,77.92999999999665,-50.24061597690086,1
2017-01-20,26223.54,26201.6,26228.41,26160.76,203.19M,0.08%,2017,1,20,4,203190000.0,0.08,0.0837353444064659,26282.690000000002,26345.183,26809.048666666666,0.5757684404042632,67.65000000000146,3.4256337167871242,1
2017-01-23,26231.37,26223.54,26231.37,26107.29,228.59M,0.03%,2017,1,23,0,228590000.0,0.03,0.029858668966875612,26268.544285714284,26363.85433333333,26794.12955555556,0.572189501897031,124.07999999999811,12.500615187755294,0
2017-01-24,26217.54,26231.37,26296.54,26122.99,187.70M,-0.05%,2017,1,24,1,187700000.0,-0.05,-0.05272313264613748,26253.06,26381.979,26779.018666666667,0.5725442715073301,173.54999999999927,-17.887921606369485,1
2017-01-25,26240.45,26217.54,26248.36,26214.85,189.99M,0.09%,2017,1,25,2,189990000.0,0.09,0.08738424733976125,26234.00571428571,26398.688000000002,26763.444444444445,0.5715123064001064,33.51000000000204,1.2200319659030345,1
2017-01-26,26289.95,26240.45,26295.29,26211.25,146.49M,0.19%,2017,1,26,3,146490000.0,0.19,0.18864005762095903,26235.684285714287,26414.43,26747.495,0.5702266766129502,84.04000000000087,-22.895941891678508,1
2017-01-27,26328.22,26289.95,26361.45,26277.08,237.79M,0.15%,2017,1,27,4,237790000.0,0.15,0.1455689341364197,26247.524285714288,26422.998666666666,26730.49211111111,0.5435297976182275,84.36999999999898,62.32507338384872,0
2017-01-30,26217.18,26328.22,26339.35,26191.13,143.52M,-0.42%,2017,1,30,0,143520000.0,-0.42,-0.42175278085643253,26249.75,26416.65,26712.46155555555,0.49475373287469826,148.21999999999753,-39.644223895033434,0
2017-01-31,26036.24,26217.18,26244.8,25912.22,205.75M,-0.69%,2017,1,31,1,205750000.0,-0.69,-0.6901581329494588,26222.992857142857,26399.22433333333,26688.309444444447,0.4960269490026659,332.5799999999981,43.359810479375696,0
2017-02-01,25903.55,26036.24,26084.25,25800.68,246.36M,-0.51%,2017,2,1,2,246360000.0,-0.51,-0.5096357999465395,26176.161428571428,26372.439333333332,26662.63144444444,0.488037686101958,283.5699999999997,19.737545565006066,1
2017-02-02,25936.24,25903.55,25936.24,25750.45,151.50M,0.13%,2017,2,2,3,151500000.0,0.13,0.12619891868104194,26135.975714285712,26350.762000000002,26637.851666666666,0.48510843714415974,185.79000000000087,-38.50462737457379,0
2017-02-03,25802.54,25936.24,26084.39,25790.59,144.47M,-0.52%,2017,2,3,4,144470000.0,-0.52,-0.5154949213918458,26073.417142857146,26326.151,26610.689777777778,0.491335679477037,293.7999999999993,-4.64026402640264,0
2017-02-06,25587.09,25802.54,25812.09,25575.2,152.36M,-0.83%,2017,2,6,0,152360000.0,-0.83,-0.8349953144147881,25973.00857142857,26298.450333333334,26580.955666666665,0.5055013239002561,236.88999999999942,5.461341454973345,0
2017-02-07,25446.66,25587.09,25595.97,25380.4,207.18M,-0.55%,2017,2,7,1,207180000.0,-0.55,-0.5488314614909284,25847.071428571428,26264.511666666665,26549.820111111112,0.5088890808336652,215.5699999999997,35.9805723286952,1
2017-02-08,25460.45,25446.66,25511.1,25424.96,347.82M,0.05%,2017,2,8,2,347820000.0,0.05,0.05419178784171752,25738.967142857146,26230.326,26518.978111111108,0.5085430043251363,86.13999999999942,67.88300028960323,0
2017-02-09,25322.3,25460.45,25472.15,25257.02,142.83M,-0.54%,2017,2,9,3,142830000.0,-0.54,-0.5426062775795493,25636.975714285712,26184.79433333333,26486.475222222223,0.4847343814898903,215.13000000000102,-58.935656373986546,1
2017-02-10,25340.02,25322.3,25350.03,25204.41,201.73M,0.07%,2017,2,10,4,201730000.0,0.07,0.06997784561435516,25556.471428571425,26136.697333333334,26453.193222222224,0.47674831221654596,145.61999999999898,41.23783518868584,0
2017-02-13,25244.65,25340.02,25475.13,25232.94,141.91M,-0.38%,2017,2,13,0,141910000.0,-0.38,-0.3763611867709571,25457.67285714286,26082.365,26419.422777777774,0.46738778295142763,242.19000000000233,-29.6534972487979,0
2017-02-14,25032.17,25244.29,25246.17,25000.95,144.89M,-0.84%,2017,2,14,1,144890000.0,-0.84,-0.8416832873500035,25347.62,26029.541000000005,26386.342444444443,0.46133250625894634,245.21999999999753,2.099922486082728,1
2017-02-15,25130.26,25032.17,25130.26,24962.19,161.84M,0.39%,2017,2,15,2,161840000.0,0.39,0.3918557600080197,25282.358571428573,25984.048333333332,26354.161000000004,0.4711509188125599,168.0699999999997,11.69852991924909,0
2017-02-16,25055.29,25130.26,25171.26,25041.74,144.39M,-0.30%,2017,2,16,3,144390000.0,-0.3,-0.2983256042714988,25226.448571428573,25945.488333333335,26323.27288888889,0.4408349300019488,129.5199999999968,-10.782254078101827,1
2017-02-17,25164.91,25055.29,25188.29,25025.87,480.00M,0.44%,2017,2,17,4,480000000.0,0.44,0.4375123975814965,25184.228571428568,25909.272333333334,26292.601333333336,0.4505872957359938,162.4200000000019,232.432993974652,1
2017-02-20,25249.49,25164.91,25273.94,25128.57,103.36M,0.34%,2017,2,20,0,103360000.0,0.34,0.33610293062840135,25173.827142857142,25864.914666666667,26261.65877777778,0.3781745425435909,145.36999999999898,-78.46666666666667,1
2017-02-21,25251.63,25249.49,25323.81,25181.86,125.15M,0.01%,2017,2,21,1,125150000.0,0.01,0.008475418711428873,25161.200000000004,25828.427666666666,26230.81877777778,0.35472868488672404,141.95000000000073,21.081656346749234,0
2017-02-22,25249.74,25251.63,25263.49,25181.34,118.46M,-0.01%,2017,2,22,2,118460000.0,-0.01,-0.007484665346357833,25161.92714285714,25790.559,26201.873888888895,0.35142321260222714,82.15000000000146,-5.345585297642829,1
2017-02-23,25409.06,25249.74,25409.06,25204.33,146.71M,0.63%,2017,2,23,3,146710000.0,0.63,0.6309767942164868,25215.768571428573,25759.848,26174.629777777773,0.3786301611484489,204.72999999999956,23.84771230795204,0
2017-02-24,25250.37,25409.06,25417.1,25223.02,259.31M,-0.62%,2017,2,24,4,259310000.0,-0.62,-0.624541010175117,25232.92714285714,25723.996,26148.134000000002,0.38914467050438495,194.0799999999981,76.75005112125963,1
2017-02-27,25373.42,25250.37,25382.73,25218.23,254.75M,0.49%,2017,2,27,0,254750000.0,0.49,0.48731959175252193,25278.374285714286,25690.648999999998,26123.89077777778,0.40160254651605154,164.5,-1.758512976745985,0
2017-02-28,25329.08,25373.42,25402.89,25286.61,444.50M,-0.17%,2017,2,28,1,444500000.0,-0.17,-0.17474979722873485,25301.827142857142,25659.01166666667,26100.013444444445,0.39927702488809824,116.27999999999884,74.4847890088322,0
2017-03-01,25183.1,25329.08,25351.8,25183.1,228.02M,-0.58%,2017,3,1,2,228020000.0,-0.58,-0.5763336054843027,25292.342857142856,25623.603666666666,26073.177444444445,0.407814457031518,168.70000000000073,-48.70191226096738,0
2017-03-02,24829.59,25183.1,25204.97,24762.07,186.00M,-1.40%,2017,3,2,3,186000000.0,-1.4,-1.4037588700358539,25232.051428571427,25577.87,26042.430444444442,0.4689056002863771,442.90000000000146,-18.428208051925267,1
2017-03-03,25012.08,24829.59,25037.4,24829.59,274.17M,0.73%,2017,3,3,4,274170000.0,0.73,0.7349698484751421,25198.100000000002,25537.488,26013.953222222222,0.49574896837650645,207.8100000000013,47.40322580645162,0
2017-03-06,24581.99,25012.08,25136.1,24568.07,128.16M,-1.72%,2017,3,6,0,128160000.0,-1.72,-1.7195291235275079,25079.947142857145,25482.508666666672,25985.99177777778,0.5703628272307136,568.0299999999988,-53.255279571069046,1
2017-03-07,25129.27,24581.99,25129.27,24547.37,215.36M,2.23%,2017,3,7,1,215360000.0,2.23,2.226345385381734,25062.647142857146,25446.233,25963.868222222223,0.723812767083617,581.9000000000015,68.03995006242198,0
2017-03-08,24986.02,25129.27,25169.1,24932.24,218.72M,-0.57%,2017,3,8,2,218720000.0,-0.57,-0.5700523731887119,25007.304285714286,25404.418666666665,25938.859777777783,0.7266787525445788,236.85999999999694,1.5601783060921193,1
2017-03-09,25170.36,24986.02,25292.47,24877.2,215.91M,0.74%,2017,3,9,3,215910000.0,0.74,0.737772562416894,24984.63,25367.099,25915.261444444448,0.7425226611984234,415.27000000000044,-1.2847476225310905,1
2017-03-10,25238.01,25170.36,25543.4,25167.17,245.39M,0.27%,2017,3,10,4,245390000.0,0.27,0.2687685039069576,24992.47428571429,25330.75866666667,25893.23833333333,0.7445077113866733,376.2300000000032,13.653837247001066,0
2017-03-13,25136.63,25238.01,25238.85,25062.25,135.40M,-0.40%,2017,3,13,0,135400000.0,-0.4,-0.40169569629300295,25036.337142857144,25294.74033333333,25869.72888888889,0.7442532568113152,176.59999999999854,-44.82252740535474,1
2017-03-14,25284.56,25136.63,25284.56,25041.41,227.76M,0.59%,2017,3,14,1,227760000.0,0.59,0.5885037095266998,25075.262857142858,25269.684333333335,25848.189777777774,0.7481169730135482,243.15000000000146,68.21270310192024,1
2017-03-15,25301.23,25284.56,25315.56,25235.94,233.78M,0.07%,2017,3,15,2,233780000.0,0.07,0.06592956333824063,25178.01142857143,25249.607,25828.821666666663,0.7444857778421405,79.62000000000262,2.643133122585173,1
2017-03-16,25418.08,25301.23,25469.06,25278.87,279.95M,0.46%,2017,3,16,3,279950000.0,0.46,0.46183525464968955,25219.269999999997,25232.335,25811.449222222218,0.7501253039870477,190.19000000000233,19.749336983488753,1
2017-03-17,25653.16,25418.08,25678.51,25408.44,151.38M,0.92%,2017,3,17,4,151380000.0,0.92,0.9248534901141081,25314.575714285715,25227.355666666666,25797.733888888888,0.7661887004951119,270.0699999999997,-45.926058224682976,1
2017-03-20,25671.55,25653.16,25671.55,25549.65,495.24M,0.07%,2017,3,20,0,495240000.0,0.07,0.07168707480871284,25386.174285714285,25230.171,25790.036999999997,0.7505120610785951,121.89999999999782,227.15021799445103,0
2017-03-21,25558.57,25671.55,25680.63,25484.9,153.72M,-0.44%,2017,3,21,1,153720000.0,-0.44,-0.4400980852344305,25431.96857142857,25233.901333333335,25783.202333333335,0.7479599453097198,195.72999999999956,-68.96050399806155,0
2017-03-22,25514.09,25558.57,25561.25,25495.57,198.84M,-0.17%,2017,3,22,2,198840000.0,-0.17,-0.17403164574543162,25485.891428571427,25235.689333333332,25775.339444444442,0.748732307260717,65.68000000000029,29.352068696331003,0
2017-03-23,25514.03,25514.09,25558.33,25453.07,115.11M,0.00%,2017,3,23,3,115110000.0,0.0,-0.0002351641779196889,25518.672857142858,25242.080333333335,25768.041111111113,0.741448487968713,105.26000000000204,-42.10923355461678,0
2017-03-24,25454.93,25512.69,25516.94,25380.58,142.00M,-0.23%,2017,3,24,4,142000000.0,-0.23,-0.2316372599702965,25540.629999999997,25245.91066666667,25762.13133333333,0.7429003368005276,136.35999999999694,23.360264095213278,1
2017-03-27,25485.17,25454.93,25497.56,25406.27,557.06M,0.12%,2017,3,27,0,557060000.0,0.12,0.11879820529854257,25550.214285714286,25253.928,25757.999222222217,0.7393343780564691,91.29000000000087,292.2957746478873,0
2017-03-28,25406.72,25485.17,25514.97,25303.19,191.95M,-0.31%,2017,3,28,1,191950000.0,-0.31,-0.30782608081483254,25515.00857142857,25266.412999999997,25755.261222222223,0.7237855313975707,211.78000000000247,-65.54231142067282,0
2017-03-29,25267.68,25406.72,25415.22,25214.59,521.66M,-0.55%,2017,3,29,2,521659999.99999994,-0.55,-0.5472567887551016,25457.312857142857,25270.99366666667,25751.571111111116,0.7288724524028708,200.63000000000102,171.76868976295907,1
2017-03-30,25533.82,25267.68,25533.82,25212.17,294.18M,1.05%,2017,3,30,3,294180000.0,1.05,1.0532822958023713,25453.777142857143,25286.94466666667,25751.52977777778,0.7499387074554617,321.65000000000146,-43.60694705363646,0
2017-03-31,25516.34,25533.82,25561.99,25444.13,377.51M,-0.07%,2017,3,31,4,377510000.0,-0.07,-0.06845822520875622,25454.09857142857,25298.659,25751.645666666664,0.7469744082022551,117.86000000000058,28.3261948466925,0
2017-04-03,25273.03,25516.34,25555.73,25251.19,97.69M,-0.95%,2017,4,3,0,97690000.0,-0.95,-0.9535458455248724,25419.670000000002,25299.44366666667,25749.542888888893,0.7667262409972108,304.5400000000009,-74.12253980027019,0
2017-04-04,25266.15,25273.03,25339.7,25243.18,180.12M,-0.03%,2017,4,4,1,180120000.0,-0.03,-0.027222695497919336,25392.70142857143,25299.927666666666,25746.755666666668,0.7667498757410535,96.52000000000044,84.3791585628007,1
2017-04-05,25471.69,25266.15,25471.69,25255.52,158.70M,0.81%,2017,4,5,2,158700000.0,0.81,0.8134994844881227,25390.77571428571,25307.326,25746.544444444444,0.7808198607006134,216.16999999999825,-11.89207195203198,1
2017-04-06,25755.18,25471.69,25764.45,25471.69,241.51M,1.11%,2017,4,6,3,241510000.0,1.11,1.112961095239462,25440.555714285718,25318.86333333333,25751.231,0.7983291896310136,292.76000000000204,52.18021424070574,0
2017-04-07,25746.52,25755.18,25818.98,25656.23,107.94M,-0.03%,2017,4,7,4,107940000.0,-0.03,-0.03362430392643834,25508.96142857143,25335.401666666665,25755.98777777778,0.7883865729721944,162.75,-55.306198501097256,0
2017-04-10,25626.37,25746.52,25749.87,25575.33,191.83M,-0.47%,2017,4,10,0,191830000.0,-0.47,-0.46666500948477907,25522.182857142856,25343.833333333332,25760.35388888889,0.7901227605241454,174.53999999999724,77.71910320548452,0
2017-04-11,25478.06,25626.37,25637.96,25468.88,402.67M,-0.58%,2017,4,11,1,402670000.0,-0.58,-0.5787397903019298,25516.714285714286,25348.799333333332,25762.980888888887,0.7972504808053696,169.0799999999981,109.90981598290155,1
2017-04-12,25496.71,25478.06,25514.28,25441.66,247.66M,0.07%,2017,4,12,2,247660000.0,0.07,0.07320023581072199,25548.66857142857,25359.253,25765.55455555555,0.7892029119542098,72.61999999999898,-38.4955422554449,1
2017-04-13,25510.01,25496.82,25530.34,25438.52,349.28M,0.05%,2017,4,13,3,349280000.0,0.05,0.052163592871390385,25583.505714285715,25381.933666666668,25762.989888888893,0.7403405638128584,91.81999999999971,41.03206008237099,0
2017-04-18,25218.12,25510.17,25510.17,25213.8,246.09M,-1.14%,2017,4,18,1,246090000.0,-1.14,-1.1442175052067793,25547.28142857143,25388.80166666667,25757.157555555557,0.7632763558382138,296.369999999999,-29.543632615666514,1
2017-04-19,25331.77,25207.07,25331.77,25181.14,232.30M,0.45%,2017,4,19,2,232300000.0,0.45,0.4506680117312589,25486.794285714284,25413.79433333333,25753.385777777774,0.6911649649738535,150.63000000000102,-5.603640944369948,0
2017-04-20,25288.11,25331.77,25342.03,25245.51,147.89M,-0.17%,2017,4,20,3,147890000.0,-0.17,-0.17235274124153266,25421.307142857142,25419.089,25749.100333333336,0.5640551522827297,96.52000000000044,-36.336633663366335,0
2017-04-21,25189.37,25282.75,25318.02,25177.28,171.60M,-0.39%,2017,4,21,4,171600000.0,-0.39,-0.3904601806936192,25358.87857142857,25425.867333333335,25742.991333333335,0.558474393004957,140.7400000000016,16.03218608425181,1
2017-04-24,25747.05,25189.37,25785.63,25159.24,211.76M,2.21%,2017,4,24,0,211760000.0,2.21,2.2139497732575286,25397.305714285718,25445.090333333337,25742.206444444444,0.6758217996111211,626.3899999999994,23.403263403263395,1
2017-04-25,25818.87,25747.05,25857.1,25745.47,127.42M,0.28%,2017,4,25,1,127420000.0,0.28,0.27894457811672435,25443.328571428574,25464.452333333335,25739.403222222223,0.6759235340951859,111.62999999999738,-39.82810729127314,0
2017-04-26,25620.94,25818.87,25903.52,25611.8,255.70M,-0.77%,2017,4,26,2,255700000.0,-0.77,-0.7666098477586369,25459.175714285713,25480.596,25730.662111111116,0.6880301449839067,291.72000000000116,100.674933291477,1
2017-04-27,25753.0,25620.94,25804.14,25618.26,360.01M,0.52%,2017,4,27,3,360010000.0,0.52,0.5154377630172791,25535.58714285714,25496.210666666666,25721.706444444444,0.6862434467611528,185.88000000000102,40.79389910050841,1
2017-04-28,25767.26,25753.0,25893.91,25639.34,366.47M,0.06%,2017,4,28,4,366470000.0,0.06,0.055372189647795445,25597.799999999996,25511.745,25711.263777777775,0.6862448512270698,254.5699999999997,1.7943946001500066,1
2017-05-02,25965.18,25758.51,25977.23,25751.57,191.02M,0.77%,2017,5,2,1,191020000.0,0.77,0.7681065041451829,25694.524285714284,25529.98166666667,25704.359555555555,0.6946080957179946,225.65999999999985,-47.875678773160146,1
2017-05-03,26117.15,25965.18,26122.02,25963.28,264.49M,0.59%,2017,5,3,2,264490000.0,0.59,0.5852838301140251,25827.06428571429,25545.447999999997,25699.651555555556,0.6829220598117955,158.7400000000016,38.46194115799393,1
2017-05-04,26166.8,26116.79,26166.8,25998.22,255.60M,0.19%,2017,5,4,3,255600000.0,0.19,0.19010496934006582,25887.028571428575,25561.95633333333,25696.85922222222,0.6833220153294218,168.5799999999981,-3.361185678097467,1
2017-05-05,26235.63,26166.8,26256.35,26124.81,442.83M,0.26%,2017,5,5,4,442830000.0,0.26,0.2630432456395271,25946.565714285713,25584.525,25694.31266666667,0.6773988660944935,131.53999999999724,73.25117370892018,1
2017-05-08,26419.17,26235.63,26428.42,26175.1,267.64M,0.70%,2017,5,8,0,267640000.0,0.7,0.6995829717067803,26060.59857142857,25614.694333333337,25693.56988888889,0.6844252145146166,253.3199999999997,-39.56145699252534,1
2017-05-09,26756.21,26418.33,26772.21,26411.03,539.21M,1.28%,2017,5,9,1,539210000.0,1.28,1.2757403052404692,26203.91428571429,25656.100333333332,25694.325,0.71572216809406,361.1800000000003,101.46839037513078,1
2017-05-10,27546.68,26756.21,27722.48,26707.37,584.12M,2.95%,2017,5,10,2,584120000.0,2.95,2.9543421882247234,26458.117142857143,25725.82533333333,25702.81111111111,0.87425658521889,1015.1100000000006,8.3288514678882,1
2017-05-11,28423.7,27546.68,28608.94,27546.68,801.07M,3.18%,2017,5,11,3,801070000.0,3.18,3.183759349584059,26809.33428571429,25823.776333333335,25720.023111111113,1.0227796511512302,1062.2599999999984,37.14134082037936,0
2017-05-12,28192.46,28423.7,28873.44,28190.38,1.06B,-0.81%,2017,5,12,4,1060000000.0,-0.81,-0.8135464418777327,27105.807142857142,25916.634333333335,25737.529444444444,1.0383754863487873,683.0599999999977,32.32301796347385,0
2017-05-15,27513.69,28192.46,28227.09,27492.41,670.96M,-2.41%,2017,5,15,0,670960000.0,-2.41,-2.4076295576902496,27298.22,25991.501333333334,25748.847777777777,1.144131785174738,734.6800000000003,-36.70188679245283,1
2017-05-16,27609.67,27513.69,27615.28,27277.1,569.18M,0.35%,2017,5,16,1,569180000.0,0.35,0.34884452067316385,27494.511428571426,26060.69633333333,25764.37644444445,1.135131455699005,338.1800000000003,-15.169309645880524,1
2017-05-17,27900.44,27609.67,27901.29,27609.51,371.46M,1.05%,2017,5,17,2,371460000.0,1.05,1.053145510250575,27706.12142857143,26140.166333333334,25782.699222222225,1.1421485215078537,291.7800000000025,-34.73769282125162,1
2017-05-18,28101.63,27900.44,28129.64,27863.23,353.14M,0.72%,2017,5,18,3,353140000.0,0.72,0.7210997389288654,27898.324285714283,26234.452999999998,25799.603777777775,1.1192385383375993,266.40999999999985,-4.931890378506432,1
2017-05-19,28113.44,28101.63,28154.52,27994.01,305.97M,0.04%,2017,5,19,4,305970000.0,0.04,0.04202603194192189,27979.29,26329.362666666668,25819.239333333335,1.1184829731515973,160.51000000000204,-13.357308716089932,0
2017-05-22,28078.3,28113.38,28228.45,28036.4,208.34M,-0.12%,2017,5,22,0,208340000.0,-0.12,-0.12499359736837246,27929.947142857145,26416.249666666667,25838.044888888886,1.1185607014272898,192.04999999999927,-31.90835702846684,1
2017-05-23,28093.3,28078.3,28209.79,28047.66,212.69M,0.05%,2017,5,23,1,212690000.0,0.05,0.0534220376589678,27915.781428571423,26494.186999999998,25857.63277777778,1.1097213093423257,162.13000000000102,2.087933186138047,1
2017-05-24,28286.43,28093.3,28329.03,28093.3,311.28M,0.69%,2017,5,24,2,311280000.0,0.69,0.6874592874457575,28026.172857142858,26578.85066666667,25879.41611111111,1.1101451475447424,235.72999999999956,46.35384832385161,1
2017-05-25,28467.61,28286.43,28514.31,28245.88,418.94M,0.64%,2017,5,25,3,418940000.0,0.64,0.6405191464599724,28148.735714285714,26673.558666666668,25902.680333333334,1.1014604478837788,268.4300000000003,34.58622462092007,1
2017-05-26,29064.52,28467.61,29102.03,28467.61,725.53M,2.10%,2017,5,26,4,725530000.0,2.1,2.0968040520437103,28315.032857142858,26793.107333333333,25933.63944444445,1.1310103215867542,634.4199999999983,73.18231727693703,1
2017-05-30,29281.04,29065.86,29512.26,29065.86,832.52M,0.74%,2017,5,30,1,832520000.0,0.74,0.7449632748106616,28483.519999999997,26919.251666666667,25967.369444444445,1.130022268813766,446.3999999999978,14.74646120766887,1
2017-05-31,29498.31,29276.59,29534.11,28959.58,343.19M,0.74%,2017,5,31,2,343190000.0,0.74,0.7420159939674376,28681.358571428573,27052.195,26003.99955555556,1.1282756531921907,574.5299999999988,-58.77696631912747,1
2017-06-01,30314.14,29498.31,30314.14,29498.31,434.43M,2.77%,2017,6,1,3,434430000.0,2.77,2.765683864601054,29000.764285714286,27222.06233333333,26049.450666666668,1.1582385692823196,815.8299999999981,26.58585623124217,1
2017-06-02,31371.63,30314.14,31373.98,30314.14,708.41M,3.49%,2017,6,2,4,708410000.0,3.49,3.488438068835209,29469.097142857143,27423.391,26106.564666666665,1.270141993551623,1059.8400000000001,63.06654696959233,1
2017-06-05,32578.38,31371.63,32666.13,31371.63,640.44M,3.85%,2017,6,5,0,640440000.0,3.85,3.8466283071679763,30082.23285714286,27666.4,26177.24066666667,1.379666141070286,1294.5,-9.594726217868189,0
2017-06-06,32200.38,32578.38,32751.69,31978.1,744.88M,-1.16%,2017,6,6,1,744880000.0,-1.16,-1.160278687890559,30615.485714285718,27900.100333333332,26243.46211111111,1.4104836465033859,773.5900000000001,16.307538567235035,1
2017-06-07,32686.72,32200.38,32686.72,31624.16,497.11M,1.51%,2017,6,7,2,497110000.0,1.51,1.5103548467440442,31132.942857142858,28131.422666666665,26314.537333333337,1.3924361893122774,1062.5600000000013,-33.2630759316937,1
2017-06-08,32937.98,32686.72,33119.12,32686.72,528.14M,0.77%,2017,6,8,3,528140000.0,0.77,0.7686913829224817,31655.362857142864,28368.726333333332,26387.97911111111,1.3888868199080406,432.40000000000146,6.242079217879337,1
2017-06-09,33276.68,32937.98,33280.18,32937.98,686.30M,1.03%,2017,6,9,4,686300000.0,1.03,1.0282962100286674,32195.130000000005,28623.917666666668,26466.418,1.3562697870354439,342.1999999999971,29.946605066838327,0
2017-06-12,33236.7,33276.68,33445.99,32962.16,501.08M,-0.12%,2017,6,12,0,501080000.0,-0.12,-0.12014419707736534,32612.63857142857,28873.374333333333,26546.42311111111,1.3671475644270956,483.82999999999447,-26.988197581232697,0
2017-06-13,33141.85,33235.28,33257.6,33095.9,408.72M,-0.29%,2017,6,13,1,408720000.0,-0.29,-0.2853773088182576,32865.52714285714,29119.194000000003,26626.848666666672,1.3754780206321775,161.6999999999971,-18.43218647720922,1
2017-06-14,33598.2,33141.85,33602.39,33091.26,759.05M,1.38%,2017,6,14,2,759050000.0,1.38,1.3769599464121596,33011.21571428572,29373.628,26711.981555555554,1.3786924646426015,511.1299999999974,85.71393619103543,1
2017-06-15,33797.84,33598.2,33983.89,33494.29,573.60M,0.59%,2017,6,15,3,573600000.0,0.59,0.5941984987291038,33239.42428571428,29629.651,26800.818222222224,1.3786295311691732,489.59999999999854,-24.43185560898492,1
2017-06-16,33810.56,33797.84,33863.69,33567.76,493.24M,0.04%,2017,6,16,4,493240000.0,0.04,0.0376355412061935,33399.97285714286,29884.443000000003,26892.19011111111,1.3815085792948858,295.9300000000003,-14.009762900976286,1
2017-06-19,34135.1,33810.96,34146.51,33810.96,482.52M,0.96%,2017,6,19,0,482520000.0,0.96,0.9598776240322682,33570.99,30147.75866666667,26988.728333333333,1.3768531209437374,335.5500000000029,-2.173384153758817,1
2017-06-20,34375.6,34134.67,34375.6,33689.78,392.27M,0.70%,2017,6,20,1,392270000.0,0.7,0.7045533776083746,33727.97857142857,30412.972999999998,27087.785555555558,1.3768296809711245,685.8199999999997,-18.703887921744176,0
2017-06-21,33477.89,34381.7,34384.7,33397.48,508.61M,-2.61%,2017,6,21,2,508610000.0,-2.61,-2.611474417901072,33762.434285714284,30637.029,27178.403222222223,1.5152726066929634,987.2199999999939,29.658143625564026,0
2017-06-22,32928.44,33482.61,33501.68,32450.3,509.61M,-1.64%,2017,6,22,3,509610000.0,-1.64,-1.641232467159659,33731.94714285714,30816.421,27262.719,1.5181696526993338,1051.380000000001,0.19661430172430716,0
2017-06-23,32122.14,32928.04,32952.38,32102.86,417.53M,-2.45%,2017,6,23,4,417530000.0,-2.45,-2.448643178966281,33521.08142857142,30939.70233333333,27339.135555555556,1.5367667317344211,849.5199999999968,-18.06871921665587,1
2017-06-28,32657.3,32122.14,32662.34,32065.66,386.24M,1.67%,2017,6,28,2,386240000.0,1.67,1.6660160250842493,33358.14714285714,31088.530333333336,27423.85922222222,1.53481625543388,596.6800000000003,-7.494072282231212,1
2017-06-29,33269.84,32657.3,33269.84,32657.3,431.16M,1.88%,2017,6,29,3,431160000.0,1.88,1.8756602658517307,33280.90142857143,31280.402,27514.298999999995,1.4517351477637523,612.5399999999972,11.630074565037285,0
2017-06-30,33117.48,33269.84,33275.64,32758.94,345.54M,-0.46%,2017,6,30,4,345540000.0,-0.46,-0.4579523075554093,33135.52714285714,31463.995666666666,27603.878888888885,1.4648315343309741,516.7000000000007,-19.858057333704426,0
2017-07-03,32769.83,33117.48,33132.44,32748.6,162.34M,-1.05%,2017,7,3,0,162340000.0,-1.05,-1.0497477465072902,32906.13142857143,31626.308666666668,27688.378,1.4933513462989,383.8400000000038,-53.0184638536783,0
2017-07-04,32410.2,32769.8,32770.59,32406.84,206.18M,-1.10%,2017,7,4,1,206180000.0,-1.1,-1.0974423730608307,32753.604285714286,31769.927666666666,27767.941444444445,1.5227189718559444,363.74999999999636,27.00505112726377,0
2017-07-05,32302.32,32410.2,32411.7,32210.2,311.38M,-0.33%,2017,7,5,2,311380000.0,-0.33,-0.332858174278472,32664.15857142857,31909.557000000004,27846.282444444445,1.5280320079124956,201.5,51.02337763119604,1
2017-07-06,32354.78,32302.32,32354.78,32149.69,168.51M,0.16%,2017,7,6,3,168510000.0,0.16,0.16240319580760332,32697.39285714286,32052.106333333333,27925.227333333332,1.5250369130329962,205.09000000000015,-45.88284411330208,1
2017-07-07,32459.17,32354.78,32459.17,32219.72,212.38M,0.32%,2017,7,7,4,212380000.0,0.32,0.322641662221157,32669.088571428576,32197.635333333335,28003.561888888893,1.5232016727102509,239.4499999999971,26.034063260340634,1
2017-07-10,32620.84,32459.37,32644.88,32432.59,182.07M,0.50%,2017,7,10,0,182070000.0,0.5,0.4980718853870858,32576.37428571429,32342.115666666665,28085.456000000002,1.5227638629054923,212.29000000000087,-14.271588661832569,1
2017-07-11,32827.98,32614.6,32910.31,32546.08,218.76M,0.63%,2017,7,11,1,218760000.0,0.63,0.6349928450646969,32535.01714285714,32487.461333333333,28168.284444444445,1.522745048981779,364.2299999999959,20.15159004778382,1
2017-07-12,32981.63,32827.98,32981.63,32812.72,270.86M,0.47%,2017,7,12,2,270860000.0,0.47,0.46804585600452864,32565.274285714284,32618.031666666666,28253.312777777777,1.4921096029237473,168.90999999999622,23.816054123240082,1
2017-07-13,33246.91,32981.63,33257.19,32981.29,288.86M,0.80%,2017,7,13,3,288860000.0,0.8,0.8043265296469704,32684.804285714286,32750.227333333332,28342.910666666667,1.4925768266195663,275.90000000000146,6.645499520047249,1
2017-07-14,33261.66,33246.91,33301.53,33183.36,311.61M,0.04%,2017,7,14,4,311610000.0,0.04,0.04436502520084318,32821.852857142854,32875.672333333336,28436.600333333336,1.4930633950529844,118.16999999999825,7.875787578757887,1
2017-07-17,33301.43,33261.66,33373.36,33052.13,322.81M,0.12%,2017,7,17,0,322810000.0,0.12,0.11956709316371938,32957.08857142857,32975.24866666667,28528.704222222223,1.4258562182188375,321.2300000000032,3.5942363852251136,1
2017-07-18,33436.61,33301.43,33436.61,33222.98,323.54M,0.41%,2017,7,18,1,323540000.0,0.41,0.405928514180931,33096.72285714286,33044.08133333333,28627.088888888888,1.2949832731945448,213.62999999999738,0.2261392150181285,1
2017-07-19,33514.93,33436.61,33658.67,33436.61,331.43M,0.23%,2017,7,19,2,331430000.0,0.23,0.23423427195519153,33224.45,33075.299666666666,28720.262888888887,1.099389389988785,222.05999999999767,2.438647462446686,1
2017-07-20,33695.83,33514.93,33702.61,33435.98,191.43M,0.54%,2017,7,20,3,191430000.0,0.54,0.5397594445221809,33348.42857142857,33125.148,28817.03855555555,1.0757271740490704,266.6299999999974,-42.24119723621881,1
2017-07-21,34020.37,33695.83,34045.15,33692.29,378.19M,0.96%,2017,7,21,4,378190000.0,0.96,0.963145884817207,33496.82,33169.603,28915.372,1.0564557293177896,352.8600000000006,97.5604659666719,1
2017-07-24,34652.52,34020.37,34685.4,33999.14,293.75M,1.86%,2017,7,24,0,293750000.0,1.86,1.8581514545550126,33697.62142857143,33226.75433333333,29019.97766666667,1.0968083549621177,686.260000000002,-22.327401570639093,1
2017-07-25,35533.0,34652.52,35597.13,34652.52,513.44M,2.54%,2017,7,25,1,513440000.00000006,2.54,2.540883029574781,34022.09857142857,33301.965,29135.492888888886,1.169722828391384,944.6100000000006,74.788085106383,1
2017-07-26,36740.77,35533.0,36794.22,35504.88,335.33M,3.40%,2017,7,26,2,335330000.0,3.4,3.399009371570072,34513.43285714286,33418.76733333334,29262.784111111116,1.3027531562118952,1289.3400000000038,-34.68954502960424,1
2017-07-27,37245.17,36740.77,37258.33,36704.65,542.80M,1.37%,2017,7,27,3,542800000.0,1.37,1.372861809918513,35057.51285714286,33555.54466666667,29395.494555555557,1.310335334360709,553.6800000000003,61.87039632600722,0
2017-07-28,36864.71,37245.17,37655.46,36506.35,525.52M,-1.02%,2017,7,28,4,525520000.0,-1.02,-1.0215015799364013,35536.05285714286,33664.42833333333,29522.679333333333,1.3216744859220848,1149.1100000000006,-3.1834929992630823,0
2017-07-31,35847.75,36881.74,36933.43,35793.63,490.16M,-2.76%,2017,7,31,0,490160000.0,-2.76,-2.758627424439253,35843.469999999994,33732.75866666667,29635.952555555556,1.4344738330188336,1139.800000000003,-6.728573603288169,1
2017-08-01,36720.62,35847.75,36728.33,35444.0,433.55M,2.43%,2017,8,1,1,433550000.0,2.43,2.434936641769725,36229.219999999994,33829.76066666666,29758.720000000005,1.4904287950955686,1284.3300000000017,-11.54929002774604,1
2017-08-02,36905.06,36720.62,36905.06,36252.17,251.01M,0.50%,2017,8,2,2,251010000.0,0.5,0.5022791009519967,36551.01142857143,33922.09266666667,29884.79211111111,1.4856317723434196,652.8899999999994,-42.10356360281398,1
2017-08-03,37135.23,36905.06,37135.67,36901.21,279.15M,0.62%,2017,8,3,3,279150000.0,0.62,0.6236814138765867,36779.90142857143,34014.08033333333,30013.915888888892,1.4848912819326774,234.45999999999913,11.210708736703712,1
2017-08-04,37425.15,37135.23,37476.69,37096.68,515.48M,0.78%,2017,8,4,4,515480000.0,0.78,0.7807141628044301,36877.67,34145.655666666666,30146.261666666665,1.3837418415507383,380.01000000000204,84.6605767508508,1
2017-08-07,37525.38,37425.15,37584.48,37292.56,254.48M,0.27%,2017,8,7,0,254480000.0,0.27,0.2678145578574709,36917.7,34298.887,30280.37777777778,1.3303832479314723,291.92000000000553,-50.63242026848762,1
2017-08-08,37999.56,37525.38,38005.8,37451.09,218.21M,1.26%,2017,8,8,1,218210000.0,1.26,1.26362477874975,37079.82142857143,34494.801,30419.426555555558,1.220014227739481,554.7100000000064,-14.25259352404904,1
2017-08-09,38144.02,37999.56,38186.79,37961.43,328.65M,0.38%,2017,8,9,2,328650000.0,0.38,0.38016229661606005,37407.86,34677.691666666666,30560.95211111111,1.2026017542522907,225.36000000000058,50.61179597635306,0
2017-08-10,38102.85,38144.02,38185.32,37944.91,362.67M,-0.11%,2017,8,10,3,362670000.0,-0.11,-0.1079330390451716,37605.32142857143,34838.792,30703.56511111111,1.1801562881137404,240.40999999999622,10.35143769968052,1
2017-08-11,38198.6,38102.85,38227.1,38102.85,353.64M,0.25%,2017,8,11,4,353640000.0,0.25,0.2512935384098469,37790.11285714286,35008.16266666667,30844.28488888889,1.1681795788935634,124.25,-2.4898668210770136,0
2017-08-14,37950.96,38198.6,38241.67,37949.49,316.11M,-0.65%,2017,8,14,0,316110000.0,-0.65,-0.6482960108485591,37906.64571428572,35180.867,30982.447333333337,1.1522004367867344,292.1800000000003,-10.612487275195114,0
2017-08-15,37096.6,37950.96,37954.43,37007.13,391.63M,-2.25%,2017,8,15,1,391630000.0,-2.25,-2.2512210494807006,37859.71,35337.08033333333,31113.82033333333,1.2242551424078336,947.3000000000029,23.890417892505766,0
2017-08-16,36102.38,37096.6,37097.26,36008.56,224.77M,-2.68%,2017,8,16,2,224770000.0,-2.68,-2.6800838890895684,37656.42428571428,35463.748999999996,31234.22288888889,1.3455627351842583,1088.7000000000044,-42.6065418890279,1
2017-08-17,36316.58,36102.38,36364.81,35871.31,225.14M,0.59%,2017,8,17,3,225140000.0,0.59,0.593312684648506,37415.99857142857,35595.809,31354.721666666668,1.3454578424861232,493.5,0.16461271521999166,1
2017-08-18,36920.56,36316.58,36923.71,36267.39,236.62M,1.66%,2017,8,18,4,236620000.0,1.66,1.6630971308421616,37241.218571428566,35744.522,31478.78144444444,1.3651023259699016,656.3199999999997,5.099049480323359,0
2017-08-21,36584.44,36920.56,37050.0,36550.28,368.38M,-0.91%,2017,8,21,0,368380000.0,-0.91,-0.9103870580511098,37024.30285714286,35876.642,31599.202777777777,1.3870519040693992,499.72000000000116,55.684219423548306,1
2017-08-22,36962.48,36584.44,37074.42,36572.06,144.31M,1.03%,2017,8,22,1,144310000.0,1.03,1.0333354836099762,36847.71428571428,36014.458666666666,31725.159555555558,1.3913555398050519,502.3600000000006,-60.82577772951843,1
2017-08-23,37059.21,36962.48,37088.44,36886.32,264.28M,0.26%,2017,8,23,2,264279999.99999997,0.26,0.2616978081557253,36720.32142857143,36150.378000000004,31853.839000000004,1.3915459653316948,202.12000000000262,83.13353197976576,0
2017-08-24,36575.86,37063.41,37063.47,36538.95,238.16M,-1.30%,2017,8,24,3,238160000.0,-1.3,-1.3042641761656482,36645.93,36261.34299999999,31976.94066666667,1.42324098281555,524.5200000000041,-9.883456939609491,1
2017-08-25,36646.46,36575.86,36648.59,36491.93,422.45M,0.19%,2017,8,25,4,422450000.0,0.19,0.19302348598229102,36723.65571428571,36374.16966666666,32100.679,1.4224766017724555,156.65999999999622,77.3807524353376,0
2017-08-28,36317.31,36646.46,36651.25,36241.81,348.11M,-0.90%,2017,8,28,0,348110000.0,-0.9,-0.8981767952484399,36723.76,36474.699,32224.00333333333,1.439781578071836,409.4400000000023,-17.597348798674396,0
2017-08-29,36165.93,36317.31,36320.58,35747.97,144.45M,-0.42%,2017,8,29,1,144450000.0,-0.42,-0.41682602593638984,36615.955714285716,36565.67633333334,32344.382888888893,1.4455073207432159,572.6100000000006,-58.50449570538048,0
2017-08-30,35629.13,36166.16,36169.04,35515.11,239.91M,-1.48%,2017,8,30,2,239910000.0,-1.48,-1.4842698639299545,36479.48285714286,36636.149666666664,32459.28311111111,1.4806782287659404,653.9300000000003,66.08515057113189,0
2017-08-31,35504.62,35629.13,35629.97,35417.16,202.37M,-0.35%,2017,8,31,3,202370000.0,-0.35,-0.34946124140554646,36271.21714285714,36696.44266666667,32573.897,1.482845602386497,212.80999999999767,-15.647534492101201,0
2017-09-05,35403.92,35504.62,35521.1,35326.19,59.50M,-0.28%,2017,9,5,1,59500000.0,-0.28,-0.28362506062592496,36034.747142857144,36742.561,32681.195555555558,1.4777493307642442,194.90999999999622,-70.59840885506745,1
2017-09-06,35609.07,35403.92,35745.7,35348.94,281.84M,0.58%,2017,9,6,2,281840000.0,0.58,0.5794556083055236,35896.63428571429,36774.446,32789.97555555555,1.4446583243988445,396.75999999999476,373.68067226890753,1
2017-09-07,36112.37,35605.3,36141.7,35559.76,222.67M,1.41%,2017,9,7,3,222670000.0,1.41,1.4134039445568236,35820.33571428571,36793.75833333333,32906.547,1.392725329787144,581.939999999995,-20.994181095657105,0
2017-09-08,35953.44,36112.37,36175.23,35901.02,152.47M,-0.44%,2017,9,8,4,152470000.0,-0.44,-0.44009850364293834,35768.35428571429,36767.513999999996,33019.88522222222,1.24410334301467,274.2100000000064,-31.526474154578523,0
2017-09-11,35664.94,35957.24,36030.89,35621.0,114.72M,-0.80%,2017,9,11,0,114720000.0,-0.8,-0.8024266940798941,35696.78428571429,36714.839666666674,33129.859444444446,1.2205999360173112,409.8899999999994,-24.75896897750377,0
2017-09-12,35397.52,35664.94,35665.61,35364.73,373.49M,-0.75%,2017,9,12,1,373490000.0,-0.75,-0.7498120002445097,35663.69714285714,36665.933333333334,33234.663222222225,1.2148065561039567,300.8799999999974,225.5665969316597,1
2017-09-13,35464.34,35397.52,35464.34,35221.27,119.89M,0.19%,2017,9,13,2,119890000.0,0.19,0.18877028673194296,35657.94285714286,36653.153,33338.52088888889,1.1093363569683041,243.0699999999997,-67.90007764598785,1
2017-09-14,35660.04,35464.34,35713.91,35448.01,128.31M,0.55%,2017,9,14,3,128310000.0,0.55,0.5518219146331438,35694.53142857143,36617.80033333333,33444.00133333333,1.0142613193370686,265.90000000000146,7.023104512469769,0
2017-09-15,35005.57,35659.72,35676.51,34976.5,160.14M,-1.84%,2017,9,15,4,160140000.0,-1.84,-1.8353036059409966,35608.317142857144,36554.484000000004,33541.44511111111,1.0559164869202513,700.010000000002,24.807107785831196,0
2017-09-18,34873.07,35005.57,35105.67,34744.96,162.73M,-0.38%,2017,9,18,0,162730000.0,-0.38,-0.3785111912189998,35431.27428571428,36479.07866666666,33635.37733333333,1.045726311638317,360.7099999999991,1.6173348320219771,0
2017-09-19,34846.82,34873.07,34883.22,34734.21,174.66M,-0.08%,2017,9,19,1,174660000.0,-0.08,-0.07527298284893957,35273.18571428571,36393.134333333335,33725.273,1.0294842089587268,149.01000000000204,7.331162047563455,1
2017-09-20,35207.89,34846.82,35207.89,34729.78,137.34M,1.04%,2017,9,20,2,137340000.0,1.04,1.036163414624336,35207.892857142855,36315.884666666665,33810.39755555555,1.0516787215833248,478.1100000000006,-21.36722775678461,0
2017-09-21,35188.97,35207.89,35411.85,35128.03,429.22M,-0.05%,2017,9,21,3,429220000.0,-0.05,-0.05373795475956955,35178.1,36222.198333333334,33885.56722222223,1.015025057799812,283.8199999999997,212.52366389981069,1
2017-09-22,35488.81,35188.97,35490.84,35187.24,192.20M,0.85%,2017,9,22,4,192200000.0,0.85,0.8520851846473443,35181.595714285715,36133.691333333336,33966.637777777774,1.028705649879581,303.59999999999854,-55.221098737244304,0
2017-09-25,35361.52,35488.81,35488.81,35246.52,107.15M,-0.36%,2017,9,25,0,107150000.0,-0.36,-0.3586764391367292,35138.95,36042.31366666666,34053.83588888889,1.0286556452790832,242.29000000000087,-44.250780437044746,0
2017-09-26,34951.27,35358.73,35420.53,34876.87,298.53M,-1.16%,2017,9,26,1,298530000.0,-1.16,-1.1601594049124642,35131.19285714286,35934.06933333333,34135.40922222222,1.0374881297464094,543.6599999999962,178.6094260382641,1
2017-09-27,35103.4,34951.27,35170.7,34653.22,136.40M,0.44%,2017,9,27,2,136400000.0,0.44,0.4352631535277762,35164.09714285714,35839.15066666667,34215.442111111115,1.0434459524198874,517.4799999999959,-54.30944963655244,1
2017-09-28,35429.31,35103.4,35433.52,34847.79,337.35M,0.93%,2017,9,28,3,337350000.0,0.93,0.9284285852652285,35247.31,35783.57433333333,34296.86077777777,0.9939324726288045,585.7299999999959,147.3240469208211,1
2017-09-29,35439.98,35430.3,35469.12,35350.17,235.82M,0.03%,2017,9,29,4,235820000.0,0.03,0.03011630765601403,35280.46571428571,35761.494333333336,34378.266777777775,0.8715150884812527,118.95000000000437,-30.09633911368016,0
2017-10-03,35306.09,35439.98,35475.59,35262.26,634.33M,-0.38%,2017,10,3,1,634330000.0,-0.38,-0.37779366692646255,35297.19714285714,35727.81133333334,34458.57555555556,0.864494587250261,213.32999999999447,168.98905945212454,1
2017-10-04,35358.57,35306.09,35500.23,35272.84,174.07M,0.15%,2017,10,4,2,174070000.0,0.15,0.14864291118048545,35278.59142857143,35675.744999999995,34539.300777777775,0.8004115023269365,227.3900000000067,-72.55844749578296,1
2017-10-05,35773.98,35358.57,35773.98,35155.08,296.82M,1.17%,2017,10,5,3,296820000.0,1.17,1.1748495484970256,35337.514285714286,35648.729666666666,34622.49577777778,0.8215458181871452,618.9000000000015,70.51760785890733,1
2017-10-06,36320.98,35773.69,36350.14,35772.7,367.07M,1.53%,2017,10,6,4,367070000.0,1.53,1.5290442942048843,35533.18714285714,35627.346333333335,34709.75544444444,0.8490554129861627,577.4400000000023,23.667542618421944,1
2017-10-09,36831.93,36321.81,36888.73,36320.29,262.16M,1.41%,2017,10,9,0,262160000.00000003,1.41,1.4067627029887397,35780.12,35619.77033333333,34796.06,0.8885938623376938,568.4400000000023,-28.58037976407769,0
2017-10-10,36776.6,36831.93,36846.77,36747.68,353.19M,-0.15%,2017,10,10,1,353190000.0,-0.15,-0.15022291799534626,35972.590000000004,35626.46166666666,34879.344,0.8552868783212333,99.08999999999651,34.7230698809887,0
2017-10-11,36652.82,36776.6,36776.6,36620.52,336.38M,-0.34%,2017,10,11,2,336380000.0,-0.34,-0.3365727119962081,36145.852857142854,35626.67366666666,34958.83855555555,0.8570941073845124,156.08000000000175,-4.7594779014128346,1
2017-10-12,36732.24,36652.99,36732.24,36619.78,443.68M,0.22%,2017,10,12,3,443680000.0,0.22,0.21668182693719285,36349.58857142857,35640.50466666666,35030.15077777778,0.8406338387305827,112.45999999999913,31.89844818360188,1
2017-10-13,36848.17,36732.24,36868.25,36731.09,159.61M,0.32%,2017,10,13,4,159610000.0,0.32,0.31560830485699576,36562.38857142857,35663.246,35091.00122222223,0.8375001711396497,137.1600000000035,-64.02587450414714,1
2017-10-16,36970.81,36848.17,37041.52,36833.89,214.96M,0.33%,2017,10,16,0,214960000.0,0.33,0.33282521221542627,36733.364285714284,35707.96866666667,35139.806,0.7856396271213352,207.62999999999738,34.67827830336445,0
2017-10-17,36669.61,36970.81,36970.81,36668.42,211.87M,-0.81%,2017,10,17,1,211870000.0,-0.81,-0.8146967837599384,36783.16857142857,35746.801666666666,35189.46411111111,0.7998178062736623,302.3899999999994,-1.4374767398585786,0
2017-10-18,36641.52,36669.61,36702.17,36634.01,198.63M,-0.08%,2017,10,18,2,198630000.0,-0.08,-0.07660294178204463,36755.967142857146,35788.055,35233.40633333333,0.7971864516205953,68.15999999999622,-6.249115023363383,1
2017-10-19,36645.65,36641.52,36663.33,36611.37,140.87M,0.01%,2017,10,19,3,140870000.0,0.01,0.011271366471699018,36737.26,35822.60766666666,35274.602666666666,0.7925731138675437,51.95999999999913,-29.0791924684086,0
2017-10-20,36587.31,36645.65,36683.58,36583.21,106.54M,-0.16%,2017,10,20,4,106540000.0,-0.16,-0.15920034165037844,36727.90142857143,35838.439,35311.387444444445,0.7536740195089394,100.37000000000262,-24.36998651238731,0
2017-10-23,36411.73,36587.31,36596.66,35825.05,253.54M,-0.48%,2017,10,23,0,253540000.0,-0.48,-0.47989316514385205,36682.114285714284,35853.71533333333,35346.665555555555,0.7545940884932215,771.6100000000006,137.97634691195796,1
2017-10-24,36531.62,36411.73,36551.39,36406.89,199.86M,0.33%,2017,10,24,1,199860000.0,0.33,0.32926202627558965,36636.892857142855,35882.604666666666,35384.329666666665,0.7388942926137781,144.5,-21.172201624990137,1
2017-10-25,36622.85,36531.62,36754.39,36531.62,333.00M,0.25%,2017,10,25,2,333000000.0,0.25,0.2497288650215701,36587.184285714284,35923.449,35417.93688888889,0.7224118794298883,222.7699999999968,66.6166316421495,0
2017-10-26,36517.48,36622.85,36640.07,36438.6,356.72M,-0.29%,2017,10,26,3,356720000.0,-0.29,-0.2877165485482336,36565.45142857143,35958.55366666667,35448.15511111111,0.7259864629530853,201.47000000000116,7.123123123123132,0
2017-10-27,36462.26,36517.48,36530.55,36310.2,250.88M,-0.15%,2017,10,27,4,250880000.0,-0.15,-0.15121525362649102,36539.84285714286,35985.29433333334,35477.618444444444,0.7222407967788615,220.35000000000582,-29.670329670329664,1
2017-10-30,36484.3,36462.26,36484.3,36203.89,174.53M,0.06%,2017,10,30,0,174530000.0,0.06,0.060446061215069236,36516.79285714286,36034.585333333336,35503.72066666667,0.6256586098486497,280.4100000000035,-30.4328762755102,1
2017-10-31,36680.29,36484.3,36681.46,36144.63,259.08M,0.54%,2017,10,31,1,259079999.99999997,0.54,0.5371899693840776,36530.07571428571,36094.826,35529.32833333333,0.6218203728001428,536.8300000000017,48.44439351400904,1
2017-11-01,36887.2,36680.29,36888.04,36427.31,249.35M,0.56%,2017,11,1,2,249350000.0,0.56,0.5640904147704351,36598.0,36162.83866666666,35567.20955555556,0.6240618201542456,460.7300000000032,-3.7555967268797175,0
2017-11-02,36877.15,36887.2,36912.54,36682.4,318.15M,-0.03%,2017,11,2,3,318150000.0,-0.03,-0.02724522327527401,36647.36142857143,36218.48066666666,35611.08411111111,0.6043330427597288,230.13999999999942,27.591738520152397,1
2017-11-03,36939.59,36877.15,37009.46,36834.34,361.05M,0.17%,2017,11,3,4,361050000.0,0.17,0.1693189414040841,36692.61,36276.83466666667,35664.61133333333,0.6030307344595012,175.12000000000262,13.484205563413475,0
2017-11-06,36930.83,36939.59,37014.89,36910.49,466.52M,-0.02%,2017,11,6,0,466520000.0,-0.02,-0.023714394231211244,36751.659999999996,36324.902,35712.095,0.5896069598584324,104.40000000000146,29.2120204957762,1
2017-11-07,37013.57,36930.83,37063.04,36907.07,305.17M,0.22%,2017,11,7,1,305170000.0,0.22,0.22404045617170354,36830.41857142857,36379.97033333334,35753.692,0.5823525009184629,155.97000000000116,-34.58586984480837,1
2017-11-08,37138.97,37013.57,37138.97,36965.05,193.47M,0.34%,2017,11,8,2,193470000.0,0.34,0.33879466368686995,36923.94285714286,36452.89366666667,35798.375222222225,0.5274297941822861,173.91999999999825,-36.60254939869581,0
2017-11-09,37051.54,37138.97,37156.28,36932.48,175.75M,-0.24%,2017,11,9,3,175750000.0,-0.24,-0.23541309842465274,36976.978571428575,36517.831666666665,35845.94977777778,0.5314839006932524,223.79999999999563,-9.15904274564532,1
2017-11-10,37120.28,37051.54,37121.51,36963.86,175.27M,0.19%,2017,11,10,4,175270000.0,0.19,0.18552535198266273,37010.275714285715,36574.19733333334,35898.284,0.5124513745588777,157.65000000000146,-0.273115220483644,1
2017-11-13,37312.28,37120.28,37314.36,36843.04,207.77M,0.52%,2017,11,13,0,207770000.0,0.52,0.5172374777345334,37072.43714285714,36636.60733333333,35953.95022222222,0.5160040640370882,471.3199999999997,18.542819649683338,0
2017-11-14,36953.41,37312.28,37345.7,36996.54,,-0.96%,2017,11,14,1,0.0,-0.96,-0.9618013158134375,37074.41142857143,36691.518000000004,36005.04611111111,0.5475530959261053,349.1599999999962,-100.0,0
2017-11-15,36617.45,36617.45,36617.45,36617.45,,-0.91%,2017,11,15,2,0.0,-0.91,-0.9091447852850543,37029.642857142855,36733.48066666666,36051.24922222222,0.5809223769004378,0.0,0.0,1
2017-11-16,36634.89,36617.45,36679.93,36541.9,217.75M,0.05%,2017,11,16,3,217750000.0,0.05,0.04762756554594905,36975.54571428571,36762.17766666667,36095.84977777778,0.5456098975307107,138.02999999999884,0.0,1
2017-11-17,36703.58,36634.89,36766.24,36615.55,1.83B,0.19%,2017,11,17,4,1830000000.0,0.19,0.1874988569639635,36913.34714285714,36774.931,36138.912000000004,0.4729518035728365,150.68999999999505,740.4133180252583,1
2017-11-20,36792.6,36703.58,36800.85,36599.99,208.71M,0.24%,2017,11,20,0,208710000.0,0.24,0.24253764891597474,36876.35571428571,36773.62,36181.25611111111,0.398503325709417,200.86000000000058,-88.59508196721312,0
2017-11-21,36600.07,36792.6,36864.64,36579.63,257.93M,-0.52%,2017,11,21,1,257930000.0,-0.52,-0.5232845735283709,36802.04,36767.73566666667,36218.51344444444,0.4089464905481712,285.01000000000204,23.582962004695517,1
2017-11-22,36608.76,36600.07,36693.59,36563.48,261.88M,0.02%,2017,11,22,2,261880000.0,0.02,0.023743123988562154,36701.537142857145,36766.267,36255.70344444444,0.40444972832676446,130.1099999999933,1.5314232543713446,1
2017-11-23,36688.75,36608.76,36984.36,36592.26,513.80M,0.22%,2017,11,23,3,513799999.99999994,0.22,0.21849961593891631,36663.728571428575,36764.81733333333,36293.34033333334,0.4044839433298164,392.09999999999854,96.19673132732547,1
2017-11-24,37365.91,36688.75,37374.88,36677.42,870.58M,1.85%,2017,11,24,4,870580000.0,1.85,1.8456883922183254,36770.65142857143,36782.075333333334,36336.99922222222,0.5246735452236793,697.4599999999991,69.43947061113276,0
2017-11-27,37250.78,37365.91,37393.29,37269.55,942.72M,-0.31%,2017,11,27,0,942720000.0,-0.31,-0.3081150706620184,36858.635714285716,36791.407666666666,36378.50866666667,0.5257175702018781,123.73999999999796,8.286429736497514,1
2017-11-28,37503.73,37250.78,37541.88,37212.61,1.10B,0.68%,2017,11,28,1,1100000000.0,0.68,0.6790461837309358,36972.94285714285,36819.21166666667,36420.818666666666,0.5139056964176565,329.2699999999968,16.683638832315005,1
2017-11-29,37709.2,37503.73,37716.14,37466.5,441.81M,0.55%,2017,11,29,2,441810000.0,0.55,0.5478655056443626,37103.885714285716,36854.801,36461.80566666667,0.5201094777014583,249.63999999999942,-59.835454545454546,1
2017-11-30,37944.6,37709.2,38057.71,37709.2,495.32M,0.62%,2017,11,30,3,495320000.0,0.62,0.6242508459474161,37295.96142857143,36898.09933333333,36498.384333333335,0.5285932012017015,348.51000000000204,12.111541160227258,1
2017-12-04,37974.58,37944.6,38023.27,37913.99,500.19M,0.08%,2017,12,4,0,500190000.0,0.08,0.07900992499592085,37491.07857142857,36944.34166666667,36525.513,0.5260762053198421,109.27999999999884,0.9832027780021013,1
2017-12-05,38494.43,37974.58,38515.91,37970.44,522.30M,1.37%,2017,12,5,1,522299999.99999994,1.37,1.3689420659820373,37749.032857142854,37013.76500000001,36544.99811111111,0.5599192461649593,545.4700000000012,4.420320278294243,1
2017-12-06,39075.3,38494.43,39111.28,38494.43,703.64M,1.51%,2017,12,6,2,703640000.0,1.51,1.508971557703287,37993.23142857143,37098.554333333326,36565.33288888889,0.6094809912478575,616.8499999999985,34.7195098602336,1
2017-12-07,39534.14,39075.3,39623.52,39075.3,1.06B,1.17%,2017,12,7,3,1060000000.0,1.17,1.1742456231941922,38319.42571428571,37195.59733333333,36594.99322222223,0.6335966430857602,548.2199999999939,50.645216303791706,0
2017-12-08,39257.53,39534.14,39656.53,39231.97,530.06M,-0.70%,2017,12,8,4,530059999.99999994,-0.7,-0.6996737503332628,38569.96857142857,37286.93233333333,36632.87966666667,0.6500646682776025,424.5599999999977,-49.99433962264151,0
2017-12-11,38913.99,39257.53,39292.21,38891.25,350.58M,-0.88%,2017,12,11,0,350580000.0,-0.88,-0.8750932623626584,38742.08142857143,37368.65666666666,36657.25044444444,0.6780530044557892,400.9599999999991,-33.860317699883026,1
2017-12-12,38924.63,38913.99,39104.09,38836.25,462.67M,0.03%,2017,12,12,1,462670000.0,0.03,0.02734235168380117,38882.08571428571,37450.001000000004,36679.69011111111,0.6783474256315952,267.8399999999965,31.972730903074908,0
2017-12-13,38534.64,38924.63,38945.09,38514.43,323.94M,-1.00%,2017,12,13,2,323940000.0,-1.0,-1.0019106154637747,38962.09428571429,37511.81266666667,36695.239111111114,0.7108193239917738,430.6599999999962,-29.984654289234225,0
2017-12-14,37933.7,38534.64,38539.91,37840.14,289.26M,-1.56%,2017,12,14,3,289260000.0,-1.56,-1.5594799899519063,38881.99,37546.696,36700.88966666666,0.7729307128703363,699.7700000000041,-10.705686238192257,1
2017-12-15,38436.08,37933.7,38436.08,37794.83,425.26M,1.32%,2017,12,15,4,425260000.0,1.32,1.324363297015596,38790.672857142854,37598.66033333333,36711.008555555556,0.8042462394256766,641.25,47.01652492567241,0
2017-12-18,37957.96,38436.08,38486.26,37871.65,202.00M,-1.24%,2017,12,18,0,202000000.0,-1.24,-1.243935385710515,38565.50428571428,37632.60600000001,36710.54633333333,0.8430009621739117,614.6100000000006,-52.49964727460848,0
2017-12-19,37783.76,37957.96,37960.62,37783.76,649.58M,-0.46%,2017,12,19,1,649580000.0,-0.46,-0.45892877277914357,38354.96571428572,37661.037000000004,36706.54344444445,0.8488234086140997,176.86000000000058,221.57425742574256,1
2017-12-20,37933.86,37783.76,37933.86,37661.17,207.80M,0.40%,2017,12,20,2,207800000.0,0.4,0.3972606220238539,38214.94714285714,37691.71333333333,36704.66577777778,0.8504273580285,272.6900000000023,-68.01009883309214,1
2017-12-21,38350.64,37933.86,38350.64,37790.07,429.38M,1.10%,2017,12,21,3,429380000.0,1.1,1.0987017930682574,38132.94857142858,37732.102333333336,36706.35511111111,0.8693420778735311,560.5699999999997,106.63137632338788,1
2017-12-22,38522.14,38350.64,38522.14,38323.15,204.47M,0.45%,2017,12,22,4,204470000.0,0.45,0.4471894080515959,38131.16285714286,37781.12233333333,36712.701555555555,0.868903130232411,198.98999999999796,-52.38017606781872,0
2017-12-27,37889.57,38522.14,38547.98,37889.57,416.99M,-1.64%,2017,12,27,2,416990000.0,-1.64,-1.6420946499856925,38124.85857142857,37806.76533333333,36721.51233333334,0.9272387035830311,658.4100000000035,103.93700787401573,1
2017-12-28,37990.74,37889.57,37991.55,37862.35,322.31M,0.27%,2017,12,28,3,322310000.0,0.27,0.26701279534182554,38061.23857142857,37829.380666666664,36742.49411111111,0.9242211918252079,129.20000000000437,-22.70558046955562,1
2017-12-29,38243.19,37990.74,38243.19,37990.74,536.85M,0.66%,2017,12,29,4,536850000.0,0.66,0.6645040344041897,38101.985714285714,37872.37333333333,36763.900888888886,0.9095441666261553,252.45000000000437,66.56324656386707,1
2018-01-02,38264.79,38243.19,38268.82,37646.88,248.48M,0.06%,2018,1,2,1,248480000.0,0.06,0.05648064400485264,38170.70428571429,37927.28466666667,36778.836777777775,0.8887750298307476,621.9400000000023,-53.71519046288535,0
2018-01-03,38187.28,38264.79,38579.51,38187.28,580.71M,-0.20%,2018,1,3,2,580710000.0,-0.2,-0.20256219882560655,38206.90714285715,37979.030999999995,36796.64611111111,0.8909458110411169,392.2300000000032,133.70492594977463,1
2018-01-04,38676.12,38187.28,38848.31,38182.94,825.13M,1.28%,2018,1,4,3,825130000.0,1.28,1.2801121211042155,38253.404285714285,38044.78233333333,36815.68655555555,0.9148694280241993,665.3699999999953,42.08985552168896,1
2018-01-05,38923.26,38676.12,39113.68,38676.12,753.29M,0.64%,2018,1,5,4,753290000.0,0.64,0.6389989481881742,38310.70714285714,38115.804333333326,36836.39822222222,0.9186790506122057,437.5599999999977,-8.706506853465513,1
2018-01-08,39849.65,38923.26,39851.45,38908.12,604.53M,2.38%,2018,1,8,0,604530000.0,2.38,2.3800421650190584,38590.71857142857,38224.12366666667,36872.77366666667,0.9908309971934697,943.3299999999945,-19.74803860399049,1
2018-01-09,40362.97,39849.65,40485.54,39688.04,770.89M,1.29%,2018,1,9,1,770890000.0,1.29,1.2881418030020297,38929.60857142857,38349.263999999996,36914.068222222224,1.0059490557569,797.5,27.51889897937241,1
2018-01-10,41816.11,40366.22,41816.11,40366.22,1.09B,3.60%,2018,1,10,2,1090000000.0,3.6,3.600181057043117,39440.02571428572,38520.17599999999,36975.166,1.1691571219364472,1449.8899999999994,41.39501096135636,1
2018-01-11,43041.54,41816.11,43269.41,41813.37,1.16B,2.93%,2018,1,11,3,1160000000.0,2.93,2.9305212751736143,40122.41857142857,38709.363666666664,37051.56166666666,1.2292515812409324,1456.0400000000009,6.422018348623859,0
2018-01-12,42898.9,43041.54,43670.57,42636.87,1.39B,-0.33%,2018,1,12,4,1390000000.0,-0.33,-0.3314007816634823,40795.50714285715,38897.634333333335,37132.33688888889,1.2297734368540094,1033.699999999997,19.82758620689655,1
2018-01-15,43119.0,42898.9,43119.44,42262.82,730.56M,0.51%,2018,1,15,0,730560000.0,0.51,0.5130667686117807,41430.204285714295,39084.810000000005,37216.94111111111,1.2292153547792415,856.6200000000026,-47.44172661870504,1
2018-01-16,44054.72,43119.0,44055.68,43119.0,635.40M,2.17%,2018,1,16,1,635400000.0,2.17,2.1700874324543706,42163.270000000004,39296.327333333335,37313.061111111114,1.2676833435162032,936.6800000000003,-13.025624178712224,1
2018-01-17,44885.24,44054.72,44901.01,43956.76,960.68M,1.89%,2018,1,17,2,960680000.0,1.89,1.8852009500911482,42882.64,39527.682,37416.12966666667,1.29167969915364,944.25,51.192949323260926,0
2018-01-18,44848.74,44885.24,45162.64,44188.72,1.34B,-0.08%,2018,1,18,3,1340000000.0,-0.08,-0.08131849133479196,43523.46428571428,39756.820666666674,37513.20044444445,1.2941084994602925,973.9199999999983,39.4845317899821,1
2018-01-19,45092.83,44848.74,45103.96,44377.62,1.34B,0.54%,2018,1,19,4,1340000000.0,0.54,0.5442516333792335,43991.567142857144,39976.76733333334,37614.74922222222,1.2851519220076757,726.3399999999965,0.0,0
2018-01-22,44912.53,45092.83,45321.82,44748.24,2.13B,-0.40%,2018,1,22,0,2130000000.0,-0.4,-0.39984183738301926,44258.85142857143,40171.34166666667,37717.500222222225,1.2826038027896058,573.5800000000017,58.95522388059702,0
2018-01-23,44389.85,44912.53,44937.83,43720.59,737.86M,-1.16%,2018,1,23,1,737860000.0,-1.16,-1.1637732276493895,44471.84428571428,40333.19866666666,37817.415,1.3092825276701638,1217.2400000000052,-65.35868544600939,0
2018-01-24,43963.4,44389.85,44389.85,43092.87,536.43M,-0.96%,2018,1,24,2,536429999.99999994,-0.96,-0.9606925907611696,44592.472857142864,40490.061,37911.849,1.317649188057227,1296.979999999996,-27.29921665356573,0
2018-01-25,43529.06,43963.4,43995.68,43106.26,500.85M,-0.99%,2018,1,25,3,500850000.0,-0.99,-0.9879581652010638,44517.37857142858,40643.89666666666,37999.28255555556,1.3215306670547644,889.4199999999983,-6.6327386611486965,1
2018-01-26,43773.76,43529.06,44155.98,43529.06,944.86M,0.56%,2018,1,26,4,944860000.0,0.56,0.5621531914541844,44358.595714285715,40805.53433333334,38096.70688888888,1.3201788981884155,626.9200000000055,88.6512928022362,1
2018-01-29,44306.48,43773.76,44306.48,43773.76,573.35M,1.22%,2018,1,29,0,573350000.0,1.22,1.2169847872332662,44281.130000000005,40997.929,38201.52255555555,1.300916989612183,532.7200000000012,-39.31905255805093,1
2018-01-30,44493.79,44306.48,44493.79,43986.69,876.98M,0.42%,2018,1,30,1,876980000.0,0.42,0.4227598310675873,44195.55285714286,41216.598666666665,38308.71111111111,1.243105410996255,507.09999999999854,52.95718147728263,0
2018-01-31,44343.65,44493.79,44512.37,43946.1,651.90M,-0.34%,2018,1,31,2,651900000.0,-0.34,-0.33744034841716175,44114.28428571428,41413.51766666667,38410.21955555556,1.243997473313294,566.2700000000041,-25.665351547355698,1
2018-02-01,44460.18,44378.8,44484.04,44155.38,630.52M,0.26%,2018,2,1,3,630520000.0,0.26,0.2627884714045736,44124.33142857143,41630.25833333333,38513.233,1.2014714549629975,328.6600000000035,-3.27964411719589,1
2018-02-02,44639.99,44460.18,44684.38,44460.18,524.94M,0.40%,2018,2,2,4,524940000.00000006,0.4,0.4044293118021569,44220.98714285715,41858.799333333336,38614.91277777778,1.187088351452784,224.1999999999971,-16.74490896402968,0
2018-02-05,44261.72,44639.99,44663.91,44046.48,426.87M,-0.85%,2018,2,5,0,426870000.0,-0.85,-0.8473792220831555,44325.65285714285,42069.728,38713.80388888889,1.214553270463588,617.4300000000003,-18.68213510115443,0
2018-02-06,43877.3,44261.72,44262.49,43770.46,717.15M,-0.87%,2018,2,6,1,717150000.0,-0.87,-0.8685157287154688,44340.44428571429,42253.95,38812.982,1.2353069101691097,492.02999999999884,68.00196781221447,0
2018-02-07,43538.16,43877.3,43921.17,43534.71,508.30M,-0.77%,2018,2,7,2,508300000.0,-0.77,-0.7729281427982126,44230.684285714284,42421.15066666667,38906.701555555555,1.255562420202967,386.4599999999991,-29.12221989820819,0
2018-02-08,43326.89,43538.16,43616.14,43261.66,2.14B,-0.49%,2018,2,8,3,2140000000.0000002,-0.49,-0.48525247736699306,44063.98428571429,42602.39466666667,38994.45244444445,1.206986197632742,354.4799999999959,321.0112138500886,0
2018-02-09,43127.92,43326.89,43672.55,42790.79,552.39M,-0.46%,2018,2,9,4,552390000.0,-0.46,-0.4592298224035951,43890.30857142857,42773.634,39079.874,1.2181173379814982,881.760000000002,-74.1873831775701,0
2018-02-12,42737.89,43127.92,43198.0,42080.55,517.44M,-0.90%,2018,2,12,0,517440000.00000006,-0.9,-0.9043561572178782,43644.26714285714,42923.45733333333,39162.449555555555,1.2411938049465845,1117.449999999997,-6.327051539673045,0
2018-02-13,41708.15,42735.32,42735.32,41614.1,470.52M,-2.41%,2018,2,13,1,470520000.0,-2.41,-2.409431069245571,43225.43285714286,43038.236000000004,39233.00044444444,1.3408982334638082,1121.2200000000012,-9.067717996289437,1
2018-02-14,42171.8,41708.15,42207.86,41657.35,520.74M,1.11%,2018,2,14,2,520740000.0,1.11,1.1116532380362143,42926.87285714286,43171.05333333334,39304.08733333334,1.3454997615140598,550.510000000002,10.673297628156075,1
2018-02-15,42604.4,42171.8,42604.4,42171.8,615.13M,1.03%,2018,2,15,3,615130000.0,1.03,1.0258039732712332,42745.030000000006,43301.99600000001,39373.90311111111,1.3401635337932734,432.59999999999854,18.12612820217383,1
2018-02-16,42638.83,42604.4,42751.47,42454.63,616.59M,0.08%,2018,2,16,4,616590000.0,0.08,0.08081324933575385,42616.55428571429,43425.84833333334,39438.424222222224,1.3396230546533252,296.8400000000038,0.23734820281891,0
2018-02-19,41988.18,42638.83,42712.65,41988.18,287.17M,-1.53%,2018,2,19,0,287170000.0,-1.53,-1.5259565049041024,42425.31,43497.132666666665,39496.33066666666,1.3214866029798296,724.4700000000012,-53.42610162344508,1
2018-02-20,42148.4,41987.74,42265.53,41497.82,510.28M,0.38%,2018,2,20,1,510280000.0,0.38,0.3815835789977129,42285.37857142858,43556.647,39557.39266666667,1.3056083185442409,767.7099999999991,77.69265591809729,1
2018-02-21,42158.32,42148.4,42241.04,42061.98,570.26M,0.02%,2018,2,21,2,570260000.0,0.02,0.02353588748327251,42202.58285714286,43568.054,39617.68244444444,1.131643961397729,179.05999999999767,11.754330955553804,1
2018-02-22,42258.78,42158.32,42292.85,42158.32,342.07M,0.24%,2018,2,22,3,342070000.0,0.24,0.23829222796354355,42281.24428571429,43541.96200000001,39677.80033333333,0.9921182333998865,134.52999999999884,-40.015080840318454,1
2018-02-23,42570.89,42258.78,42580.14,42214.42,308.43M,0.74%,2018,2,23,4,308430000.0,0.74,0.7385684111088864,42338.25714285714,43531.02833333333,39740.02344444444,1.0010830735949021,365.72000000000116,-9.834244452889763,1
2018-02-26,42579.48,42570.89,42671.04,42514.17,384.86M,0.02%,2018,2,26,0,384860000.0,0.02,0.020178107622381702,42334.69714285714,43513.04433333334,39805.68866666667,0.9960522454806352,156.87000000000262,24.78033913691924,0
2018-02-27,42299.56,42579.48,42588.34,42231.43,438.65M,-0.66%,2018,2,27,1,438650000.0,-0.66,-0.657405867803007,42286.229999999996,43454.539,39868.55577777778,0.9100534196379122,356.9099999999962,13.976510939042775,1
2018-02-28,43330.54,42299.56,43389.51,42098.01,571.57M,2.44%,2018,2,28,2,571570000.0,2.44,2.4373303173839345,42477.99571428571,43402.71566666666,39942.83233333333,0.9566333177242893,1291.5,30.30206314829591,0
2018-03-01,42843.38,43330.54,43366.21,42628.49,371.25M,-1.12%,2018,3,1,3,371250000.0,-1.12,-1.124287857940387,42577.27857142857,43335.87033333334,40012.34422222222,0.974231565765546,737.7200000000012,-35.04732578686776,1
2018-03-02,42876.23,42843.38,42934.03,42705.63,403.13M,0.08%,2018,3,2,4,403130000.0,0.08,0.07667462277720638,42679.83714285714,43261.98366666667,40084.172,0.966488026614192,228.40000000000146,8.587205387205387,1
2018-03-05,43513.93,42876.23,44062.47,42876.23,251.87M,1.49%,2018,3,5,0,251870000.0,1.49,1.487304270921208,42859.14428571429,43215.363666666664,40161.75322222222,1.010956269975115,1186.239999999998,-37.52139508347183,1
2018-03-06,43609.77,43513.93,43611.76,42912.56,445.50M,0.22%,2018,3,6,1,445500000.0,0.22,0.22025130802940662,43007.555714285714,43189.361000000004,40239.38566666667,0.9921643090510748,699.2000000000044,76.87696033668163,0
2018-03-07,42952.7,43609.77,43870.09,42939.13,270.32M,-1.51%,2018,3,7,2,270320000.0,-1.51,-1.5067036583774729,43060.87285714286,43155.671,40310.88811111111,1.014129067172095,930.9599999999991,-39.32210998877665,1
2018-03-08,43090.55,42952.7,43092.63,42777.92,266.00M,0.32%,2018,3,8,3,266000000.0,0.32,0.3209344232143918,43173.87142857142,43141.054000000004,40384.53577777778,1.0014637581399348,314.7099999999991,-1.5981059485054794,1
2018-03-09,43167.86,43090.55,43290.23,43079.16,1.53B,0.18%,2018,3,9,4,1530000000.0,0.18,0.17941288751246454,43150.631428571425,43120.85733333333,40458.79755555556,0.9960981009345623,211.0699999999997,475.187969924812,0
2018-03-12,43056.51,43167.87,43228.94,42943.34,431.23M,-0.26%,2018,3,12,0,431230000.0,-0.26,-0.25794653707642556,43181.07857142857,43079.191666666666,40529.64444444444,0.9678314064780488,285.6000000000058,-71.81503267973856,1
2018-03-13,43073.45,43056.51,43081.56,42801.0,407.78M,0.04%,2018,3,13,1,407780000.0,0.04,0.03934364396926959,43209.25285714286,43031.847,40598.38055555556,0.9633367198504753,280.5599999999977,-5.437933353430879,0
2018-03-14,42839.52,43073.42,43073.42,42669.83,372.67M,-0.54%,2018,3,14,2,372670000.0,-0.54,-0.5430955727948383,43112.90857142857,42981.709333333325,40664.62911111111,0.9657867539839515,403.5899999999965,-8.610034822698509,0
2018-03-15,42185.38,42839.49,42889.64,42039.57,404.05M,-1.53%,2018,3,15,3,404050000.0,-1.53,-1.5269545503777793,42909.42428571428,42905.882666666665,40722.91566666667,0.9967182748928699,850.0699999999997,8.420318244022873,0
2018-03-16,41935.93,42185.38,42185.38,41741.34,426.58M,-0.59%,2018,3,16,4,426580000.0,-0.59,-0.5913186037437512,42764.17142857143,42815.74733333333,40778.52788888889,0.9935002703998447,444.0400000000009,5.576042568988981,0
2018-03-19,41832.63,41926.99,41926.99,41664.77,326.86M,-0.25%,2018,3,19,0,326860000.0,-0.25,-0.24632814867824315,42584.468571428566,42734.77766666667,40832.073,0.986096718336019,262.22000000000116,-23.376623376623375,0
2018-03-20,41686.36,41832.63,41860.34,41614.2,398.20M,-0.35%,2018,3,20,1,398200000.0,-0.35,-0.34965528105690424,42372.82571428572,42661.74633333333,40882.59955555556,0.9781820132108784,246.13999999999942,21.825858165575475,0
2018-03-21,41495.43,41686.36,41693.11,41235.34,488.74M,-0.46%,2018,3,21,2,488740000.0,-0.46,-0.45801552354295394,42149.81428571429,42593.655333333336,40931.976111111115,0.9731206411607792,457.7700000000041,22.737317930688093,1
2018-03-22,41633.79,41495.43,41640.04,41370.69,542.27M,0.33%,2018,3,22,3,542270000.0,0.33,0.333434308308167,41944.148571428566,42537.21866666666,40982.12622222222,0.9750311687195741,269.34999999999854,10.95265376273684,0
2018-03-23,41472.1,41633.79,41960.37,41469.28,560.12M,-0.39%,2018,3,23,4,560120000.0,-0.39,-0.3883624334945268,41748.80285714286,42482.024666666664,41028.34644444445,0.9742870414200323,491.0900000000038,3.291718147786149,0
2018-03-26,41454.3,41472.1,41662.4,41454.3,379.88M,-0.04%,2018,3,26,0,379880000.0,-0.04,-0.04292042119882211,41644.362857142856,42439.238333333335,41078.35633333333,0.9631816160749503,208.09999999999854,-32.1788188245376,0
2018-03-27,41243.24,41454.3,41466.48,41232.61,352.89M,-0.51%,2018,3,27,1,352890000.0,-0.51,-0.5091389795509826,41545.40714285714,42423.74133333333,41129.754,0.8631620028432492,233.87000000000262,-7.10487522375487,0
2018-03-28,40802.08,41243.24,41280.46,40751.4,535.03M,-1.07%,2018,3,28,2,535030000.0,-1.07,-1.0696540814930988,41398.18571428571,42378.084,41176.05611111111,0.8551847311457065,529.0599999999977,51.61381733684718,1
2018-03-29,41504.51,40822.83,41526.24,40681.31,270.60M,1.72%,2018,3,29,3,270600000.0,1.72,1.7215543913447595,41372.20714285714,42341.420999999995,41229.39977777778,0.8954364855420501,844.9300000000003,-49.42339681886997,0
2018-04-03,40855.64,41504.51,41615.41,40795.66,364.76M,-1.56%,2018,4,3,1,364760000.0,-1.56,-1.5633722696641983,41280.80857142858,42281.98133333333,41274.54466666667,0.9345109172001174,819.75,34.79674796747967,0
2018-04-04,40749.86,40854.54,40855.83,40512.37,401.41M,-0.26%,2018,4,4,2,401410000.0,-0.26,-0.2589116215043985,41154.532857142854,42240.704,41320.65344444445,0.8975238253160922,343.4599999999991,10.047702598969188,1
2018-04-05,40875.69,40749.86,40945.75,40684.52,495.64M,0.31%,2018,4,5,3,495640000.0,0.31,0.3087863369346522,41069.33142857143,42198.280333333336,41368.063777777774,0.8962860486369494,261.2300000000032,23.474751500959123,0
2018-04-06,40841.14,40875.69,41001.17,40814.68,501.96M,-0.08%,2018,4,6,4,501960000.0,-0.08,-0.0845245670470729,40981.73714285715,42154.37433333333,41414.20144444444,0.895996692350187,186.48999999999796,1.2751190380114519,0
2018-04-09,40429.18,40841.14,40848.41,40429.18,287.04M,-1.01%,2018,4,9,0,287040000.0,-1.01,-1.0086887878252182,40865.442857142865,42093.38766666666,41448.23777777778,0.9085083306578705,419.2300000000032,-42.816160650251014,1
2018-04-10,40499.04,40429.18,40499.04,40206.1,388.27M,0.17%,2018,4,10,1,388270000.0,0.17,0.17279598547386144,40822.15142857143,42024.326,41484.32955555555,0.8953446432299074,292.9400000000023,35.26686176142697,1
2018-04-11,40846.24,40499.04,40849.15,40444.54,367.20M,0.86%,2018,4,11,2,367200000.0,0.86,0.8573042719037138,40728.112857142856,41966.55133333333,41521.468555555555,0.9140770737174474,404.6100000000006,-5.4266361037422435,0
2018-04-12,40808.48,40846.24,40882.71,40622.43,205.29M,-0.09%,2018,4,12,3,205290000.0,-0.09,-0.09244424945844543,40721.375714285714,41916.848666666665,41555.905,0.908734658638405,260.27999999999884,-44.09313725490196,0
2018-04-13,40808.48,40808.48,40961.2,40426.93,167.13M,0.00%,2018,4,13,4,167130000.0,0.0,0.0,40729.75,41832.78,41587.72588888889,0.7711653328297614,534.2699999999968,-18.5883384480491,0
2018-04-16,40533.37,40932.18,41014.67,40888.23,192.49M,-0.67%,2018,4,16,0,192490000.0,-0.67,-0.6741490984226828,40680.84714285714,41755.77966666666,41616.15688888889,0.7567414996984696,126.43999999999505,15.173816789325677,1
2018-04-17,40788.68,40533.37,40862.01,40409.9,1.60B,0.63%,2018,4,17,1,1600000000.0,0.63,0.6298760749476218,40673.35285714286,41686.19466666666,41641.64855555555,0.7698834526475438,452.1100000000006,731.2120110135592,0
2018-04-18,40772.26,40788.68,40861.04,40492.26,230.17M,-0.04%,2018,4,18,2,230170000.0,-0.04,-0.04025626718000552,40722.36428571429,41594.80566666667,41660.50366666667,0.7047018604432824,368.77999999999884,-85.614375,1
2018-04-19,40874.09,40772.26,40937.09,40724.76,740.36M,0.25%,2018,4,19,3,740360000.0,0.25,0.24975314098358847,40775.942857142865,41503.61633333333,41675.392,0.705349451668592,212.32999999999447,221.6579050267194,0
2018-04-20,40814.89,40874.09,40893.97,40735.76,242.06M,-0.14%,2018,4,20,4,242060000.0,-0.14,-0.14483502874313992,40771.46428571428,41432.356,41692.696,0.6617117675903484,158.20999999999913,-67.30509481873683,0
2018-04-23,40763.93,40814.89,40832.34,40579.54,309.41M,-0.12%,2018,4,23,0,309410000.0,-0.12,-0.12485639432079365,40765.1,41354.802,41713.25088888889,0.6553301244976306,252.79999999999563,27.823680079319168,1
2018-04-24,40802.78,40763.93,40970.31,40757.19,246.58M,0.10%,2018,4,24,1,246580000.0,0.1,0.09530484425814834,40764.28571428572,41275.966,41734.11922222222,0.6539055763832856,213.11999999999534,-20.306389580168705,0
2018-04-25,40755.73,40801.04,40926.72,40589.6,350.39M,-0.12%,2018,4,25,2,350390000.0,-0.12,-0.11531077049160565,40796.05142857142,41199.27333333334,41758.797999999995,0.6538797759583583,337.1200000000026,42.09992700137886,0
2018-04-26,40752.83,40755.73,40798.01,40727.26,378.19M,-0.01%,2018,4,26,3,378190000.0,-0.01,-0.007115563872861497,40790.93,41121.91933333333,41790.121666666666,0.6533951967357482,70.75,7.934016381746045,1
2018-04-27,41244.89,40777.67,41247.2,40761.74,319.34M,1.21%,2018,4,27,4,319340000.0,1.21,1.207425349356095,40858.44857142858,41068.76500000001,41821.33066666667,0.6967930760719739,485.4599999999991,-15.560961421507713,1
2018-04-30,41268.01,41244.89,41279.95,41146.48,450.53M,0.06%,2018,4,30,0,450530000.0,0.06,0.05605542892708204,40914.72285714286,41038.186,41858.109000000004,0.6448941620648002,133.4699999999939,41.08160581198723,1
2018-05-02,41306.02,41268.01,41396.91,41154.78,276.17M,0.09%,2018,5,2,2,276170000.0,0.09,0.09210524083906879,40984.88428571429,41017.189000000006,41897.24522222222,0.637922643341256,242.13000000000466,-38.70108538832042,0
2018-05-03,41107.81,41306.02,41307.05,40944.36,320.39M,-0.48%,2018,5,3,3,320390000.0,-0.48,-0.4798574154566304,41034.01,40993.02833333333,41932.511333333336,0.6418331067907431,362.6900000000023,16.011876742586082,1
2018-05-04,41218.72,41107.81,41236.79,41107.81,283.57M,0.27%,2018,5,4,4,283570000.0,0.27,0.2698027455123597,41093.43,40977.44033333333,41964.37888888888,0.6420329330017808,128.9800000000032,-11.492243827834825,0
2018-05-07,41172.82,41218.72,41233.42,41031.15,221.38M,-0.11%,2018,5,7,0,221380000.0,-0.11,-0.11135716975200216,41153.014285714286,40966.68666666666,41993.83088888889,0.6372701977183474,202.2699999999968,-21.931092851853162,0
2018-05-08,41155.8,41172.82,41642.33,41110.44,563.62M,-0.04%,2018,5,8,1,563620000.0,-0.04,-0.04133795061886936,41210.58142857143,40950.75366666667,42030.12233333333,0.6336839866264162,531.8899999999994,154.5939109223959,0
2018-05-09,41080.12,41156.37,41160.18,40904.83,341.06M,-0.18%,2018,5,9,2,341060000.0,-0.18,-0.18388659678587604,41187.04285714286,40937.68766666667,42064.448777777776,0.6308627516257252,255.34999999999854,-39.487598027039496,0
2018-05-10,40914.94,41080.12,41086.2,40872.96,244.92M,-0.40%,2018,5,10,3,244920000.0,-0.4,-0.40209230158042564,41136.60428571428,40919.709,42094.13488888889,0.6345192911388144,213.23999999999796,-28.188588518149306,1
2018-05-11,41022.31,40914.94,41189.28,40913.85,214.58M,0.26%,2018,5,11,4,214580000.0,0.26,0.2624224794170349,41096.07428571429,40912.34466666667,42124.774000000005,0.6305437229203162,275.4300000000003,-12.387718438673856,0
2018-05-14,40677.61,41022.31,41029.79,40667.46,218.76M,-0.84%,2018,5,14,0,218760000.0,-0.84,-0.8402744750356517,41034.61714285715,40908.195666666674,42152.44433333333,0.6186039807033767,362.33000000000175,1.9479914251095076,0
2018-05-15,40615.42,40677.61,40723.49,40565.66,203.36M,-0.15%,2018,5,15,1,203360000.0,-0.15,-0.15288508838154913,40948.43142857143,40878.55933333333,42173.99211111111,0.525511618074002,157.82999999999447,-7.039678186140064,1
2018-05-16,40992.97,40615.42,41027.28,40531.9,259.48M,0.93%,2018,5,16,2,259480000.00000003,0.93,0.929573053781052,40922.73857142857,40883.137,42196.98888888889,0.4761415848126994,495.3799999999974,27.596380802517718,0
2018-05-17,40651.41,40992.97,41003.76,40675.89,424.37M,-0.83%,2018,5,17,3,424370000.0,-0.83,-0.8332160367985009,40850.68285714286,40879.85533333334,42205.897333333334,0.4984437418315489,327.8700000000026,63.546323416062876,0
2018-05-18,40472.45,40651.41,40675.7,40444.17,350.55M,-0.44%,2018,5,18,4,350550000.0,-0.44,-0.440230732464153,40763.87285714286,40866.414,42207.11377777778,0.5008410619381198,231.52999999999884,-17.395197587011335,0
2018-05-21,40425.07,40472.45,40476.61,40383.19,271.27M,-0.12%,2018,5,21,0,271270000.0,-0.12,-0.11706728898299712,40693.89142857143,40852.545000000006,42191.65777777778,0.5009943453365654,93.41999999999825,-22.615889316787907,0
2018-05-22,40249.29,40425.07,40461.69,40245.32,280.06M,-0.43%,2018,5,22,1,280060000.0,-0.43,-0.43482917902182283,40583.46000000001,40846.54866666668,42160.63277777778,0.4726042218662193,216.37000000000262,3.2403140782246487,0
2018-05-23,40150.55,40249.29,40254.91,40116.27,266.70M,-0.25%,2018,5,23,2,266700000.0,-0.25,-0.2453210975895459,40508.16571428571,40834.93233333333,42130.095555555556,0.47307708599293263,138.6400000000067,-4.770406341498246,0
2018-05-24,39723.85,40150.55,40150.55,39723.85,256.43M,-1.06%,2018,5,24,3,256430000.0,-1.06,-1.0627500744074592,40380.798571428575,40797.51933333334,42092.371666666666,0.4790571010573844,426.70000000000437,-3.8507686539182573,0
2018-05-25,39323.62,39723.85,39908.11,39213.98,295.99M,-1.01%,2018,5,25,4,295990000.0,-1.01,-1.0075307403486722,40142.32,40748.024000000005,42039.80388888889,0.5073991174385907,694.1299999999974,15.42721210466793,0
2018-05-28,39028.51,39323.62,39323.62,38910.82,222.29M,-0.75%,2018,5,28,0,222290000.0,-0.75,-0.7504649877096758,39910.47714285715,40688.69166666667,41974.72911111111,0.519520030261897,412.8000000000029,-24.899489847629987,1
2018-05-30,39695.16,39028.51,39177.53,38603.32,342.05M,1.71%,2018,5,30,2,342050000.0,1.71,1.7081103019305655,39799.43571428571,40660.75133333333,41917.46711111111,0.6103325029921957,574.2099999999991,53.875567951774705,0
2018-05-31,38104.54,38606.41,38791.52,37998.17,476.20M,-4.01%,2018,5,31,3,476200000.0,-4.01,-4.007088017783533,39467.93142857143,40571.280000000006,41839.819444444445,0.9306443319458924,793.3499999999985,39.21941236661306,0
2018-06-01,36816.29,38104.54,38148.45,36677.07,516.81M,-3.38%,2018,6,1,4,516809999.99999994,-3.38,-3.380830735655116,38977.50285714286,40439.41433333334,41749.86122222222,1.0936713251965176,1471.3799999999974,8.527929441411164,1
2018-06-04,36947.1,36816.29,36950.98,36676.15,314.33M,0.36%,2018,6,4,0,314330000.0,0.36,0.35530467627236106,38519.86714285715,40308.51466666666,41667.164,1.09578096411485,274.83000000000175,-39.17880845958862,1
2018-06-05,37854.92,36947.1,37854.92,36947.1,339.65M,2.46%,2018,6,5,1,339650000.0,2.46,2.4570805286477038,38252.87714285714,40209.84900000001,41599.292,1.2081680072966634,907.8199999999997,8.055228581427155,1
2018-06-06,38435.29,37854.92,38463.54,37854.92,393.12M,1.53%,2018,6,6,2,393120000.0,1.53,1.53314285170858,38125.97285714286,40132.22766666666,41542.69455555555,1.2509471251618178,608.6200000000026,15.742676284410418,1
2018-06-07,39042.11,38435.29,39042.39,38435.29,492.04M,1.58%,2018,6,7,3,492040000.0,1.58,1.578809474313836,38127.91571428571,40073.53866666667,41490.12066666667,1.2912155617894672,607.0999999999985,25.16280016280017,0
2018-06-08,38669.23,39042.11,39088.69,38636.0,210.03M,-0.96%,2018,6,8,4,210030000.0,-0.96,-0.9550713319541271,37981.35428571429,40003.988666666664,41427.48455555556,1.2997632853187073,452.6900000000023,-57.31444598000163,1
2018-06-11,38845.31,38669.23,38856.06,38649.41,603.17M,0.46%,2018,6,11,0,603170000.0,0.46,0.45534912383824455,38087.17857142857,39940.40466666667,41364.72366666667,1.30445622640424,206.64999999999418,187.18278341189352,1
2018-06-12,39167.04,38844.32,39425.61,38843.04,341.48M,0.83%,2018,6,12,1,341480000.0,0.83,0.8282338331191186,38423.0,39871.143000000004,41307.20577777778,1.2926194488977572,582.5699999999997,-43.385778470414635,0
2018-06-13,39031.72,39167.04,39261.6,39031.72,456.49M,-0.35%,2018,6,13,2,456490000.0,-0.35,-0.34549457911550174,38720.80285714286,39796.6,41246.88955555556,1.2923411604819945,229.87999999999738,33.67986412088555,0
2018-06-14,38928.02,39031.72,39068.49,38407.08,335.71M,-0.27%,2018,6,14,3,335710000.0,-0.27,-0.2656813484007481,38874.10285714286,39717.333333333336,41183.42322222222,1.291418978597899,661.4099999999962,-26.4584109180924,0
2018-06-19,38664.15,38928.02,38928.02,38616.91,390.47M,-0.68%,2018,6,19,1,390470000.0,-0.68,-0.6778407943686671,38906.79714285715,39635.878000000004,41121.228,1.2934591752553557,311.1099999999933,16.31169759613953,0
2018-06-20,38605.07,38664.15,38670.95,38533.66,267.76M,-0.15%,2018,6,20,2,267760000.0,-0.15,-0.15280304881912787,38844.36285714286,39548.75633333334,41062.647666666664,1.2905101335747358,137.2899999999936,-31.426229928035443,0
2018-06-21,38152.6,38605.07,38606.97,38093.16,271.40M,-1.17%,2018,6,21,3,271400000.0,-1.17,-1.1720481273573724,38770.55857142858,39448.08233333333,41002.80811111111,1.3021914927283131,513.8099999999977,1.3594263519569827,0
2018-06-22,37862.53,38152.6,38197.65,37852.38,167.22M,-0.76%,2018,6,22,4,167220000.0,-0.76,-0.7602889449211836,38630.16142857143,39338.306666666664,40942.093,1.3049201175941463,345.2700000000041,-38.386145910095806,1
2018-06-25,37992.12,37862.53,38003.18,37690.01,207.41M,0.34%,2018,6,25,0,207410000.0,0.34,0.3422645026626592,38462.315714285716,39235.37333333333,40885.02855555556,1.3096352508537783,313.16999999999825,24.034206434637007,0
2018-06-26,37988.54,37992.12,38040.1,37929.64,258.71M,-0.01%,2018,6,26,1,258709999.99999997,-0.01,-0.009423006665598699,38313.29,39137.82666666667,40832.258,1.3100433895798362,110.45999999999913,24.733619401186036,0
2018-06-27,37963.93,37988.54,38030.63,37908.64,372.24M,-0.06%,2018,6,27,2,372240000.0,-0.06,-0.06478269499170519,38175.56285714286,39035.880666666664,40790.65555555555,1.30708618833411,121.98999999999796,43.883112365196574,0
2018-06-28,37733.44,37963.93,37977.25,37708.5,414.93M,-0.61%,2018,6,28,3,414930000.0,-0.61,-0.6071289247451372,38042.60428571428,38937.74166666667,40741.34044444444,1.3041429257008699,268.75,11.468407479045784,1
2018-06-29,38278.55,37733.44,38291.55,37733.44,469.34M,1.44%,2018,6,29,4,469340000.0,1.44,1.4446337254170327,37995.95857142857,38859.846000000005,40693.27544444444,1.3400212951013797,558.1100000000006,13.113055214132508,0
2018-07-02,37946.92,38278.55,38322.94,37946.92,244.46M,-0.87%,2018,7,2,0,244460000.0,-0.87,-0.8663598804030004,37966.57571428572,38758.310999999994,40641.14311111111,1.3284118482985146,376.0200000000041,-47.91409212937317,0
2018-07-03,37605.12,37946.92,37946.92,37601.79,254.77M,-0.90%,2018,7,3,1,254770000.0,-0.9,-0.9007318644042694,37929.80285714286,38656.768000000004,40592.442444444445,1.3294934514706003,345.1299999999974,4.217458888979797,0
2018-07-04,37499.07,37605.12,37611.68,37445.76,381.80M,-0.28%,2018,7,4,2,381800000.0,-0.28,-0.28200947105075924,37859.36714285715,38557.655333333336,40540.78322222223,1.3290293904754464,165.91999999999825,49.86065863327707,1
2018-07-05,37743.22,37499.07,37743.22,37451.08,497.11M,0.65%,2018,7,5,3,497110000.0,0.65,0.6510828135204427,37824.32142857143,38468.26033333333,40491.72655555556,1.3389500488823527,292.1399999999994,30.201676270298595,0
2018-07-06,37625.59,37743.22,37826.28,37612.36,170.87M,-0.31%,2018,7,6,4,170870000.0,-0.31,-0.311658623721045,37775.98714285715,38380.80366666666,40440.246666666666,1.338456758835721,213.91999999999825,-65.62732594395607,1
2018-07-09,37647.93,37625.59,37715.3,37615.49,151.20M,0.06%,2018,7,9,0,151200000.0,0.06,0.05937448422737024,37763.77142857143,38297.38300000001,40385.54711111111,1.3393800457397202,99.81000000000495,-11.511675542810329,0
2018-07-10,37421.01,37647.93,37647.93,37422.84,211.63M,-0.60%,2018,7,10,1,211630000.0,-0.6,-0.6027423021664147,37641.26571428571,38220.62166666667,40328.230777777775,1.3318401527293198,225.09000000000378,39.96693121693122,0
2018-07-11,37253.25,37421.01,37431.58,37233.82,285.11M,-0.45%,2018,7,11,2,285110000.0,-0.45,-0.4483043081947913,37542.17,38151.609333333334,40272.16066666666,1.3238962027466283,197.76000000000204,34.7209752870576,0
2018-07-12,37226.44,37253.25,37253.25,37075.09,262.97M,-0.07%,2018,7,12,3,262970000.00000003,-0.07,-0.07196687537328605,37488.072857142855,38091.54033333333,40204.33733333333,1.3194539313160873,178.1600000000035,-7.765423871488187,1
2018-07-13,37392.77,37226.44,37396.67,37182.19,212.15M,0.45%,2018,7,13,4,212150000.0,0.45,0.4468060872863333,37472.887142857144,38014.794,40143.775,1.2776729031712522,214.47999999999593,-19.32539833441078,0
2018-07-16,37266.86,37392.77,37392.77,37215.81,303.48M,-0.34%,2018,7,16,0,303480000.0,-0.34,-0.33672284775906336,37404.83571428571,37986.87133333333,40081.44866666666,1.056191766174474,176.95999999999913,43.0497289653547,0
2018-07-17,36963.7,37266.86,37281.34,36949.3,203.56M,-0.81%,2018,7,17,1,203560000.0,-0.81,-0.8134841518711355,37310.280000000006,37991.784999999996,40008.668333333335,0.8653337157570499,332.0399999999936,-32.92473968630553,0
2018-07-18,36748.18,36963.7,36963.7,36608.11,181.15M,-0.58%,2018,7,18,2,181150000.0,-0.58,-0.5830585141638922,37181.74428571429,37985.15433333334,39932.42844444444,0.8696290550979014,355.5899999999965,-11.009039103949691,0
2018-07-19,36470.05,36748.18,36906.22,36420.72,296.35M,-0.76%,2018,7,19,3,296350000.0,-0.76,-0.7568538088144727,37045.892857142855,37938.992,39860.399000000005,0.7434854363398097,485.5,63.59370687275738,1
2018-07-20,36603.44,36474.39,36652.19,36360.83,679.82M,0.37%,2018,7,20,4,679820000.0,0.37,0.3657521719876877,36953.06285714286,37877.93033333334,39788.32,0.6818967216448815,291.3600000000006,129.39767167200947,1
2018-07-23,36711.96,36603.44,36713.06,36603.44,225.91M,0.30%,2018,7,23,0,225910000.0,0.3,0.2964748668430994,36879.565714285716,37800.25866666667,39716.58777777778,0.6049671004592437,109.61999999999534,-66.76914477361655,0
2018-07-24,36455.24,36711.96,36711.96,36446.4,378.69M,-0.70%,2018,7,24,1,378690000.0,-0.7,-0.6992816509932998,36745.63285714285,37726.459,39643.240333333335,0.5957362958397772,265.5599999999977,67.62870169536541,0
2018-07-25,36346.8,36455.24,36474.12,36339.41,329.84M,-0.30%,2018,7,25,2,329840000.0,-0.3,-0.2974606668341595,36614.19571428571,37643.17533333333,39568.499777777775,0.5831357313386601,134.70999999999913,-12.899733291082416,1
2018-07-26,36427.22,36346.8,36678.29,36316.3,171.00M,0.22%,2018,7,26,3,171000000.0,0.22,0.2212574421957214,36537.555714285714,37551.848,39497.252,0.5553920091383352,361.98999999999796,-48.156682027649765,1
2018-07-27,36636.97,36427.22,36643.4,36427.22,311.35M,0.58%,2018,7,27,4,311350000.0,0.58,0.5758056749870066,36521.66857142857,37472.023,39435.603,0.5744974279722799,216.1800000000003,82.07602339181285,1
2018-07-30,36946.18,36636.97,36946.18,36636.97,319.40M,0.84%,2018,7,30,0,319400000.0,0.84,0.8439835499496784,36589.68714285714,37405.96166666666,39380.16133333334,0.6056179257775316,309.2099999999991,2.585514694074198,1
2018-07-31,37017.78,36937.73,37017.78,36713.99,244.95M,0.19%,2018,7,31,1,244950000.0,0.19,0.1937954072653847,36648.87857142858,37351.08266666667,39326.663,0.6014196472587954,303.7900000000009,-23.30932999373826,0
2018-08-01,36612.83,37017.78,37023.18,36573.19,240.02M,-1.09%,2018,8,1,2,240020000.0,-1.09,-1.0939337799295235,36634.71714285714,37284.674666666666,39270.29044444444,0.6259819329335751,449.98999999999796,-2.012655644008976,1
2018-08-02,36688.91,36612.83,36708.03,36510.88,225.81M,0.21%,2018,8,2,3,225810000.0,0.21,0.20779601030567196,36668.09857142857,37235.885,39216.884666666665,0.6003308057953538,197.15000000000146,-5.920339971669031,0
2018-08-03,36499.67,36688.91,36750.29,36478.1,266.20M,-0.52%,2018,8,3,4,266200000.0,-0.52,-0.5157961901839148,36689.93714285714,37190.45633333334,39159.83888888889,0.593074950902039,272.1900000000023,17.886718922988344,0
2018-08-06,36479.42,36499.67,36620.48,36399.42,182.28M,-0.06%,2018,8,6,0,182280000.0,-0.06,-0.05547995365438041,36697.39428571429,37140.033,39104.36466666667,0.5867873961078921,221.06000000000495,-31.525169045830204,0
2018-08-07,36333.8,36479.42,36491.19,36321.5,248.01M,-0.40%,2018,8,7,1,248010000.0,-0.4,-0.3991839782540252,36654.08428571429,37084.875,39047.470222222226,0.5882543528146719,169.69000000000233,36.05990783410138,0
2018-08-08,36299.82,36333.8,36336.04,36295.55,113.93M,-0.09%,2018,8,8,2,113930000.0,-0.09,-0.0935217345832351,36561.747142857144,37029.40466666666,38992.543333333335,0.588139786660641,40.48999999999796,-54.06233619612113,0
2018-08-09,36232.66,36299.82,36366.26,36153.15,188.26M,-0.19%,2018,8,9,3,188260000.0,-0.19,-0.18501469153289207,36449.58714285715,36979.37866666667,38941.772000000004,0.581782734164268,213.11000000000058,65.2418151496533,0
2018-08-10,35446.47,36232.66,36232.66,35435.28,192.99M,-2.17%,2018,8,10,4,192990000.0,-2.17,-2.169837930750884,36282.96428571428,36884.976,38874.46044444444,0.6168863642051513,797.3800000000047,2.51248273664082,0
2018-08-13,35410.61,35446.47,35474.15,35351.76,160.42M,-0.10%,2018,8,13,0,160420000.0,-0.1,-0.10116663238962653,36100.35,36800.43233333333,38813.960111111104,0.6064263860462887,122.38999999999942,-16.87652209959065,0
2018-08-14,35288.23,35410.61,35434.6,35156.29,164.51M,-0.35%,2018,8,14,1,164510000.0,-0.35,-0.3456026315276639,35927.287142857145,36723.20266666667,38753.27533333334,0.5935405449752025,278.3099999999977,2.5495574117940345,0
2018-08-15,35069.34,35288.23,35300.21,35061.28,209.52M,-0.62%,2018,8,15,2,209520000.0,-0.62,-0.6202918083451858,35725.84714285714,36642.21166666666,38688.76033333333,0.5981505694561706,238.9300000000003,27.36003890341012,0
2018-08-16,34618.43,35069.34,35069.34,34603.07,237.81M,-1.29%,2018,8,16,3,237810000.0,-1.29,-1.2857669976110042,35480.79428571429,36538.051999999996,38619.61911111111,0.6052272498732724,466.2699999999968,13.502290950744555,1
2018-08-17,35266.29,34618.43,35469.05,34579.35,244.32M,1.87%,2018,8,17,4,244320000.0,1.87,1.8714309112227268,35333.147142857146,36459.40866666667,38562.25366666667,0.7219971804180377,889.7000000000044,2.7374795004415198,1
2018-08-20,35341.9,35266.29,35425.17,34900.34,220.50M,0.21%,2018,8,20,0,220500000.0,0.21,0.2143973749436201,35205.89571428572,36382.541,38504.95211111112,0.7245647555677694,524.8300000000017,-9.74950884086444,0
2018-08-23,35206.16,34663.48,35206.16,34481.47,220.71M,-0.38%,2018,8,23,3,220710000.0,-0.38,-0.3840766908400406,35171.565714285716,36308.712666666666,38442.284555555554,0.7215497353135302,724.6900000000023,0.09523809523810378,1
2018-08-24,35426.17,35206.16,35679.05,35199.87,527.74M,0.62%,2018,8,24,4,527740000.0,0.62,0.6249190482574551,35173.78857142857,36247.80999999999,38382.48111111111,0.7353209649766088,479.1800000000003,139.1101445335508,0
2018-08-27,35311.36,35426.17,35499.66,34643.3,178.81M,-0.32%,2018,8,27,0,178810000.0,-0.32,-0.3240824509112783,35177.09285714286,36183.974,38321.402,0.7356631979150544,856.3600000000006,-66.11778527305113,1
2018-08-28,35516.21,35311.36,35516.21,35309.85,339.68M,0.58%,2018,8,28,1,339680000.0,0.58,0.5801249229709704,35240.93142857143,36121.422000000006,38265.65577777778,0.7399284180308247,206.36000000000058,89.96700408254571,0
2018-08-29,35358.94,35516.21,35560.31,35358.94,345.05M,-0.44%,2018,8,29,2,345050000.0,-0.44,-0.44281188786753356,35346.71857142857,36057.82466666667,38205.325333333334,0.7410112125722551,201.36999999999534,1.5808996702779021,0
2018-08-30,35086.67,35354.26,35400.04,34942.23,284.59M,-0.77%,2018,8,30,3,284590000.0,-0.77,-0.7700174269930193,35321.05857142857,35995.257,38142.15211111111,0.7397558457897625,457.8099999999977,-17.522098246630925,0
2018-08-31,34848.45,35086.67,35086.67,34113.89,384.89M,-0.68%,2018,8,31,4,384890000.0,-0.68,-0.6789473039191307,35250.565714285716,35931.93266666667,38075.20055555556,0.741802333421346,972.7799999999988,35.24368389613129,0
2018-09-03,34837.5,34848.55,34860.32,33849.14,131.53M,-0.03%,2018,9,3,0,131530000.0,-0.03,-0.03142177055219797,35197.9,35877.51433333333,38008.785111111116,0.7339332537981853,1011.1800000000003,-65.82659980773727,1
2018-09-04,35013.05,34837.94,34966.72,34837.94,240.46M,0.50%,2018,9,4,1,240460000.0,0.5,0.5039110154287929,35138.88285714285,35824.50133333333,37944.88644444444,0.7377044277794308,128.77999999999884,82.81760815023189,0
2018-09-05,34414.37,34933.68,34963.29,34146.21,200.27M,-1.71%,2018,9,5,2,200270000.0,-1.71,-1.7098767459561515,35010.741428571426,35747.915,37873.904111111115,0.785657503299407,817.0800000000017,-16.713798552773852,0
2018-09-06,34110.22,34414.37,34438.13,34087.26,164.49M,-0.88%,2018,9,6,3,164490000.0,-0.88,-0.8837877898098978,34809.885714285716,35669.74766666666,37800.06511111111,0.7903102549235543,350.86999999999534,-17.865881060568235,0
2018-09-07,34037.91,34110.22,34177.85,33667.34,155.95M,-0.21%,2018,9,7,4,155950000.0,-0.21,-0.21198925131529212,34621.16714285714,35592.78466666667,37725.45488888889,0.7901692970086979,510.51000000000204,-5.191804972946679,0
2018-09-10,33611.69,34014.49,34014.49,33594.44,137.63M,-1.25%,2018,9,10,0,137630000.0,-1.25,-1.2521920411682208,34410.455714285716,35498.933666666664,37640.64155555555,0.8076838874603186,420.04999999999563,-11.747354921449183,0
2018-09-11,33449.17,33607.01,33609.86,33114.12,150.67M,-0.48%,2018,9,11,1,150670000.0,-0.48,-0.4835222507407533,34210.55857142857,35392.67366666666,37553.765555555554,0.7926915976062148,495.73999999999796,9.474678485795241,0
2018-09-12,32292.79,33449.17,33449.64,32269.65,246.88M,-3.46%,2018,9,12,2,246880000.0,-3.46,-3.457126140947586,33847.02857142857,35237.56066666667,37453.61855555556,0.9516794340476336,1179.989999999998,63.85478197385013,0
2018-09-13,32022.23,32292.79,32321.64,31938.59,173.47M,-0.84%,2018,9,13,3,173470000.0,-0.84,-0.8378340799912398,33419.768571428576,35071.04233333333,37352.66766666667,0.9464890627658687,383.0499999999993,-29.7350939727803,1
2018-09-14,32327.59,32022.04,32446.48,32022.04,251.69M,0.95%,2018,9,14,4,251690000.0,0.95,0.9535875546456296,33121.65714285714,34928.201,37253.87733333334,0.9739443353020044,424.4399999999987,45.091370265752005,0
2018-09-17,32201.98,32327.59,32378.72,32201.98,160.67M,-0.39%,2018,9,17,0,160670000.0,-0.39,-0.3885535544097207,32849.05142857142,34778.63666666667,37154.20133333334,0.9669729115411682,176.7400000000016,-36.16353450673447,1
2018-09-18,32381.0,32201.98,32381.0,32180.72,269.81M,0.56%,2018,9,18,1,269810000.0,0.56,0.5559285484929788,32612.35,34641.34766666667,37056.703555555556,0.9833266360651802,200.27999999999884,67.92805128524304,0
2018-09-19,32375.12,32350.9,32392.93,32269.75,190.02M,-0.02%,2018,9,19,2,190020000.0,-0.02,-0.01815879682530719,32435.697142857145,34504.53766666666,36959.98133333333,0.9837926425623374,123.18000000000029,-29.572662243801197,1
2018-09-20,32480.89,32375.12,32480.89,32330.18,225.93M,0.33%,2018,9,20,3,225930000.0,0.33,0.32670149176281527,32297.37142857143,34376.10733333333,36866.26966666667,0.9925066648770257,150.70999999999913,18.898010735712024,1
2018-09-21,32540.17,32480.89,32784.33,32475.85,330.38M,0.18%,2018,9,21,4,330380000.0,0.18,0.18250731430080602,32332.711428571427,34250.78566666666,36772.02366666667,0.9964121811826555,308.4800000000032,46.23113353693622,0
2018-09-24,32451.27,32540.17,32577.92,32427.54,190.46M,-0.27%,2018,9,24,0,190460000.0,-0.27,-0.2732007853677443,32394.002857142856,34124.73933333333,36680.61988888889,0.9960113488465188,150.37999999999738,-42.35123191476482,1
2018-09-25,33114.44,32646.43,33230.46,32646.43,222.95M,2.04%,2018,9,25,1,222950000.0,2.04,2.0435872001311584,32506.41,34047.005,36597.27566666667,1.0288094114986477,584.0299999999988,17.058699989499114,0
2018-09-26,32963.27,33114.44,33202.3,32952.7,172.19M,-0.46%,2018,9,26,2,172190000.0,-0.46,-0.45650779539079256,32615.165714285715,33965.427,36508.056777777776,1.0294222434786489,249.60000000000582,-22.767436644987672,0
2018-09-27,32763.35,32963.27,32983.99,32684.66,154.28M,-0.61%,2018,9,27,3,154280000.0,-0.61,-0.6064932271585888,32669.787142857145,33881.26433333333,36420.41166666667,1.0315036346944928,299.3299999999981,-10.401300888553344,1
2018-09-28,32766.37,32763.35,32817.46,32661.14,184.53M,0.01%,2018,9,28,4,184530000.0,0.01,0.009217616635659454,32725.68,33804.49866666667,36334.788555555555,1.02994426658204,156.3199999999997,19.607207674358307,0
2018-10-02,32711.65,32762.34,32815.19,32695.45,184.59M,-0.17%,2018,10,2,1,184590000.0,-0.17,-0.16700049471454204,32758.645714285714,33740.939333333336,36249.08388888889,1.0101252996170236,119.7400000000016,0.032515038205160884,0
2018-10-03,32454.03,32711.65,32728.72,32434.67,136.70M,-0.79%,2018,10,3,2,136700000.0,-0.79,-0.7875481670903239,32746.339999999997,33647.19733333333,36162.46988888889,0.9376343447202601,294.0500000000029,-25.94398396446178,0
2018-10-04,32423.57,32454.03,32526.7,32395.25,151.14M,-0.09%,2018,10,4,3,151140000.0,-0.09,-0.09385583238814554,32742.382857142857,33549.91966666667,36076.614555555556,0.9337976113683193,131.45000000000073,10.563277249451364,0
2018-10-05,32383.15,32423.57,32424.98,32332.3,166.65M,-0.12%,2018,10,5,4,166650000.0,-0.12,-0.12466239837253257,32637.912857142856,33455.81933333333,35995.051222222224,0.9340267653759048,92.68000000000029,10.262008733624462,1
2018-10-08,32444.96,32383.15,32476.28,32383.15,120.72M,0.19%,2018,10,8,0,120720000.0,0.19,0.19087086957259025,32563.868571428575,33356.44566666667,35918.621666666666,0.9229183357928165,93.12999999999738,-27.56075607560756,0
2018-10-09,32417.7,32444.96,32477.47,32336.24,349.53M,-0.08%,2018,10,9,1,349530000.0,-0.08,-0.0840192128453765,32514.489999999998,33259.990333333335,35845.16822222222,0.9236390753154589,141.22999999999956,189.53777335984094,0
2018-10-10,32382.58,32417.7,32466.73,32382.58,134.45M,-0.11%,2018,10,10,2,134450000.0,-0.11,-0.10833587823935176,32459.66285714286,33155.536,35763.91733333333,0.9099719339690818,84.14999999999782,-61.53406002346007,1
2018-10-11,32417.82,32382.58,32443.08,32330.67,147.52M,0.11%,2018,10,11,3,147520000.0,0.11,0.1088239417612824,32417.687142857143,33057.49866666667,35700.731555555554,0.9126269716913009,112.41000000000349,9.721085905541083,1
2018-10-12,32456.98,32417.82,32456.98,32335.75,162.36M,0.12%,2018,10,12,4,162360000.0,0.12,0.1207977587635467,32418.108571428573,32969.842333333334,35652.29477777777,0.9107920929901534,121.22999999999956,10.059652928416485,0
2018-10-15,32413.0,32456.98,32474.42,32396.73,,-0.14%,2018,10,15,0,0.0,-0.14,-0.1355024404611882,32416.59857142857,32888.66066666666,35601.91588888889,0.9074739190679193,77.68999999999869,-100.0,1
2018-10-16,32722.18,32413.0,32736.75,32413.0,,0.95%,2018,10,16,1,0.0,0.95,0.9538765310215025,32465.03142857143,32818.15,35544.885444444444,0.9326583078852234,323.75,0.0,0
2018-10-17,32437.35,32722.18,32722.18,32418.9,,-0.87%,2018,10,17,2,0.0,-0.87,-0.8704493404779301,32463.944285714282,32732.293333333335,35478.24166666667,0.9304207355618527,303.27999999999884,0.0,1
2018-10-18,32664.63,32437.35,32877.32,32402.65,,0.70%,2018,10,18,3,0.0,0.7,0.7006737603410862,32499.22,32673.968666666668,35407.38077777778,0.9037165867343663,474.66999999999825,0.0,1
2018-10-19,32841.69,32664.63,32897.48,32639.31,,0.54%,2018,10,19,4,0.0,0.54,0.5420542035835085,32564.807142857142,32631.684333333335,35342.630333333334,0.9023649502381086,258.1700000000019,0.0,1
2018-10-22,32962.82,32841.69,32986.93,32841.69,,0.37%,2018,10,22,0,0.0,0.37,0.36882998408425127,32642.66428571429,32595.848,35277.26933333333,0.906594726110476,145.23999999999796,0.0,1
2018-10-23,33191.45,32962.82,33269.0,32962.82,,0.69%,2018,10,23,1,0.0,0.69,0.6935996374096476,32747.588571428572,32581.84,35210.87388888889,0.8910069369096133,306.1800000000003,0.0,0
2018-10-24,32403.6,33191.45,33201.34,32403.6,,-2.37%,2018,10,24,2,0.0,-2.37,-2.3736534559351874,32746.245714285713,32546.987666666664,35137.228111111115,0.9854176773828474,797.739999999998,0.0,1
2018-10-25,32545.06,32403.6,32570.86,32397.42,,0.44%,2018,10,25,3,0.0,0.44,0.4365564320014004,32720.942857142858,32555.396666666667,35066.306333333334,0.7584216001621578,173.44000000000233,0.0,1
2018-10-26,32907.33,32545.06,32907.33,32326.9,,1.11%,2018,10,26,4,0.0,1.11,1.113133606144845,32788.08285714286,32584.9,35002.34166666667,0.7651690499281593,580.4300000000003,0.0,1
2018-10-29,33196.07,32907.33,33200.37,32735.95,,0.88%,2018,10,29,0,0.0,0.88,0.8774336903054625,32864.002857142856,32613.84933333333,34942.24166666667,0.7623392835771593,464.4200000000019,0.0,0
2018-10-30,33167.88,33196.07,33577.11,32828.11,,-0.08%,2018,10,30,1,0.0,-0.08,-0.08491969079472694,32910.60142857143,32646.046,34886.855888888895,0.7577517264329138,749.0,0.0,0
2018-10-31,32466.27,33168.96,33215.73,32399.67,,-2.12%,2018,10,31,2,0.0,-2.12,-2.1153296502519847,32839.66571428571,32648.888333333332,34826.89744444445,0.8534024683354878,816.060000000005,0.0,0
2018-11-01,32006.65,32458.05,32477.99,32006.65,,-1.42%,2018,11,1,3,0.0,-1.42,-1.4156846474818296,32670.408571428572,32636.605999999996,34760.39222222222,0.8923755533408562,471.34000000000015,0.0,1
2018-11-02,32124.94,32006.65,32200.93,32006.65,,0.37%,2018,11,2,4,0.0,0.37,0.3695794467712066,32630.600000000002,32624.740999999998,34695.24111111111,0.8930077717569291,194.27999999999884,0.0,0
2018-11-05,32048.18,32130.02,32182.93,32033.91,,-0.24%,2018,11,5,0,0.0,-0.24,-0.2389420805143816,32559.617142857143,32608.341333333334,34629.51055555556,0.8928179845300384,149.02000000000044,0.0,1
2018-11-06,32154.03,32048.18,32212.0,31949.33,,0.33%,2018,11,6,1,0.0,0.33,0.33028396620338185,32452.002857142856,32598.433333333334,34567.51711111111,0.8943407008880478,262.66999999999825,0.0,0
2018-11-07,32108.3,32154.03,32218.2,32083.25,,-0.14%,2018,11,7,2,0.0,-0.14,-0.14222167485693493,32296.60714285714,32564.895333333334,34498.95877777778,0.8043659762512971,134.95000000000073,0.0,1
2018-11-08,32228.5,32108.3,32246.75,32103.41,,0.37%,2018,11,8,3,0.0,0.37,0.3743580320353379,32162.41,32540.403,34435.42077777778,0.805957411132541,143.34000000000015,0.0,0
2018-11-09,32200.21,32228.5,32253.44,32126.6,,-0.09%,2018,11,9,4,0.0,-0.09,-0.08777944986581021,32124.40142857143,32521.631666666664,34375.36622222222,0.7996335240676082,126.84000000000015,0.0,0
2018-11-12,32143.41,32202.73,32218.71,32123.14,,-0.18%,2018,11,12,0,0.0,-0.18,-0.17639636511687096,32143.938571428567,32500.86633333333,34315.858888888884,0.799840290115562,95.56999999999971,0.0,1
2018-11-13,32152.9,32136.43,32402.92,32101.8,,0.03%,2018,11,13,1,0.0,0.03,0.029523936632736003,32147.93285714286,32482.24133333333,34253.74422222222,0.7997456793089036,301.119999999999,0.0,0
2018-11-14,32108.92,32146.55,32191.6,32101.59,,-0.14%,2018,11,14,2,0.0,-0.14,-0.13678392928787586,32156.609999999997,32470.737666666668,34192.44788888889,0.7879093135762036,90.0099999999984,0.0,0
2018-11-15,31864.8,32108.92,32117.61,31859.77,,-0.76%,2018,11,15,3,0.0,-0.76,-0.7602871725364779,32115.291428571425,32452.112,34128.19088888889,0.7990122622469197,257.84000000000015,0.0,1
2018-11-16,32058.28,31864.8,32150.75,31854.43,,0.61%,2018,11,16,4,0.0,0.61,0.6071903793527733,32108.145714285714,32441.283,34068.605,0.80792885571012,296.3199999999997,0.0,1
2018-11-19,32222.24,32057.01,32226.73,32026.17,,0.51%,2018,11,19,0,0.0,0.51,0.5114435334646839,32107.25142857143,32433.859,34012.70488888889,0.8130603205098011,200.5600000000013,0.0,0
2018-11-21,31969.79,32222.24,32357.22,31968.13,,-0.78%,2018,11,21,2,0.0,-0.78,-0.7834650849847802,32074.33428571429,32418.928666666667,33954.297666666665,0.8249092880927138,389.09000000000015,0.0,1
2018-11-22,31984.6,31969.79,31999.72,31934.9,,0.05%,2018,11,22,3,0.0,0.05,0.046324983679890686,32051.647142857142,32405.662666666667,33894.20688888889,0.8249705100631046,64.81999999999971,0.0,0
2018-11-23,31678.7,31984.6,31998.15,31610.43,,-0.96%,2018,11,23,4,0.0,-0.96,-0.9563977664250878,31983.90428571429,32381.025333333335,33832.11622222222,0.8412020506269301,387.72000000000116,0.0,0
2018-11-26,31579.72,31678.7,31779.9,31562.31,,-0.31%,2018,11,26,0,0.0,-0.31,-0.31244969017036883,31908.304285714286,32351.783333333333,33772.29422222222,0.8414719574601556,217.59000000000015,0.0,0
2018-11-27,31173.71,31533.5,31551.61,31147.49,,-1.29%,2018,11,27,1,0.0,-1.29,-1.285666877350411,31809.577142857142,32310.47366666667,33710.35566666666,0.8694545023809872,404.119999999999,0.0,0
2018-11-28,31023.47,31173.71,31295.97,30993.97,,-0.48%,2018,11,28,2,0.0,-0.48,-0.48194456161938515,31661.747142857144,32253.85,33649.838111111116,0.8471838532560544,302.0,0.0,0
2018-11-29,30611.55,31023.47,31061.18,30545.2,,-1.33%,2018,11,29,3,0.0,-1.33,-1.3277689439640472,31431.64857142857,32192.989999999998,33583.26155555555,0.864092536190471,515.9799999999996,0.0,1
2018-11-30,30874.17,30611.55,31014.82,30570.99,,0.86%,2018,11,30,4,0.0,0.86,0.857911474590467,31275.13142857143,32133.308,33518.39722222222,0.8701326254319994,443.8299999999981,0.0,0
2018-12-03,30798.76,30874.17,30895.4,30732.76,,-0.24%,2018,12,3,0,0.0,-0.24,-0.24424948103868305,31105.725714285716,32065.210333333336,33455.54744444445,0.8592816171110876,162.64000000000306,0.0,1
2018-12-04,31007.25,30798.76,31025.33,30792.47,,0.68%,2018,12,4,1,0.0,0.68,0.6769428379584275,31009.804285714286,32000.024666666668,33396.21911111112,0.8682364340227056,232.86000000000058,0.0,1
2018-12-05,31151.68,31007.25,31180.32,30925.25,,0.47%,2018,12,5,2,0.0,0.47,0.465794290045074,30948.655714285713,31932.032333333333,33337.602,0.8611187134923716,255.0699999999997,0.0,0
2018-12-06,30819.1,31151.68,31160.36,30773.13,,-1.07%,2018,12,6,3,0.0,-1.07,-1.0676149729324402,30897.997142857144,31879.215666666667,33272.959,0.7767121541588204,387.22999999999956,0.0,1
2018-12-07,30866.82,30819.1,30993.02,30774.51,,0.15%,2018,12,7,4,0.0,0.15,0.15483904461843778,30875.61857142857,31823.27433333333,33205.41055555556,0.7708814790987096,218.51000000000204,0.0,0
2018-12-10,30614.73,30866.82,31213.77,30614.73,,-0.82%,2018,12,10,0,0.0,-0.82,-0.8167022064469176,30876.072857142855,31746.854333333333,33134.26555555556,0.7397079843215861,599.0400000000009,0.0,1
2018-12-11,30718.72,30614.73,30769.61,30542.86,,0.34%,2018,12,11,1,0.0,0.34,0.3396730920050661,30853.865714285716,31664.276,33068.77544444444,0.7179471504931452,226.75,0.0,0
2018-12-12,30642.35,30710.12,30771.47,30611.08,,-0.25%,2018,12,12,2,0.0,-0.25,-0.24861061919247973,30831.52142857143,31580.091666666667,33001.59144444444,0.7172262003080143,160.38999999999942,0.0,0
2018-12-13,30568.05,30642.35,30735.2,30567.25,,-0.24%,2018,12,13,3,0.0,-0.24,-0.24247487545830948,30768.778571428567,31516.817666666662,32935.684555555556,0.6259731076638723,167.95000000000073,0.0,1
2018-12-14,30672.79,30568.05,30754.26,30568.05,,0.34%,2018,12,14,4,0.0,0.34,0.342645343749437,30700.365714285716,31472.355666666666,32871.16644444445,0.5893433146114261,186.20999999999913,0.0,0
2018-12-17,30609.06,30700.5,30722.25,30553.9,,-0.21%,2018,12,17,0,0.0,-0.21,-0.20777373039753133,30670.359999999997,31421.826333333334,32807.55822222222,0.581500041776183,168.34999999999854,0.0,1
2018-12-18,30822.33,30609.06,30822.33,30606.83,,0.70%,2018,12,18,1,0.0,0.7,0.6967544903371703,30664.00428571429,31380.96466666667,32746.69722222222,0.6018227639667392,215.5,0.0,0
2018-12-19,30704.98,30814.19,30884.63,30696.38,,-0.38%,2018,12,19,2,0.0,-0.38,-0.38073046392015364,30676.897142857142,31332.663,32685.278555555553,0.5971279909001078,188.25,0.0,1
2018-12-20,30802.9,30704.98,30802.9,30506.79,,0.32%,2018,12,20,3,0.0,0.32,0.31890592340395596,30688.922857142858,31289.149666666668,32633.683333333334,0.6032880186253348,296.1100000000006,0.0,0
2018-12-21,30773.64,30802.9,30911.22,30704.47,,-0.09%,2018,12,21,4,0.0,-0.09,-0.09499105603694158,30707.678571428572,31240.654333333332,32582.161444444446,0.5956204324770595,206.75,0.0,1
2018-12-24,31967.01,30773.64,31967.01,30773.64,,3.88%,2018,12,24,0,0.0,3.88,3.8778967973889245,30907.530000000002,31232.881,32545.258999999995,0.9468817349438479,1193.369999999999,0.0,0
2018-12-27,31692.63,31967.01,31967.01,31569.28,,-0.86%,2018,12,27,3,0.0,-0.86,-0.8583223767252512,31053.221428571425,31217.855,32507.74,0.9588761260668723,397.72999999999956,0.0,0
2018-12-28,31037.72,31693.17,31771.38,31029.89,,-2.07%,2018,12,28,4,0.0,-2.07,-2.066442576712635,31114.45857142857,31180.682333333334,32467.954333333335,1.0273472158355883,741.4900000000016,0.0,1
2018-12-31,31430.5,31036.63,31430.5,30753.93,,1.27%,2018,12,31,0,0.0,1.27,1.2654924395219647,31201.34,31158.068333333336,32425.334444444445,1.0576597594931556,676.5699999999997,0.0,0
2019-01-02,31070.06,31429.34,31434.04,31065.25,,-1.15%,2019,1,2,2,0.0,-1.15,-1.1467841746074625,31253.49428571429,31131.576999999997,32377.869555555553,1.0687071444157665,368.7900000000009,0.0,0
2019-01-03,30771.32,31070.06,31078.43,30749.66,,-0.96%,2019,1,3,3,0.0,-0.96,-0.9615044193670763,31248.98285714286,31088.678333333333,32328.593555555555,1.0723617115395083,328.77000000000044,0.0,0
2019-01-04,30638.9,30770.7,30770.7,30577.18,,-0.43%,2019,1,4,4,0.0,-0.43,-0.4303357802005192,31229.734285714287,31035.900333333335,32275.401666666672,1.0666767390083516,193.52000000000044,0.0,0
2019-01-07,30400.28,30638.9,30709.65,30260.03,,-0.78%,2019,1,7,0,0.0,-0.78,-0.7788138608109341,31005.91571428571,30983.583333333332,32220.834111111108,1.066583683974215,449.6200000000026,0.0,0
2019-01-08,30036.15,30397.63,30488.52,29999.95,,-1.20%,2019,1,8,1,0.0,-1.2,-1.197785020401121,30769.27571428572,30918.635,32159.944555555554,1.0822669202724147,488.5699999999997,0.0,0
2019-01-09,29336.8,30036.15,30084.28,29336.8,,-2.33%,2019,1,9,2,0.0,-2.33,-2.3283609916717074,30526.287142857145,30840.571666666667,32093.03188888889,1.1424818956233593,747.4799999999996,0.0,1
2019-01-10,29517.73,29336.8,29612.33,29329.62,,0.62%,2019,1,10,3,0.0,0.62,0.6167339314444575,30253.03428571429,30771.838666666667,32031.15477777778,1.1532584132314414,282.71000000000276,0.0,1
2019-01-11,29830.7,29522.31,30438.21,29518.35,,1.06%,2019,1,11,4,0.0,1.06,1.0602780091829578,30075.982857142855,30727.071666666663,31975.402,1.157924059195037,919.8600000000006,0.0,1
2019-01-14,29964.79,29830.7,29985.66,29689.73,,0.45%,2019,1,14,0,0.0,0.45,0.44950336398408286,29960.764285714286,30691.782333333333,31921.260777777774,1.160929768741257,295.9300000000003,0.0,0
2019-01-15,29964.79,29964.79,30172.4,29964.79,,0.00%,2019,1,15,1,0.0,0.0,0.0,29864.46285714286,30670.22366666667,31865.168999999998,1.1379536876641354,207.61000000000058,0.0,1
2019-01-16,30460.68,30138.06,30541.04,30001.87,,1.65%,2019,1,16,2,0.0,1.65,1.6549089781707105,29873.09142857143,30656.440666666665,31821.23911111111,1.1691179621145869,539.1700000000019,0.0,1
2019-01-17,30583.21,30460.68,30597.02,30297.38,,0.40%,2019,1,17,3,0.0,0.4,0.4022562858084555,29951.242857142854,30649.255666666668,31782.050111111115,1.1711488836105408,299.6399999999994,0.0,1
2019-01-18,31005.17,30566.38,31005.17,30526.18,,1.38%,2019,1,18,4,0.0,1.38,1.3797112860291616,30189.58142857143,30649.18633333333,31748.353,1.1923409680556276,478.98999999999796,0.0,0
2019-01-21,30732.72,31005.17,31041.06,30720.76,,-0.88%,2019,1,21,0,0.0,-0.88,-0.8787244191855614,30363.15142857143,30635.221,31716.364444444447,1.1997316924910832,320.3000000000029,0.0,1
2019-01-22,30736.88,30732.72,30811.19,30485.34,,0.01%,2019,1,22,1,0.0,0.01,0.013536061891028517,30492.605714285717,30632.48033333333,31686.22788888889,1.1838769340280422,325.84999999999854,0.0,1
2019-01-23,30878.56,30736.88,30880.67,30736.88,,0.46%,2019,1,23,2,0.0,0.46,0.46094463719155154,30623.144285714287,30632.871666666666,31670.514222222224,1.1865928579463785,143.78999999999724,0.0,1
2019-01-24,30989.6,30886.32,30989.6,30866.96,,0.36%,2019,1,24,3,0.0,0.36,0.3596022612453398,30769.545714285716,30645.367333333335,31659.04055555556,1.17780294768716,122.63999999999942,0.0,1
2019-01-25,31426.63,30989.6,31428.64,30981.9,,1.41%,2019,1,25,4,0.0,1.41,1.4102473087745704,30907.538571428573,30668.964333333333,31649.029888888886,1.2029194665529046,446.73999999999796,0.0,0
2019-01-28,31344.24,31422.75,31457.07,31241.99,,-0.26%,2019,1,28,0,0.0,-0.26,-0.26216619472084757,31016.257142857146,30692.360666666664,31639.499444444442,1.2030508344754576,215.0799999999981,0.0,0
2019-01-29,31178.71,31334.61,31334.61,31178.71,,-0.53%,2019,1,29,1,0.0,-0.53,-0.5281034091112247,31041.04857142857,30712.716000000004,31626.140666666663,1.2068354357578048,155.90000000000146,0.0,0
2019-01-30,31145.34,31178.71,31202.3,31143.37,,-0.11%,2019,1,30,2,0.0,-0.11,-0.10702816120358172,31099.994285714285,30728.467666666667,31612.476444444448,1.2061626242787813,58.93000000000029,0.0,0
2019-01-31,30557.2,31142.58,31142.58,30557.2,,-1.89%,2019,1,31,3,0.0,-1.89,-1.8883723857244794,31074.325714285715,30726.738999999998,31591.10211111111,1.2568910751465605,585.380000000001,0.0,1
2019-02-01,30636.36,30557.2,30740.63,30557.2,,0.26%,2019,2,1,4,0.0,0.26,0.2590551490319726,31039.725714285712,30720.539999999997,31569.94866666667,1.2510745474633325,183.4300000000003,0.0,1
2019-02-04,30745.05,30636.36,30754.09,30636.36,,0.35%,2019,2,4,0,0.0,0.35,0.3547745228218879,31004.79,30721.875666666667,31550.99066666667,1.2508192931808457,117.72999999999956,0.0,1
2019-02-05,30773.57,30745.05,30773.57,30521.42,,0.09%,2019,2,5,1,0.0,0.09,0.09276290004407439,30911.49571428572,30720.897999999997,31524.981,1.2495859496123793,252.15000000000146,0.0,1
2019-02-06,30821.8,30773.57,30825.2,30728.01,,0.16%,2019,2,6,2,0.0,0.16,0.1567253978007832,30836.86142857143,30722.503333333334,31501.186888888893,1.2497411153281843,97.19000000000233,0.0,1
2019-02-07,31433.49,30817.22,31433.49,30817.22,,1.98%,2019,2,7,3,0.0,1.98,1.9846018078113703,30873.25857142857,30704.71933333333,31486.410666666667,1.084737124719059,616.2700000000004,0.0,1
2019-02-08,31529.92,31457.17,31845.63,31457.17,,0.31%,2019,2,8,4,0.0,0.31,0.3067747170295121,30928.198571428573,30699.295666666665,31472.672333333332,1.0756319836427661,388.46000000000276,0.0,1
2019-02-11,31781.87,31529.92,31891.23,31515.44,,0.80%,2019,2,11,0,0.0,0.8,0.7990822685246313,31103.15142857143,30724.10066666667,31462.341444444442,1.012224871733823,375.7900000000009,0.0,1
2019-02-12,32462.31,31783.0,32462.69,31783.0,,2.14%,2019,2,12,1,0.0,2.14,2.1409690493353617,31364.00142857143,30758.494333333332,31462.433444444443,1.0590021786124613,679.6899999999987,0.0,0
2019-02-13,32413.92,32463.38,32635.13,32267.37,,-0.15%,2019,2,13,2,0.0,-0.15,-0.1490651774319285,31602.411428571428,30803.289666666667,31462.326222222222,1.0334279210744386,367.76000000000204,0.0,1
2019-02-14,32453.69,32413.92,32496.18,32367.49,,0.12%,2019,2,14,3,0.0,0.12,0.12269420051631563,31842.42857142857,30859.368666666665,31463.11,1.0120845099856717,128.6899999999987,0.0,1
2019-02-15,32715.2,32457.63,32958.96,32457.63,,0.81%,2019,2,15,4,0.0,0.81,0.8057943488090302,32112.914285714283,30928.578666666665,31466.112666666668,1.0114348787829015,501.3299999999981,0.0,0
2019-02-18,32190.07,32715.2,32738.95,31824.22,,-1.61%,2019,2,18,0,0.0,-1.61,-1.6051560131070564,32220.997142857144,30988.238333333335,31463.58344444444,1.0501891203866431,914.7299999999996,0.0,1
2019-02-19,32406.18,32190.07,32416.04,32157.29,,0.67%,2019,2,19,1,0.0,0.67,0.6713561045378347,32346.17714285714,31067.239333333335,31463.845666666664,1.0196368015886372,258.75,0.0,1
2019-02-20,32614.06,32410.13,32617.94,32392.46,,0.64%,2019,2,20,2,0.0,0.64,0.6414825814088587,32465.06142857143,31176.481333333333,31466.02611111111,0.8965619649762421,225.47999999999956,0.0,0
2019-02-21,32568.66,32646.16,32734.37,32568.66,,-0.14%,2019,2,21,3,0.0,-0.14,-0.13920376671902046,32480.254285714287,31278.179,31467.267000000003,0.8996426634738677,165.70999999999913,0.0,0
2019-02-22,32515.52,32568.66,32617.13,32473.74,,-0.16%,2019,2,22,4,0.0,-0.16,-0.1631629916613031,32494.76857142857,31367.673000000003,31468.406111111108,0.8932121123004673,143.38999999999942,0.0,1
2019-02-25,32700.12,32516.05,32713.13,32516.05,,0.57%,2019,2,25,0,0.0,0.57,0.5677288876204223,32529.972857142857,31458.85066666667,31468.160999999996,0.8941934058413245,197.08000000000175,0.0,0
2019-02-26,32473.82,32700.12,32745.92,32441.42,,-0.69%,2019,2,26,1,0.0,-0.69,-0.6920463900438212,32495.489999999998,31542.484999999997,31468.566222222224,0.9108501520916717,304.5,0.0,0
2019-02-27,32244.24,32473.82,32524.1,32185.06,,-0.71%,2019,2,27,2,0.0,-0.71,-0.7069694911162272,32503.22857142857,31601.936999999998,31463.89522222222,0.8890458531775726,339.03999999999724,0.0,0
2019-02-28,31718.7,32247.54,32953.54,31718.7,,-1.63%,2019,2,28,3,0.0,-1.63,-1.6298724981578139,32405.01714285714,31639.786666666667,31451.417555555556,0.9480619242305518,1234.8400000000001,0.0,1
2019-03-01,31827.24,31718.7,31935.28,31708.89,,0.34%,2019,3,1,4,0.0,0.34,0.34219561331327863,32292.614285714288,31667.189000000002,31438.8,0.9192340886822539,226.38999999999942,0.0,1
2019-03-04,32129.94,31827.24,32129.94,31827.24,,0.95%,2019,3,4,0,0.0,0.95,0.9510721005025813,32229.940000000002,31713.763,31427.005444444443,0.9133346588728873,302.6999999999971,0.0,1
2019-03-05,32173.66,32129.94,32252.89,32126.42,,0.14%,2019,3,5,1,0.0,0.14,0.13607246076401402,32181.102857142858,31761.65566666667,31424.450555555555,0.9129664217730689,126.47000000000116,0.0,0
2019-03-06,32121.74,32173.66,32173.66,32062.03,,-0.16%,2019,3,6,2,0.0,-0.16,-0.1613742421595732,32098.477142857144,31803.094999999998,31419.747,0.9128787239270825,111.63000000000102,0.0,0
2019-03-07,32010.06,32121.74,32159.87,32041.74,,-0.35%,2019,3,7,3,0.0,-0.35,-0.3476773051522164,32032.225714285716,31837.110333333334,31409.77733333333,0.9160240361952494,118.12999999999738,0.0,0
2019-03-08,31924.51,32010.06,32043.49,31876.24,,-0.27%,2019,3,8,4,0.0,-0.27,-0.2672597302223245,31986.549999999996,31853.706333333335,31395.64888888889,0.8847140350374421,167.25,0.0,0
2019-03-11,31636.66,31718.23,31792.81,31636.66,,-0.90%,2019,3,11,0,0.0,-0.9,-0.9016583183265703,31974.829999999998,31863.453666666665,31378.635333333335,0.9002171995495297,156.15000000000146,0.0,0
2019-03-12,31313.36,31636.66,31645.24,31267.99,,-1.02%,2019,3,12,1,0.0,-1.02,-1.021915714237842,31901.41857142857,31867.941999999995,31365.82522222222,0.9152552094477995,377.25,0.0,1
2019-03-13,31360.28,31313.36,31360.28,31057.66,,0.15%,2019,3,13,2,0.0,0.15,0.14984019600579046,31791.467142857142,31875.106666666667,31358.643333333333,0.9152427466063402,302.619999999999,0.0,0
2019-03-14,31210.79,31369.91,31390.78,31210.79,,-0.48%,2019,3,14,3,0.0,-0.48,-0.47668579489723584,31653.91428571429,31896.893,31348.48611111111,0.8471269779613894,179.98999999999796,0.0,0
2019-03-15,31142.72,31175.88,31265.21,31102.1,,-0.22%,2019,3,15,4,0.0,-0.22,-0.21809765148527172,31514.054285714286,31913.771666666667,31338.425444444445,0.8480121907746153,163.11000000000058,0.0,0
2019-03-18,31125.39,31142.72,31156.47,31103.67,,-0.06%,2019,3,18,0,0.0,-0.06,-0.05564703404199456,31387.672857142858,31926.449666666667,31326.996111111115,0.8463704403660318,52.80000000000291,0.0,0
2019-03-19,31082.32,31125.39,31133.59,30965.22,,-0.14%,2019,3,19,1,0.0,-0.14,-0.13837577617501484,31267.360000000004,31936.74133333333,31315.59633333333,0.8469672649691502,168.36999999999898,0.0,0
2019-03-20,31040.84,31082.32,31104.9,31015.27,,-0.13%,2019,3,20,2,0.0,-0.13,-0.13345207178871998,31182.242857142857,31944.042666666668,31302.40011111111,0.8472066757694774,89.63000000000102,0.0,0
2019-03-21,30885.31,31066.1,31077.89,30856.23,,-0.50%,2019,3,21,3,0.0,-0.5,-0.5010495849983365,31121.092857142856,31925.77,31287.79011111111,0.766902343510003,221.65999999999985,0.0,1
2019-03-22,31139.35,30885.31,31156.19,30885.31,,0.82%,2019,3,22,4,0.0,0.82,0.8225269553713277,31089.53142857143,31912.750999999997,31276.633888888893,0.7809621509241232,270.8799999999974,0.0,0
2019-03-25,31042.32,31139.35,31139.35,30996.82,,-0.31%,2019,3,25,0,0.0,-0.31,-0.3115993108398163,31065.464285714286,31888.09933333333,31264.294111111107,0.7660661242498594,142.52999999999884,0.0,0
2019-03-26,31038.86,31042.32,31094.87,31007.76,,-0.01%,2019,3,26,1,0.0,-0.01,-0.011146074133627781,31050.62714285714,31840.651,31252.404555555557,0.6420703111240099,87.11000000000058,0.0,0
2019-03-27,30829.45,31038.86,31066.07,30811.14,,-0.67%,2019,3,27,2,0.0,-0.67,-0.6746703970442192,31008.350000000002,31787.835333333333,31240.90066666667,0.649249543029645,254.9300000000003,0.0,1
2019-03-28,30833.5,30829.45,30896.86,30770.6,,0.01%,2019,3,28,3,0.0,0.01,0.013136789660528336,30972.804285714286,31733.829,31227.291999999998,0.647882921351115,126.26000000000204,0.0,1
2019-03-29,31041.42,30833.5,31106.74,30786.33,,0.67%,2019,3,29,4,0.0,0.67,0.6743314901000552,30972.88714285714,31678.036333333333,31214.171777777778,0.6414785813151332,320.40999999999985,0.0,0
2019-04-01,30527.5,31041.42,31041.42,30527.5,,-1.66%,2019,4,1,0,0.0,-1.66,-1.655594363917623,30921.77142857143,31622.617333333335,31198.146333333334,0.6454158749035857,513.9199999999983,0.0,0
2019-04-02,30226.77,30527.88,30712.37,30212.62,,-0.99%,2019,4,2,1,0.0,-0.99,-0.9851117844566382,30791.402857142857,31549.970333333335,31178.614888888886,0.641392453213346,499.75,0.0,0
2019-04-03,29668.73,30226.77,30243.71,29665.78,,-1.85%,2019,4,3,2,0.0,-1.85,-1.846178073277427,30595.175714285713,31451.792666666668,31156.28188888889,0.6842407469728781,577.9300000000003,0.0,0
2019-04-04,29553.12,29626.14,29662.09,29548.65,,-0.39%,2019,4,4,3,0.0,-0.39,-0.3896695274789308,30382.92714285714,31351.274666666668,31133.76411111111,0.683578181234796,113.43999999999869,0.0,1
2019-04-05,29616.38,29553.12,29628.4,29536.48,,0.21%,2019,4,5,4,0.0,0.21,0.21405523342374888,30209.631428571425,31254.636666666665,31116.460444444445,0.6900220213946028,91.92000000000189,0.0,0
2019-04-08,29162.24,29616.38,29620.93,28780.02,,-1.53%,2019,4,8,0,0.0,-1.53,-1.5334082018126471,29970.88,31136.707333333332,31095.78011111111,0.7044986554424707,840.9099999999999,0.0,0
2019-04-09,29149.46,29159.92,29160.11,28989.49,,-0.04%,2019,4,9,1,0.0,-0.04,-0.04382379405698522,29700.600000000002,31025.895333333334,31079.534666666666,0.7044923779154629,170.61999999999898,0.0,1
2019-04-10,29193.42,29158.57,29213.93,29124.02,,0.15%,2019,4,10,2,0.0,0.15,0.15080896867385452,29510.01714285714,30924.201333333334,31060.859666666667,0.7071976494703168,89.90999999999985,0.0,1
2019-04-11,29347.62,29180.88,29347.62,29172.35,,0.53%,2019,4,11,3,0.0,0.53,0.5282012179457007,29384.42428571428,30845.16533333333,31044.73588888889,0.6794562778175872,175.27000000000044,0.0,1
2019-04-12,29560.47,29347.62,29566.55,29312.86,,0.73%,2019,4,12,4,0.0,0.73,0.7252717596861524,29368.958571428575,30769.606333333333,31028.66055555555,0.6945263643882813,253.6899999999987,0.0,0
2019-04-15,29495.91,29560.47,29630.86,29484.93,,-0.22%,2019,4,15,0,0.0,-0.22,-0.21839977510507147,29360.785714285714,30681.805333333334,31010.26311111111,0.6569616597465031,145.9300000000003,0.0,1
2019-04-16,29746.24,29495.91,29746.24,29495.91,,0.85%,2019,4,16,1,0.0,0.85,0.8486939375662583,29379.337142857144,30600.891333333333,30998.342444444446,0.684911216259278,250.33000000000175,0.0,1
2019-04-17,29970.86,29793.56,30033.22,29728.55,,0.76%,2019,4,17,2,0.0,0.76,0.7551206471809513,29494.854285714282,30529.195333333333,30988.387333333332,0.7094111250761659,304.6700000000019,0.0,1
2019-04-18,30086.31,29999.25,30132.98,29980.89,,0.39%,2019,4,18,3,0.0,0.39,0.38520749821659983,29628.69,30465.070333333333,30982.516,0.7177291260296728,152.09000000000015,0.0,0
2019-04-23,30076.0,30086.31,30131.93,30006.33,,-0.03%,2019,4,23,1,0.0,-0.03,-0.034268077407972886,29754.772857142856,30403.45333333333,30975.37466666667,0.7182800785464467,125.59999999999854,0.0,0
2019-04-24,29898.31,30080.73,30113.65,29854.02,,-0.59%,2019,4,24,2,0.0,-0.59,-0.5908032983109379,29833.442857142854,30345.508333333335,30967.107555555558,0.7099448867957535,259.630000000001,0.0,1
2019-04-25,29919.77,29898.31,29986.11,29862.84,,0.07%,2019,4,25,3,0.0,0.07,0.0717766321909119,29884.771428571432,30299.055333333334,30959.904444444448,0.6934153353769508,123.27000000000044,0.0,0
2019-04-26,29740.41,29919.19,30041.37,29740.41,,-0.60%,2019,4,26,4,0.0,-0.6,-0.599469848865819,29919.700000000004,30245.059666666668,30949.54466666667,0.6957598685971099,300.9599999999991,0.0,0
2019-04-29,29521.06,29740.41,29813.37,29476.29,,-0.74%,2019,4,29,0,0.0,-0.74,-0.7375486753545046,29887.53142857143,30188.73533333333,30937.455777777777,0.7012778354454914,337.0799999999981,0.0,0
2019-04-30,29159.74,29521.06,29654.53,29154.78,,-1.22%,2019,4,30,1,0.0,-1.22,-1.223939790779871,29771.657142857144,30122.636000000002,30918.982555555558,0.7266024423393264,499.75,0.0,1
2019-05-02,29171.73,29159.74,29195.7,29104.1,,0.04%,2019,5,2,3,0.0,0.04,0.04111833644606655,29641.00285714286,30057.514000000003,30901.946444444446,0.7275552766501144,91.60000000000218,0.0,1
2019-05-03,29212.0,29171.73,29222.73,29143.73,,0.14%,2019,5,3,4,0.0,0.14,0.138044606884824,29517.574285714287,29995.170000000002,30884.26977777778,0.7302817721069272,79.0,0.0,0
2019-05-06,29196.87,29212.0,29212.0,29120.86,,-0.05%,2019,5,6,0,0.0,-0.05,-0.05179378337669682,29417.368571428575,29933.704333333335,30866.75011111111,0.7307060826039649,91.13999999999942,0.0,0
2019-05-07,29096.41,29196.87,29208.63,29091.6,,-0.34%,2019,5,7,1,0.0,-0.34,-0.3440779782216352,29299.745714285713,29874.074333333334,30834.854555555557,0.7290460642015343,117.03000000000247,0.0,0
2019-05-08,28966.41,29096.41,29115.3,28946.91,,-0.45%,2019,5,8,2,0.0,-0.45,-0.446790514706108,29189.174285714285,29801.643,30804.563222222223,0.7043034805295212,168.38999999999942,0.0,0
2019-05-09,28896.25,28966.41,29015.77,28881.83,,-0.24%,2019,5,9,3,0.0,-0.24,-0.24221158231206852,29099.915714285715,29730.107333333333,30780.769111111113,0.7041687866403937,133.9399999999987,0.0,0
2019-05-10,28847.81,28896.25,28896.25,28718.68,,-0.17%,2019,5,10,4,0.0,-0.17,-0.16763420859107203,29055.354285714286,29657.072333333334,30752.07255555556,0.703023575645034,177.5699999999997,0.0,0
2019-05-13,28484.44,28847.98,28876.87,28542.51,,-1.26%,2019,5,13,0,0.0,-1.26,-1.2596103482378829,28957.170000000002,29578.905333333336,30723.343444444447,0.7232765189323448,334.3600000000006,0.0,0
2019-05-14,28422.76,28484.44,28535.31,28398.98,,-0.22%,2019,5,14,1,0.0,-0.22,-0.21653927547812257,28844.421428571426,29498.547333333336,30697.248333333333,0.7214900617108246,136.33000000000175,0.0,0
2019-05-15,28286.08,28422.76,28433.39,28282.3,,-0.48%,2019,5,15,2,0.0,-0.48,-0.4808822225568443,28714.308571428573,29406.702666666664,30671.105888888887,0.6999418382303012,151.09000000000015,0.0,1
2019-05-16,28438.19,28286.08,28452.0,28019.97,,0.54%,2019,5,16,3,0.0,0.54,0.5377556734619926,28620.277142857143,29337.059,30649.304888888888,0.6680415312429219,432.02999999999884,0.0,1
2019-05-17,28871.93,28438.19,28918.54,28438.19,,1.53%,2019,5,17,4,0.0,1.53,1.5252025533270652,28606.78,29291.897666666664,30636.369111111115,0.7254492609359658,480.3500000000022,0.0,1
2019-05-20,29373.4,28871.93,29438.95,28871.93,,1.74%,2019,5,20,0,0.0,1.74,1.736877306089335,28674.944285714282,29282.053333333333,30636.775777777777,0.7315253040069486,567.0200000000004,0.0,1
2019-05-21,30218.14,29373.4,30270.34,29361.88,,2.88%,2019,5,21,1,0.0,2.88,2.8758672812817077,28870.705714285716,29304.220666666668,30644.55811111111,0.8998648066946368,908.4599999999991,0.0,1
2019-05-22,31145.15,30218.14,31194.69,30218.14,,3.07%,2019,5,22,2,0.0,3.07,3.0677268686954307,29250.807142857142,29355.179666666667,30659.163111111113,1.0525980724917001,976.5499999999993,0.0,1
2019-05-23,31477.51,31145.15,31917.13,30902.23,,1.07%,2019,5,23,3,0.0,1.07,1.0671324427719897,29687.200000000004,29432.355333333333,30675.97111111111,1.0135634160442355,1014.9000000000015,0.0,0
2019-05-24,30881.29,31754.79,31809.29,30825.17,,-1.89%,2019,5,24,4,0.0,-1.89,-1.8941142422002177,30057.944285714282,29490.083000000002,30686.154444444444,1.086364147295502,984.1200000000026,0.0,0
2019-05-27,30194.71,30881.29,30885.33,30188.62,,-2.22%,2019,5,27,0,0.0,-2.22,-2.2232879520253213,30308.875714285714,29523.459333333336,30683.199222222218,1.1729570525219906,696.7100000000028,0.0,1
2019-05-28,31307.0,30194.71,31307.0,30149.07,,3.68%,2019,5,28,1,0.0,3.68,3.6837247319149613,30656.742857142857,29588.772,30691.24133333333,1.3404370457019206,1157.9300000000003,0.0,0
2019-05-30,31254.19,31307.0,31420.68,31078.83,,-0.17%,2019,5,30,3,0.0,-0.17,-0.16868431980068266,30925.42714285714,29645.229333333333,30694.008222222226,1.3388511207897604,341.84999999999854,0.0,0
2019-05-31,31069.37,31254.19,31257.75,30992.94,,-0.59%,2019,5,31,4,0.0,-0.59,-0.5913447125009519,31047.03142857143,29697.678,30697.748777777775,1.344536283802919,264.8100000000013,0.0,0
2019-06-03,30928.29,31069.37,31100.03,30867.74,,-0.45%,2019,6,3,0,0.0,-0.45,-0.45408065886111126,31016.051428571427,29737.07966666667,30699.875555555554,1.3433002186091765,232.28999999999724,0.0,0
2019-06-06,30527.07,30928.29,30948.16,30136.14,217.19M,-1.30%,2019,6,6,3,217190000.0,-1.3,-1.2972589173213311,30880.274285714284,29755.620000000003,30695.970111111114,1.3629387362645526,812.0200000000004,0.0,0
2019-06-07,30432.13,30529.9,30982.78,30380.98,280.00M,-0.31%,2019,6,7,4,280000000.0,-0.31,-0.3110026609170147,30816.108571428573,29767.14733333333,30689.775999999998,1.3633173422947213,601.7999999999993,28.919379345273732,0
2019-06-10,30322.19,30432.13,30459.43,30306.76,247.28M,-0.36%,2019,6,10,0,247280000.0,-0.36,-0.3612629152149438,30834.32,29775.353666666666,30677.504444444443,1.365295199552554,152.6700000000019,-11.685714285714289,0
2019-06-11,30099.83,30322.19,30322.19,30055.56,233.43M,-0.73%,2019,6,11,1,233430000.0,-0.73,-0.7333243410188928,30661.86714285714,29782.071,30663.67766666667,1.3677974544143532,266.6299999999974,-5.600938207699768,0
2019-06-13,30029.15,30099.83,30150.05,30022.92,242.56M,-0.23%,2019,6,13,3,242560000.0,-0.23,-0.23481860196552518,30486.861428571432,29785.717,30650.90477777778,1.3686300948795989,127.13000000000102,3.911236773336757,1
2019-06-14,30046.7,30029.23,30086.61,29994.53,145.28M,0.06%,2019,6,14,4,145280000.0,0.06,0.05844321267833852,30340.765714285713,29795.92666666667,30638.697666666667,1.363604846549162,92.08000000000175,-40.105540897097626,0
2019-06-17,29936.33,30046.7,30087.86,29933.25,2.06B,-0.37%,2019,6,17,0,2060000000.0,-0.37,-0.3673281924470917,30199.057142857146,29809.769000000004,30631.79911111111,1.3579603083176823,154.61000000000058,1317.95154185022,0
2019-06-18,29818.8,29936.33,29936.33,29797.11,2.06B,-0.39%,2019,6,18,1,2060000000.0,-0.39,-0.39259989450946,30097.875714285714,29831.737666666668,30622.71511111111,1.3393074775370817,139.22000000000116,0.0,0
2019-06-19,29772.72,29818.8,29891.86,29772.72,263.43M,-0.15%,2019,6,19,2,263430000.0,-0.15,-0.1545333816250105,30003.674285714285,29851.770666666667,30611.911444444442,1.3399951806960684,119.13999999999942,-87.2121359223301,0
2019-06-20,29765.31,29774.81,29897.18,29695.62,275.47M,-0.02%,2019,6,20,3,275470000.0,-0.02,-0.024888555697966108,29924.12,29870.21433333333,30600.708555555557,1.340067685038689,201.5600000000013,4.570474129749846,1
2019-06-21,29851.29,29803.69,29890.61,29747.39,189.94M,0.29%,2019,6,21,4,189940000.0,0.29,0.28885974982286733,29888.614285714288,29892.028333333332,30589.925111111108,1.3404331667647171,143.22000000000116,-31.048753040258468,0
2019-06-24,29809.2,29851.29,29890.01,29694.91,573.53M,-0.14%,2019,6,24,0,573530000.0,-0.14,-0.14099893170446132,29857.192857142858,29915.788,30571.877444444446,1.3387162559475976,195.09999999999854,201.95324839422977,0
2019-06-25,29668.68,29809.2,29814.38,29655.53,253.37M,-0.47%,2019,6,25,1,253370000.0,-0.47,-0.4713980918642613,29803.190000000002,29939.197,30551.197,1.3390635345192952,158.85000000000218,-55.82271197670566,0
2019-06-26,29609.0,29668.68,29697.43,29588.54,394.02M,-0.20%,2019,6,26,2,394020000.0,-0.2,-0.20115488791547786,29756.428571428572,29962.955333333335,30527.054,1.3387348669195773,108.88999999999942,55.51170225362119,1
2019-06-27,29749.35,29609.0,29756.79,29224.23,301.06M,0.47%,2019,6,27,3,301060000.0,0.47,0.47401128035393647,29746.507142857146,29993.006666666664,30496.91,1.339605018201755,532.5600000000013,-23.59271102989696,1
2019-06-28,29966.87,29749.35,29978.81,29650.45,248.36M,0.73%,2019,6,28,4,248360000.0,0.73,0.7311756391316093,29774.242857142857,30042.421,30469.720555555556,1.318499446556636,328.3600000000006,-17.50481631568458,0
2019-07-01,29614.61,29966.87,29966.88,29593.82,107.43M,-1.18%,2019,7,1,0,107430000.0,-1.18,-1.1754981417812393,29752.714285714286,30082.14933333333,30438.175222222224,1.3398354495098994,373.0600000000013,-56.74424222902239,0
2019-07-02,29395.14,29614.61,29616.93,29395.14,200.68M,-0.74%,2019,7,2,1,200680000.0,-0.74,-0.7410869162214229,29687.55,30119.118000000002,30401.285666666667,1.3448637184762857,221.79000000000087,86.80070743740109,0
2019-07-03,29375.25,29395.14,29458.03,29300.7,237.71M,-0.07%,2019,7,3,2,237710000.0,-0.07,-0.06766424653871228,29625.557142857142,30150.353333333333,30370.00988888889,1.3431830763238028,157.3299999999981,18.45226230815229,0
2019-07-04,29300.09,29375.25,29466.94,29300.09,180.40M,-0.26%,2019,7,4,3,180400000.0,-0.26,-0.25586165224125157,29572.90142857143,30164.62533333333,30335.497777777775,1.31790673013529,166.84999999999854,-24.109208699676078,0
2019-07-05,29270.95,29300.09,29318.09,29235.28,298.40M,-0.10%,2019,7,5,4,298400000.0,-0.1,-0.09945361942573783,29524.608571428573,30161.210333333336,30298.35211111111,1.2792909661853644,82.81000000000131,65.41019955654102,1
2019-07-08,29287.87,29270.95,29312.93,29216.7,216.29M,0.06%,2019,7,8,0,216290000.0,0.06,0.057804751810230925,29458.682857142856,30130.201333333334,30261.898888888893,1.1582900468116404,96.22999999999956,-27.516756032171585,1
2019-07-09,29318.85,29287.87,29318.85,28943.48,294.40M,0.11%,2019,7,9,1,294400000.0,0.11,0.10577757959182588,29366.10857142857,30069.324666666667,30226.380333333338,0.9937065399704619,375.369999999999,36.11355125063571,0
2019-07-10,29256.6,29318.02,29318.02,29010.33,188.74M,-0.21%,2019,7,10,2,188740000.0,-0.21,-0.21232074245749466,29314.964285714286,29995.29433333333,30188.119,0.9646344454982492,307.6899999999987,-35.889945652173914,0
2019-07-11,28712.9,29256.6,29281.36,28637.58,188.43M,-1.86%,2019,7,11,3,188430000.0,-1.86,-1.8583840911110538,29217.501428571424,29923.014666666666,30146.331000000002,0.96254042184592,643.7799999999988,-0.16424711242979395,0
2019-07-12,28566.79,28712.9,28759.29,28563.31,100.37M,-0.51%,2019,7,12,4,100370000.0,-0.51,-0.5088653532036136,29102.007142857143,29868.750666666667,30105.470444444443,0.8886620017329666,195.97999999999956,-46.73353499973465,0
2019-07-15,28341.03,28566.79,28577.41,28337.52,175.17M,-0.79%,2019,7,15,0,175170000.0,-0.79,-0.7902883033060526,28964.99857142857,29769.885000000002,30067.940777777778,0.5143317585688859,239.88999999999942,74.52426023712265,0
2019-07-16,28200.88,28340.98,28566.41,28138.5,216.68M,-0.49%,2019,7,16,1,216680000.0,-0.49,-0.49451272589597917,28812.131428571425,29668.108,30027.64788888889,0.5142494784182629,427.90999999999985,23.69698007649712,0
2019-07-17,28042.8,28197.66,28251.78,28042.68,243.70M,-0.56%,2019,7,17,2,243700000.0,-0.56,-0.5605498835497436,28634.264285714282,29567.222333333335,29982.235222222225,0.5137626149916679,209.09999999999854,12.470001846040235,0
2019-07-18,27864.49,28046.02,28067.62,27864.49,175.36M,-0.64%,2019,7,18,3,175360000.0,-0.64,-0.6358494872123921,28426.498571428576,29465.095666666668,29934.355555555554,0.5162231527794119,203.12999999999738,-28.042675420599096,1
2019-07-19,27919.5,27864.49,27948.24,27803.57,273.90M,0.20%,2019,7,19,4,273900000.0,0.2,0.19741972668438912,28235.484285714287,29378.176666666663,29887.663999999997,0.4928289795420597,144.6700000000019,56.192974452554736,0
2019-07-22,27808.69,27919.5,28070.43,27808.69,285.76M,-0.40%,2019,7,22,0,285760000.0,-0.4,-0.3968910618026844,28106.311428571433,29290.728666666666,29840.982111111112,0.4931684625749855,261.7400000000016,4.330047462577591,1
2019-07-23,28144.87,27808.69,28144.87,27791.98,135.18M,1.21%,2019,7,23,1,135180000.0,1.21,1.2089026847363238,28046.037142857145,29218.151333333335,29798.98611111111,0.5644813825074726,352.8899999999994,-52.694568868980966,0
2019-07-24,28088.74,28144.87,28292.44,28070.65,157.77M,-0.20%,2019,7,24,2,157770000.0,-0.2,-0.1994324365328315,28009.995714285713,29151.115,29759.564777777774,0.5569710252287612,221.78999999999724,16.71105193075899,0
2019-07-25,27990.61,28088.74,28103.69,27985.62,359.11M,-0.35%,2019,7,25,3,359110000.0,-0.35,-0.34935707333259014,27979.957142857143,29083.163666666667,29722.645333333334,0.5574065821619466,118.06999999999971,127.61615009190592,0
2019-07-26,27918.59,27990.61,28031.67,27900.57,130.85M,-0.26%,2019,7,26,4,130850000.0,-0.26,-0.2573005732994016,27962.21285714286,29012.226666666666,29684.404333333336,0.5546969584374956,131.09999999999854,-63.562696666759486,1
2019-07-29,27950.36,27918.59,27976.14,27912.7,92.79M,0.11%,2019,7,29,0,92790000.0,0.11,0.11379514509866073,27974.48,28946.027666666665,29648.177333333333,0.5579264180544643,63.43999999999869,-29.086740542606037,0
2019-07-30,27820.57,27950.36,28028.27,27814.13,155.18M,-0.46%,2019,7,30,1,155180000.0,-0.46,-0.46435895637838565,27960.347142857143,28879.42,29611.264555555557,0.5588138171287207,214.13999999999942,67.23784890613214,0
2019-07-31,27718.26,27816.89,27902.51,27679.02,251.92M,-0.37%,2019,7,31,2,251920000.0,-0.37,-0.3677494745794263,27947.428571428572,28810.938000000002,29573.407555555554,0.5591841640807661,223.48999999999796,62.34050779739657,1
2019-08-01,27748.46,27718.26,27748.46,27615.46,97.36M,0.11%,2019,8,1,3,97360000.0,0.11,0.10895344801586937,27890.79857142857,28743.70966666667,29536.364666666665,0.5614603032467783,133.0,-61.352810416005084,0
2019-08-02,27630.46,27748.46,27792.77,27623.58,161.65M,-0.43%,2019,8,2,4,161650000.0,-0.43,-0.4252488246194619,27825.329999999998,28669.681999999997,29498.471555555556,0.5536971650655016,169.1899999999987,66.03327855382086,1
2019-08-05,27669.38,27630.46,27674.85,27584.11,280.69M,0.14%,2019,8,5,0,280690000.0,0.14,0.14085903745360007,27779.44,28598.354666666666,29462.739,0.5580876140340215,90.73999999999796,73.64058150324774,0
2019-08-06,27527.4,27669.38,27706.47,27521.0,170.72M,-0.51%,2019,8,6,1,170720000.0,-0.51,-0.5131303990187019,27723.55571428571,28526.978666666666,29422.606222222224,0.5587192140273716,185.47000000000116,-39.17845309772346,0
2019-08-07,27412.13,27527.4,27534.56,27404.26,128.92M,-0.42%,2019,8,7,2,128919999.99999999,-0.42,-0.4187464126652052,27646.665714285715,28453.749666666667,29382.27077777778,0.5595035845726506,130.3000000000029,-24.48453608247424,1
2019-08-08,27424.92,27412.13,27450.92,27308.64,279.63M,0.05%,2019,8,8,3,279630000.0,0.05,0.046658176507974325,27590.144285714287,28376.268666666667,29342.115888888886,0.5455660260493819,142.27999999999884,116.90195470058953,0
2019-08-09,27306.81,27424.92,27434.59,27306.81,220.80M,-0.43%,2019,8,9,4,220800000.0,-0.43,-0.4306667075054227,27531.365714285716,28287.6,29302.975444444444,0.5123154818491491,127.77999999999884,-21.038515180774596,0
2019-08-14,27083.11,27303.13,27307.6,27083.11,235.12M,-0.82%,2019,8,14,2,235120000.0,-0.82,-0.8192095671372801,27436.315714285713,28203.216666666667,29261.304444444442,0.49536369811541975,224.48999999999796,6.48550724637682,0
2019-08-15,27052.93,27083.11,27120.09,26895.43,233.09M,-0.11%,2019,8,15,3,233090000.0,-0.11,-0.1114347650620684,27353.81142857143,28125.143,29216.98788888889,0.48916539953646293,224.65999999999985,-0.8633889077917623,0
2019-08-16,26925.29,27058.88,27203.58,26789.38,258.29M,-0.47%,2019,8,16,4,258290000.00000003,-0.47,-0.471815807012399,27247.512857142858,28043.47766666667,29176.963333333337,0.4888167674208022,414.2000000000007,10.811274614955613,1
2019-08-19,27117.22,26928.8,27172.42,26928.35,250.74M,0.71%,2019,8,19,0,250740000.0,0.71,0.7128242629884429,27188.915714285715,27970.715333333337,29142.412777777776,0.5219335348968299,244.0699999999997,-2.9230709667428245,0
2019-08-20,27058.62,27128.77,27217.88,26938.05,209.62M,-0.22%,2019,8,20,1,209620000.0,-0.22,-0.2160988478907555,27138.414285714283,27896.971,29113.411555555555,0.5211577915248254,279.83000000000175,-16.399457605487754,1
2019-08-21,27352.94,27058.03,27352.94,27043.28,363.97M,1.09%,2019,8,21,2,363970000.0,1.09,1.0877125293159873,27128.131428571425,27832.47333333333,29088.96511111111,0.5740708501514689,309.65999999999985,73.6332411029482,1
2019-08-22,27629.66,27352.94,27650.89,27352.94,272.60M,1.01%,2019,8,22,3,272600000.0,1.01,1.0116645596415008,27174.252857142856,27776.167,29066.890444444445,0.6145226344033374,297.9500000000007,-25.10371733934116,1
2019-08-23,27800.17,27629.66,27849.25,27624.27,339.62M,0.62%,2019,8,23,4,339620000.0,0.62,0.6171266675015108,27276.690000000002,27727.619333333336,29051.75633333333,0.6321587556210753,224.97999999999956,24.585473220836395,0
2019-08-26,27691.85,27800.17,27851.37,27601.78,158.27M,-0.39%,2019,8,26,0,158270000.0,-0.39,-0.38963790509194407,27367.964285714286,27693.584333333336,29035.560666666664,0.5480159528849206,249.59000000000015,-53.39791531711913,0
2019-08-27,27602.77,27691.85,27691.85,27475.64,183.65M,-0.32%,2019,8,27,1,183650000.0,-0.32,-0.32168309448447063,27464.747142857144,27661.450333333334,29017.886777777778,0.5444803227430093,216.20999999999913,16.035888039426304,1
2019-08-28,27607.02,27602.77,27626.37,27546.34,130.37M,0.02%,2019,8,28,2,130370000.0,0.02,0.015397005445461076,27534.71857142857,27636.983333333334,28998.546777777778,0.5295844044446658,80.02999999999884,-29.01170705145657,0
2019-08-29,27425.57,27607.02,27643.5,27423.36,116.07M,-0.66%,2019,8,29,3,116070000.0,-0.66,-0.6572603634872554,27587.140000000003,27611.13966666667,28974.825666666668,0.5347212245061446,220.13999999999942,-10.968781161310115,1
2019-08-30,27525.81,27425.57,27602.39,27326.4,124.74M,0.37%,2019,8,30,4,124740000.0,0.37,0.365498328749414,27611.835714285717,27593.906666666666,28952.935666666664,0.53343834959568,275.98999999999796,7.46963039545101,1
2019-09-02,27565.14,27540.42,27677.37,27463.76,111.50M,0.14%,2019,9,2,0,111500000.0,0.14,0.1428840786156682,27602.618571428575,27583.928333333333,28928.701222222222,0.5233338866541919,213.61000000000058,-10.614077280743949,1
2019-09-03,27586.79,27565.09,27606.28,27481.18,294.40M,0.08%,2019,9,3,1,294400000.0,0.08,0.0785412299738164,27572.135714285712,27572.838,28902.211555555557,0.5219641494541934,125.09999999999854,164.03587443946188,0
2019-09-04,27319.64,27590.44,27606.85,27283.67,250.45M,-0.97%,2019,9,4,2,250450000.0,-0.97,-0.9683982804813529,27518.96285714286,27556.536333333333,28871.470777777773,0.545393553508134,323.1800000000003,-14.928668478260864,0
2019-09-05,27252.09,27319.64,27319.64,27273.14,133.34M,-0.25%,2019,9,5,3,133340000.0,-0.25,-0.2472580165770788,27468.865714285716,27526.777,28840.094,0.49085314158741306,46.5,-46.75983230185666,0
2019-09-06,27146.57,27252.09,27582.15,26895.56,311.26M,-0.39%,2019,9,6,4,311260000.0,-0.39,-0.387199660649884,27403.087142857144,27495.371333333333,28809.51911111111,0.49327371458315733,686.5900000000001,133.4333283335833,0
2019-09-09,27089.84,27146.57,27231.76,27086.61,290.49M,-0.21%,2019,9,9,0,290490000.0,-0.21,-0.2089766773481827,27355.125714285714,27465.345666666668,28778.07544444444,0.49161226620909393,145.14999999999782,-6.6728779798239435,0
2019-09-10,27047.58,27089.84,27148.69,26977.36,364.22M,-0.16%,2019,9,10,1,364220000.0,-0.16,-0.15599944481029526,27286.807142857142,27436.311999999998,28748.15511111111,0.49089743448751705,171.3299999999981,25.381252366690752,1
2019-09-11,27153.53,27047.58,27157.66,27009.52,211.52M,0.39%,2019,9,11,2,211520000.0,0.39,0.39171711480285865,27228.005714285715,27409.751,28721.849222222223,0.497732603425336,148.13999999999942,-41.92521003788918,1
2019-09-12,27426.64,27153.53,27439.54,27142.88,115.30M,1.01%,2019,9,12,3,115300000.0,1.01,1.0057992459912235,27205.127142857145,27396.62,28702.59255555555,0.5313669971350347,296.65999999999985,-45.48978819969742,1
2019-09-13,27779.0,27426.64,27779.73,27426.64,165.24M,1.28%,2019,9,13,4,165240000.0,1.28,1.284736300181133,27270.75,27398.644666666667,28687.117777777774,0.5802801306017065,353.09000000000015,43.31309627059843,0
2019-09-16,27574.32,27779.0,27984.08,27538.33,268.35M,-0.74%,2019,9,16,0,268350000.00000003,-0.74,-0.7368155801144805,27316.782857142854,27392.84,28668.921333333332,0.595595817750464,445.75,62.40014524328252,0
2019-09-17,27407.04,27574.32,27646.96,27371.89,196.91M,-0.61%,2019,9,17,1,196910000.0,-0.61,-0.6066514060908856,27353.992857142854,27385.392666666667,28649.034333333337,0.6007580679952901,275.0699999999997,-26.62194894727037,1
2019-09-18,27681.61,27407.04,27700.07,27386.36,378.80M,1.00%,2019,9,18,2,378800000.0,1.0,1.0018228893014403,27438.53142857143,27385.800333333333,28633.314333333336,0.6288767711519709,313.7099999999991,92.37214971306689,0
2019-09-19,27646.15,27681.61,27698.44,27577.69,245.43M,-0.13%,2019,9,19,3,245430000.0,-0.13,-0.12809948554292072,27524.04142857143,27389.75866666667,28618.644777777776,0.6218619443080793,120.75,-35.208553326293554,1
2019-09-20,27698.69,27667.31,27715.27,27576.27,177.41M,0.19%,2019,9,20,4,177410000.0,0.19,0.19004454508131374,27601.92142857143,27399.310666666664,28605.338555555554,0.6170935188249783,139.0,-27.714623314183275,0
2019-09-23,27650.28,27698.69,27704.62,27650.82,109.56M,-0.17%,2019,9,23,0,109560000.0,-0.17,-0.1747736084269702,27633.87,27406.822666666663,28592.032666666666,0.6182910299396089,53.79999999999927,-38.24474381376473,0
2019-09-24,27352.24,27635.68,27635.68,27352.24,154.03M,-1.08%,2019,9,24,1,154030000.0,-1.08,-1.0778914354574232,27572.904285714285,27408.337,28579.452666666664,0.6455776746259605,283.4399999999987,40.589631252281855,0
2019-09-25,27283.05,27360.45,27371.59,27267.16,462.31M,-0.25%,2019,9,25,2,462310000.0,-0.25,-0.25295917263084,27531.294285714288,27415.001666666667,28566.789222222225,0.6286270947172191,104.43000000000029,200.14282931896386,1
2019-09-26,27579.85,27283.05,27579.85,27281.38,183.46M,1.09%,2019,9,26,3,183460000.0,1.09,1.087854913581876,27555.981428571427,27432.565666666665,28558.942222222224,0.6570484799268811,298.4699999999975,-60.316670632259736,1
2019-09-27,27675.04,27579.85,27675.04,27368.84,187.08M,0.35%,2019,9,27,4,187080000.0,0.35,0.34514328395549576,27555.042857142857,27457.557333333334,28550.462777777775,0.6508730712114882,306.2000000000007,1.9731821650496029,0
2019-09-30,27630.56,27675.04,27693.29,27113.91,194.80M,-0.16%,2019,9,30,0,194800000.0,-0.16,-0.16072244159357485,27552.815714285713,27474.668666666665,28536.669777777777,0.6416923728665861,579.380000000001,4.126576865512077,0
2019-10-02,27314.87,27630.56,27645.4,27261.25,175.55M,-1.14%,2019,10,2,2,175550000.0,-1.14,-1.1425392753530939,27497.984285714283,27483.210333333333,28513.797222222223,0.6769845477402132,384.15000000000146,-9.881930184804933,0
2019-10-03,27085.69,27314.87,27480.3,26575.54,151.19M,-0.84%,2019,10,3,3,151190000.0,-0.84,-0.8390301692814184,27417.32857142857,27474.302000000003,28478.99222222222,0.6648219410455481,904.7599999999984,-13.876388493306745,0
2019-10-04,26987.45,27085.69,27089.38,26974.83,138.88M,-0.36%,2019,10,4,4,138880000.0,-0.36,-0.36270074714728207,27365.215714285714,27452.895,28432.795555555556,0.6373085007535361,114.54999999999927,-8.14207288841855,0
2019-10-07,26866.41,26987.45,27004.48,26835.58,151.71M,-0.45%,2019,10,7,0,151710000.0,-0.45,-0.4485047679569587,27305.695714285714,27421.769666666667,28381.56111111111,0.6269336925195902,168.89999999999782,9.238191244239635,0
2019-10-08,26809.92,26866.41,26896.09,26809.3,185.94M,-0.21%,2019,10,8,1,185940000.0,-0.21,-0.21026255461746857,27195.705714285716,27392.372,28336.32366666667,0.6250462615776785,86.79000000000087,22.56278425944236,0
2019-10-09,26598.94,26817.3,26817.3,26489.42,243.01M,-0.79%,2019,10,9,2,243010000.0,-0.79,-0.786947517933656,27041.977142857144,27358.911,28296.37066666667,0.6362554733938687,327.880000000001,30.69269656878564,0
2019-10-10,26583.75,26598.94,26599.87,26578.03,363.25M,-0.06%,2019,10,10,3,363250000.0,-0.06,-0.05710753887184783,26892.432857142856,27324.802,28243.890111111115,0.6358553068068703,21.840000000000146,49.47944529031727,0
2019-10-11,26533.78,26583.75,26702.39,26533.14,117.38M,-0.19%,2019,10,11,4,117380000.0,-0.19,-0.18797197536088994,26780.84857142857,27295.075666666668,28191.441111111108,0.628004736559742,169.25,-67.68616655196146,1
2019-10-14,26557.44,26533.78,26607.06,26506.56,129.08M,0.09%,2019,10,14,0,129080000.00000001,0.09,0.08916935317921926,26705.384285714284,27262.796666666665,28141.308555555555,0.6228220999783193,100.5,9.967626512182658,0
2019-10-15,26513.65,26557.44,26567.67,26510.14,174.41M,-0.16%,2019,10,15,1,174410000.0,-0.16,-0.16488788075957883,26637.69857142857,27227.747,28092.257000000005,0.6209181471600718,57.529999999998836,35.11775643012085,0
2019-10-16,26472.2,26513.65,26574.38,26470.68,138.47M,-0.16%,2019,10,16,2,138470000.0,-0.16,-0.15633456728892936,26581.382857142857,27190.593999999997,28047.202888888885,0.6197076251443067,103.70000000000073,-20.60661659308526,0
2019-10-17,26456.29,26472.2,26472.2,26429.94,144.08M,-0.06%,2019,10,17,3,144080000.0,-0.06,-0.06010078497442617,26530.864285714288,27161.815666666665,28003.02688888889,0.5994710057661825,42.26000000000204,4.051419079945107,0
2019-10-18,26448.62,26456.29,26464.61,26374.84,310.56M,-0.03%,2019,10,18,4,310560000.0,-0.03,-0.02899121532158322,26509.390000000003,27135.033333333333,27959.987222222222,0.5990123899999243,89.77000000000044,115.5469183786785,0
2019-10-21,26390.08,26448.62,26449.53,26382.21,135.80M,-0.22%,2019,10,21,0,135800000.0,-0.22,-0.2213347993203274,26481.722857142857,27109.817,27918.76777777778,0.5970129203256529,67.31999999999971,-56.272539927872224,0
2019-10-22,26365.83,26390.08,26409.34,26353.55,519.76M,-0.09%,2019,10,22,1,519760000.0,-0.09,-0.09189058919109039,26457.730000000003,27085.683333333334,27878.06422222222,0.5966074148963741,55.79000000000087,282.739322533137,1
2019-10-23,26397.94,26365.83,26410.91,26294.57,168.43M,0.12%,2019,10,23,2,168430000.0,0.12,0.12178641825422165,26434.94428571429,27064.028666666665,27837.522444444443,0.5976790344938551,116.34000000000015,-67.59465907341851,0
2019-10-24,26357.24,26397.94,26410.84,26350.07,177.04M,-0.15%,2019,10,24,3,177040000.0,-0.15,-0.15417869727712974,26412.600000000002,27037.485666666667,27797.75477777778,0.5911188445614114,60.77000000000044,5.111915929466249,0
2019-10-25,26348.73,26357.24,26360.2,26113.88,250.54M,-0.03%,2019,10,25,4,250540000.0,-0.03,-0.0322871438739436,26394.96142857143,27001.555333333334,27759.198444444442,0.553494590896222,246.3199999999997,41.51604157252598,1
2019-10-28,26384.45,26348.73,26394.37,26348.73,485.89M,0.14%,2019,10,28,0,485890000.0,0.14,0.13556630623183796,26384.69857142857,26955.070333333333,27721.551000000003,0.48794346872692873,45.63999999999942,93.9370958729145,0
2019-10-29,26244.39,26384.45,26388.4,26244.39,267.90M,-0.53%,2019,10,29,1,267899999.99999997,-0.53,-0.530842977587187,26355.522857142856,26910.739333333335,27682.429666666667,0.48109963312202775,144.01000000000204,-44.86406388277183,1
2019-10-30,26310.77,26236.04,26385.37,26199.51,156.85M,0.25%,2019,10,30,2,156850000.0,0.25,0.25293024528290076,26344.192857142858,26874.197,27643.090555555555,0.47939207850432564,185.86000000000058,-41.45203434117207,1
2019-10-31,26355.35,26310.77,26363.1,26227.6,347.80M,0.17%,2019,10,31,3,347800000.0,0.17,0.1694363182833447,26342.695714285714,26829.988333333335,27604.714444444442,0.433196836125629,135.5,121.74051641695888,0
2019-11-01,26293.3,26355.35,26378.0,26217.91,252.37M,-0.24%,2019,11,1,4,252370000.0,-0.24,-0.23543606895752855,26327.74714285714,26784.893333333333,27567.210222222227,0.4333451747153192,160.09000000000015,-27.43818286371478,1
2019-11-04,26401.06,26293.3,26433.95,26293.3,368.18M,0.41%,2019,11,4,0,368180000.0,0.41,0.4098382477665474,26334.007142857143,26741.639000000003,27531.56644444445,0.4413595492947919,140.65000000000146,45.88897254031779,0
2019-11-05,26375.35,26401.06,26447.96,26299.86,304.28M,-0.10%,2019,11,5,1,304280000.0,-0.1,-0.09738245358331676,26337.809999999998,26699.141333333333,27494.077555555556,0.4414895157002236,148.09999999999854,-17.35564126242599,0
2019-11-06,26223.66,26364.81,26367.19,26223.66,232.09M,-0.58%,2019,11,6,2,232090000.0,-0.58,-0.5751203301567531,26314.84,26661.522,27452.486333333334,0.41398469192233117,143.52999999999884,-23.72485868279216,0
2019-11-07,26188.24,26223.66,26242.53,26172.35,726.19M,-0.14%,2019,11,7,3,726190000.0,-0.14,-0.13506886529187634,26306.81857142857,26625.028333333332,27414.41555555556,0.41342998258274505,70.18000000000029,212.89155069154208,1
2019-11-08,26314.49,26188.24,26333.84,26143.12,432.47M,0.48%,2019,11,8,4,432470000.0,0.48,0.4820866159772397,26307.350000000002,26582.849666666665,27380.18611111111,0.3633784221978363,190.72000000000116,-40.44671504702626,1
2019-11-12,26456.39,26314.49,26512.6,26314.49,378.35M,0.54%,2019,11,12,1,378350000.0,0.54,0.5392466279984909,26321.784285714286,26542.228,27347.754333333334,0.374173026963882,198.10999999999694,-12.51416283210396,0
2019-11-13,26357.61,26456.39,26456.39,26338.25,610.56M,-0.37%,2019,11,13,2,610560000.0,-0.37,-0.3733691558069685,26330.971428571433,26499.796333333335,27315.060111111114,0.37640399828900456,118.13999999999942,61.374388793445235,1
2019-11-14,26843.11,26339.11,26843.11,26339.11,624.84M,1.84%,2019,11,14,3,624840000.0,1.84,1.8419727737074787,26394.12142857143,26484.071,27288.084111111108,0.48540340655203307,504.0,2.338836477987427,1
2019-11-15,26851.68,26883.67,26984.06,26724.43,469.99M,0.03%,2019,11,15,4,469990000.0,0.03,0.031926255936820525,26462.16857142857,26476.270666666667,27261.015333333333,0.46251919729722485,259.630000000001,-24.782344280135714,0
2019-11-18,26691.09,26851.68,26851.68,26666.4,307.88M,-0.60%,2019,11,18,0,307880000.0,-0.6,-0.5980631379489121,26528.94428571429,26466.392,27231.817999999996,0.47032446318208354,185.27999999999884,-34.49222323879232,1
2019-11-19,26739.44,26691.09,26861.14,26659.9,394.35M,0.18%,2019,11,19,1,394350000.0,0.18,0.18114659236472264,26607.687142857143,26462.159666666666,27203.849555555556,0.46529169206071286,201.23999999999796,28.08561777315837,1
2019-11-20,26776.15,26750.49,27035.28,26750.49,267.31M,0.14%,2019,11,20,2,267310000.0,0.14,0.13728784148061557,26673.63857142857,26461.033999999996,27182.33011111111,0.46458204187786256,284.78999999999724,-32.21503740332192,1
2019-11-21,26872.09,26776.15,26872.09,26721.99,239.22M,0.36%,2019,11,21,3,239220000.0,0.36,0.3583039383929343,26733.024285714288,26470.139000000003,27163.500111111112,0.44457962839592857,150.09999999999854,-10.508398488646142,1
2019-11-22,26991.42,26872.09,27039.8,26849.26,207.26M,0.44%,2019,11,22,4,207260000.0,0.44,0.44406668777903224,26823.56857142857,26483.728,27148.504444444443,0.45037718160033396,190.54000000000087,-13.360086949251738,1
2019-11-25,27035.78,26991.42,27109.29,26980.27,230.65M,0.16%,2019,11,25,0,230650000.0,0.16,0.16434852260458488,26851.092857142856,26500.461333333333,27135.558888888892,0.44850118646191817,129.02000000000044,11.285342082408567,0
2019-11-26,26883.33,27035.78,27096.53,26883.33,209.97M,-0.56%,2019,11,26,1,209970000.0,-0.56,-0.563882381052061,26855.614285714284,26511.324333333334,27122.675888888883,0.46282970609166824,213.1999999999971,-8.965965748970305,0
2019-11-27,26790.1,26883.33,26893.32,26782.84,189.86M,-0.35%,2019,11,27,2,189860000.0,-0.35,-0.34679483531244726,26869.75857142857,26520.539333333334,27110.738222222222,0.46680397892570874,110.47999999999956,-9.577558698861743,1
2019-11-28,26824.5,26790.1,26863.97,26790.1,303.77M,0.13%,2019,11,28,3,303770000.0,0.13,0.12840564238283392,26881.91,26532.28266666667,27098.571555555554,0.46565962495132096,73.87000000000262,59.99683977667756,1
2019-11-29,27002.15,26824.5,27028.05,26823.81,227.16M,0.66%,2019,11,29,4,227160000.0,0.66,0.6622677030326818,26914.195714285714,26550.478,27089.61,0.47852984026548595,204.23999999999796,-25.219738618033382,0
2019-12-02,26990.59,26999.69,27025.2,26931.13,246.49M,-0.04%,2019,12,2,0,246490000.0,-0.04,-0.042811405758436116,26931.124285714286,26568.54366666667,27076.784666666666,0.4786342669152933,94.06999999999971,8.509420672653633,0
2019-12-03,26944.32,27000.35,27030.98,26833.39,189.01M,-0.17%,2019,12,3,1,189010000.0,-0.17,-0.17143011694076282,26924.395714285718,26587.01833333333,27064.06888888889,0.477677120637893,197.59000000000015,-23.319404438313928,0
2019-12-04,26938.58,26944.32,26956.43,26918.12,112.88M,-0.02%,2019,12,4,2,112880000.0,-0.02,-0.021303191173493996,26910.510000000002,26606.11,27052.379666666668,0.4770235443510199,38.31000000000131,-40.27829215385429,0
2019-12-05,26913.7,26941.56,26948.42,26889.48,206.73M,-0.09%,2019,12,5,3,206730000.0,-0.09,-0.0923582460545469,26914.84857142857,26623.302000000003,27041.21422222222,0.4778660194134723,58.93999999999869,83.1413890857548,0
2019-12-06,26855.52,26913.7,26926.72,26746.03,197.03M,-0.22%,2019,12,6,4,197030000.0,-0.22,-0.2161724326272485,26924.194285714282,26639.911333333337,27029.049333333332,0.47898200366615895,180.69000000000233,-4.692110482271561,0
2019-12-09,26681.31,26855.52,26855.52,26582.25,192.67M,-0.65%,2019,12,9,0,192670000.0,-0.65,-0.648693452966087,26903.73857142857,26650.99733333333,27016.390888888887,0.4961482710867093,273.27000000000044,-2.2128609856367,0
2019-12-10,26384.21,26705.7,26716.38,26383.36,196.29M,-1.11%,2019,12,10,1,196290000.0,-1.11,-1.113513541876321,26815.46142857143,26650.989333333335,27001.56811111111,0.5386985242939553,333.02000000000044,1.8788602273317023,1
2019-12-11,26434.0,26384.21,26445.8,26332.35,180.06M,0.19%,2019,12,11,2,180060000.0,0.19,0.1887113542531793,26735.948571428573,26657.309666666668,26986.963,0.5301359027671838,113.45000000000073,-8.268378419685163,1
2019-12-12,26569.8,26434.0,26579.09,26434.0,319.69M,0.51%,2019,12,12,3,319690000.0,0.51,0.5137323144435157,26682.445714285714,26665.944,26975.17788888889,0.5361013198534199,145.09000000000015,77.54637343107854,0
2019-12-13,26536.21,26569.8,26627.68,26503.92,155.34M,-0.13%,2019,12,13,4,155340000.0,-0.13,-0.12642172692305387,26624.964285714286,26671.97266666667,26962.58711111111,0.5362460740685372,123.76000000000204,-51.409177640839566,1
2019-12-16,26695.18,26536.21,26695.18,26521.38,170.52M,0.60%,2019,12,16,0,170520000.0,0.6,0.5990682165991412,26593.74714285714,26685.368666666665,26953.340222222225,0.5439038883998664,173.79999999999927,9.772112784859011,0
2019-12-17,26660.44,26695.18,27006.97,26643.1,331.91M,-0.13%,2019,12,17,1,331910000.0,-0.13,-0.13013585223999868,26565.87857142857,26694.01466666667,26944.988111111114,0.540578196529377,363.8700000000026,94.64578935022286,1
2019-12-18,26665.73,26660.44,26691.44,26646.64,232.68M,0.02%,2019,12,18,2,232680000.0,0.02,0.019842133138081586,26563.652857142857,26703.694000000003,26936.55266666667,0.5400191395875901,44.79999999999927,-29.896658732789007,0
2019-12-19,26584.45,26665.73,26684.74,26536.01,304.21M,-0.30%,2019,12,19,3,304210000.0,-0.3,-0.30481070647605524,26592.25857142857,26715.720333333335,26928.526444444444,0.5316278073764964,148.7300000000032,30.741791301358077,0
2019-12-20,26526.35,26584.45,26584.45,26408.32,341.61M,-0.22%,2019,12,20,4,341610000.0,-0.22,-0.21854881331004883,26605.451428571425,26726.990666666665,26922.340222222225,0.5328303411366527,176.13000000000102,12.294138917195351,0
2019-12-23,26115.8,26526.35,26526.35,26102.21,188.79M,-1.55%,2019,12,23,0,188790000.0,-1.55,-1.5477063372834943,26540.594285714287,26720.36766666667,26911.927666666663,0.5999473036877611,424.1399999999994,-44.735224378677444,0
2019-12-24,26092.82,26115.8,26124.73,26018.13,324.38M,-0.09%,2019,12,24,1,324380000.0,-0.09,-0.08799270939431336,26477.25285714286,26708.248666666666,26902.678,0.5905140567396111,106.59999999999854,71.8205413422321,1
2019-12-27,26416.48,26090.88,26419.73,26050.44,222.48M,1.24%,2019,12,27,4,222480000.0,1.24,1.2404178620785355,26437.43857142857,26710.211000000003,26894.892000000003,0.6315914349522748,369.2900000000009,-31.413773968802015,1
2019-12-30,26609.34,26416.48,26609.34,26240.29,382.81M,0.73%,2019,12,30,0,382810000.0,0.73,0.7300745595173908,26430.13857142857,26702.41866666667,26889.9,0.5473471495110366,369.0499999999993,72.06490471053577,1
2019-12-31,26842.07,26609.34,27357.84,26608.56,257.01M,0.87%,2019,12,31,1,257010000.0,0.87,0.874617709420833,26455.329999999998,26702.09833333333,26884.223666666672,0.5715988272932576,749.2799999999988,-32.862255426974215,1
2020-01-02,26867.79,26845.79,26867.79,26657.32,263.20M,0.10%,2020,1,2,3,263200000.0,0.1,0.09581973372396746,26495.807142857142,26707.988333333335,26875.758444444444,0.5604784020035516,210.47000000000116,2.4084665966304764,1
2020-01-03,26968.79,26867.79,26978.46,26867.79,608.86M,0.38%,2020,1,3,4,608860000.0,0.38,0.3759148035621829,26559.01285714286,26715.633333333335,26866.52088888889,0.5634872162633603,110.66999999999825,131.32978723404256,1
2020-01-06,27339.68,26968.79,27339.68,26968.68,520.39M,1.38%,2020,1,6,0,520390000.0,1.38,1.3752563611493018,26733.852857142858,26734.417666666668,26862.607888888888,0.6146238231485718,371.0,-14.530433925697206,1
2020-01-07,27586.93,27339.68,27699.59,27295.49,446.33M,0.90%,2020,1,7,1,446330000.0,0.9,0.9043631820123688,26947.297142857144,26758.245666666666,26862.43188888889,0.6312773321656768,404.09999999999854,-14.231633966832568,1
2020-01-08,28562.48,27579.57,28562.48,27579.57,741.82M,3.54%,2020,1,8,2,741820000.0,3.54,3.536276055363885,27253.868571428575,26810.614333333335,26873.04811111111,0.8904237907223719,982.9099999999999,66.2043779266462,1
2020-01-09,29395.57,28562.48,29484.1,28539.16,693.19M,2.92%,2020,1,9,3,693190000.0,2.92,2.916728519372258,27651.90142857143,26889.273999999998,26894.937,1.0198141700033883,944.9399999999987,-6.5554986384837255,1
2020-01-10,29415.39,29393.88,29585.13,28858.83,280.86M,0.07%,2020,1,10,4,280860000.0,0.07,0.06742512562267766,28019.518571428573,26973.676,26915.932333333334,1.0081554860290707,726.2999999999993,-59.48297003707496,1
2020-01-13,29633.58,29415.39,29909.06,29415.39,348.24M,0.74%,2020,1,13,0,348240000.0,0.74,0.7417545713315432,28414.631428571425,27068.458666666666,26938.915,1.0034530872669716,493.6700000000019,23.9906002990814,0
2020-01-14,29283.15,29633.58,29812.97,29037.12,666.78M,-1.18%,2020,1,14,1,666780000.0,-1.18,-1.182543587376217,28745.25428571429,27150.413666666664,26957.763444444445,1.0409042548418344,775.8500000000022,91.47139903514818,0
2020-01-15,29062.5,29030.41,29094.14,28855.22,360.08M,-0.75%,2020,1,15,2,360080000.0,-0.75,-0.753505002023358,28991.37142857143,27219.092,26977.12855555556,1.0558036885427984,238.91999999999825,-45.99718047931851,1
2020-01-16,29352.13,29062.5,29497.97,29062.5,387.16M,1.00%,2020,1,16,3,387160000.0,1.0,0.9965763440860309,29243.542857142857,27297.809999999998,27000.462333333333,1.062868921468277,435.47000000000116,7.520550988669195,1
2020-01-17,29618.52,29352.13,29623.55,29331.35,324.97M,0.91%,2020,1,17,4,324970000.0,0.91,0.9075661630007836,29394.405714285713,27386.95,27027.928444444446,1.065131516127936,292.2000000000007,-16.063126356028512,1
2020-01-20,29710.56,29618.52,29713.84,29545.93,266.95M,0.31%,2020,1,20,0,266950000.0,0.31,0.31075151628103814,29439.40428571429,27479.34933333333,27057.047555555557,1.0631715138543323,167.90999999999985,-17.853955749761518,0
2020-01-21,29462.76,29713.61,29723.75,29360.13,272.84M,-0.83%,2020,1,21,1,272840000.0,-0.83,-0.8340468843401228,29446.17142857143,27564.318000000003,27083.88288888889,1.0818493558232418,363.619999999999,2.2064056939501864,0
2020-01-22,29458.21,29461.2,29488.93,29244.41,315.67M,-0.02%,2020,1,22,2,315670000.0,-0.02,-0.015443223920630356,29421.118571428575,27651.074333333334,27109.49044444444,1.0791149243533087,244.52000000000044,15.697844890778478,1
2020-01-23,29591.29,29591.29,29591.29,29591.29,,0.45%,2020,1,23,3,0.0,0.45,0.45175860990875893,29465.13857142857,27748.07366666667,27133.54211111111,1.0638441617311778,0.0,-100.0,1
2020-01-24,29628.84,29628.84,29628.84,29628.84,,0.13%,2020,1,24,4,0.0,0.13,0.12689544795105867,29546.044285714284,27856.228,27154.095888888893,1.028476260066065,0.0,0.0,0
2020-01-27,29552.99,29628.84,29648.35,29552.99,444.01M,-0.26%,2020,1,27,0,444010000.0,-0.26,-0.2560005724152492,29574.73857142857,27960.194333333333,27176.08111111111,1.0346995697355277,95.35999999999694,0.0,0
2020-01-28,29378.63,29525.56,29529.6,29347.09,250.93M,-0.59%,2020,1,28,1,250930000.0,-0.59,-0.589991063509987,29540.46857142857,28053.822,27197.987666666664,1.0492125641634336,182.5099999999984,-43.4855070831738,0
2020-01-29,29110.9,29378.63,29381.95,29054.23,242.76M,-0.91%,2020,1,29,2,242760000.0,-0.91,-0.9113086621125643,29454.802857142855,28139.645,27213.86866666667,1.070828008853448,327.72000000000116,-3.2558880962818337,0
2020-01-30,29030.93,29110.9,29222.83,28898.74,274.43M,-0.27%,2020,1,30,3,274430000.0,-0.27,-0.27470809902819804,29393.112857142853,28217.503333333334,27229.25511111111,1.074700936952563,324.09000000000015,13.045806557917295,0
2020-01-31,28843.53,29035.55,29096.29,28817.45,348.56M,-0.65%,2020,1,31,4,348560000.0,-0.65,-0.6455184177702966,29305.301428571427,28290.272999999997,27241.97555555556,1.0856378926253007,278.84000000000015,27.01235287687207,0
2020-02-03,28533.4,28843.53,28843.53,28389.6,246.51M,-1.08%,2020,2,3,0,246510000.0,-1.08,-1.0752151349019967,29154.174285714285,28352.528666666665,27251.788,1.1123612052790957,453.9300000000003,-29.277599265549693,0
2020-02-04,28432.27,28533.4,28540.3,28415.12,254.85M,-0.35%,2020,2,4,1,254850000.0,-0.35,-0.3544267419935965,28983.235714285714,28414.12266666667,27263.788333333334,1.113223148921333,125.18000000000029,3.3832298892539914,0
2020-02-05,28093.76,28432.27,28506.63,28032.23,350.21M,-1.19%,2020,2,5,2,350210000.0,-1.19,-1.1905837979169553,28774.774285714288,28466.36966666667,27272.79622222222,1.140544553407396,474.40000000000146,37.41808907200315,1
2020-02-06,28140.41,28093.76,28385.36,27949.15,317.19M,0.17%,2020,2,6,3,317190000.0,0.17,0.16605110885834495,28597.885714285716,28533.856666666667,27279.024666666664,1.0919899890152405,436.2099999999991,-9.42862853716342,0
2020-02-07,28067.09,28140.41,28195.75,28054.73,303.93M,-0.26%,2020,2,7,4,303930000.0,-0.26,-0.2605505747784065,28448.77,28599.66566666667,27283.380777777777,1.0943104091364344,141.02000000000044,-4.180459661401681,0
2020-02-10,27773.2,28067.09,28119.19,27772.16,200.16M,-1.05%,2020,2,10,0,200160000.0,-1.05,-1.0470982207275492,28269.094285714287,28644.889666666666,27284.965666666667,1.1025229948942843,347.02999999999884,-34.142730233935445,1
2020-02-11,27871.9,27769.07,27936.16,27637.33,276.27M,0.36%,2020,2,11,1,276270000.0,0.36,0.3553785663877429,28130.290000000005,28686.975,27291.154888888886,1.098106896942994,298.8299999999981,38.024580335731414,1
2020-02-12,27878.43,27871.9,27919.1,27866.46,152.34M,0.02%,2020,2,12,2,152340000.0,0.02,0.023428614482678967,28036.722857142857,28721.520333333334,27299.963111111112,1.0899832079875442,52.63999999999942,-44.85829080247584,0
2020-02-13,27864.84,27881.45,27916.64,27686.34,150.72M,-0.05%,2020,2,13,3,150720000.0,-0.05,-0.04874736489823839,27955.661428571428,28754.755333333334,27309.711888888887,1.0904682961766414,230.29999999999927,-1.0634107916502544,0
2020-02-14,27755.87,27864.84,27879.31,27675.52,132.51M,-0.39%,2020,2,14,4,132509999.99999999,-0.39,-0.3910663043462659,27907.391428571427,28780.99133333333,27319.59477777778,1.0934233912418645,203.79000000000087,-12.082006369426757,0
2020-02-17,27570.94,27756.56,27818.09,27507.99,134.61M,-0.67%,2020,2,17,0,134610000.0,-0.67,-0.6662734765655043,27826.03857142857,28788.7,27328.050555555554,1.074795344012949,310.09999999999854,1.5847860538827474,0
2020-02-18,27547.56,27570.94,27570.94,27527.51,168.07M,-0.08%,2020,2,18,1,168070000.0,-0.08,-0.08479943012460467,27751.82,28787.387666666666,27338.590777777776,1.0622607029513556,43.43000000000029,24.856994279771193,0
2020-02-19,27523.08,27547.56,27556.13,27512.72,290.13M,-0.09%,2020,2,19,2,290130000.0,-0.09,-0.08886449471386948,27716.088571428576,28752.740999999998,27349.027777777777,0.8261390218203597,43.409999999999854,72.62450169572202,1
2020-02-20,27568.91,27523.26,27622.42,27292.61,484.99M,0.17%,2020,2,20,3,484990000.0,0.17,0.16651479412914671,27672.804285714286,28691.852333333336,27360.52922222222,0.5988420958549248,329.8099999999977,67.16299589839039,0
2020-02-21,27388.62,27568.91,27614.65,27236.53,421.22M,-0.65%,2020,2,21,4,421220000.0,-0.65,-0.6539612919045479,27602.83142857143,28624.293333333335,27369.764555555557,0.6017162973912873,378.1200000000026,-13.148724715973525,0
2020-02-24,27041.03,27388.62,27515.79,27000.85,428.96M,-1.27%,2020,2,24,0,428960000.0,-1.27,-1.2691037372456138,27485.144285714287,28537.875,27375.624333333333,0.6010507499448176,514.9400000000023,1.8375195859645865,0
2020-02-25,27033.1,27041.03,27105.46,27031.71,241.71M,-0.03%,2020,2,25,1,241710000.0,-0.03,-0.029325806006652577,27381.891428571427,28462.873333333337,27381.856555555554,0.5793420409117841,73.75,-43.65208877284596,0
2020-02-26,26974.38,27033.1,27033.9,26870.39,228.36M,-0.22%,2020,2,26,2,228360000.0,-0.22,-0.21721519174640047,27296.66857142857,28393.269333333337,27387.613111111114,0.5719604502842095,163.51000000000204,-5.523147573538534,0
2020-02-27,26808.24,26974.38,26977.4,26796.43,231.52M,-0.62%,2020,2,27,3,231520000.0,-0.62,-0.6159177708625729,27191.05142857143,28308.473,27391.608888888888,0.5249340913637369,180.97000000000116,1.38377999649677,0
2020-02-28,26216.46,26808.24,26808.24,26216.46,416.28M,-2.21%,2020,2,28,4,416280000.0,-2.21,-2.2074556181233884,27004.391428571427,28195.071,27389.679777777776,0.5826629951662091,591.7800000000025,79.80304077401522,0
2020-03-02,25816.57,26143.02,26170.58,25816.57,325.26M,-1.53%,2020,3,2,0,325260000.0,-1.53,-1.5253394241632856,26754.057142857146,28065.271333333334,27383.576888888892,0.6011113042569949,354.01000000000204,-21.865090804266362,1
2020-03-03,26255.11,25816.57,26344.55,25816.57,387.42M,1.70%,2020,3,3,1,387420000.0,1.7,1.6986764701895085,26592.12714285714,27958.349666666665,27381.989888888886,0.714682723396716,527.9799999999996,19.11086515403062,1
2020-03-04,26415.54,26283.35,26438.78,26256.24,307.66M,0.61%,2020,3,4,2,307660000.0,0.61,0.611042955066643,26502.77142857143,27856.927333333333,27382.63766666667,0.7346078921287186,182.53999999999724,-20.587476124103045,1
2020-03-05,26426.2,26418.82,26626.07,26408.25,431.90M,0.04%,2020,3,5,3,431900000.0,0.04,0.04035503343864377,26416.071428571428,27751.424333333332,27383.49844444444,0.72267229406647,217.8199999999997,40.38224013521419,0
2020-03-06,26279.61,26426.2,26455.26,26273.58,361.08M,-0.55%,2020,3,6,4,361080000.0,-0.55,-0.5547146392595237,26316.818571428572,27639.783333333333,27382.333555555557,0.7170797722191675,181.67999999999665,-16.397314193100254,0
2020-03-09,25647.54,26141.24,26141.24,25648.45,185.49M,-2.41%,2020,3,9,0,185490000.0,-2.41,-2.4051726795032313,26151.004285714287,27509.60166666667,27375.701888888892,0.8045712219695673,492.7900000000009,-48.62911266201396,0
2020-03-10,24388.66,25412.57,25412.57,24381.88,594.47M,-4.91%,2020,3,10,1,594470000.0,-4.91,-4.908384975713076,25889.890000000003,27343.269333333334,27354.345111111114,1.1424644943314457,1030.6899999999987,220.48627958380504,0
2020-03-11,23572.75,24278.53,24321.51,23260.07,1.39B,-3.35%,2020,3,11,2,1390000000.0,-3.35,-3.3454482534095775,25569.344285714287,27158.66433333333,27323.427333333333,1.2461732113913575,1061.4399999999987,133.8217235520716,0
2020-03-12,22695.88,23500.46,23500.46,22694.32,1.06B,-3.72%,2020,3,12,3,1060000000.0,-3.72,-3.7198460086328433,25060.882857142857,26947.496,27283.456000000002,1.3598268055099971,806.1399999999994,-23.741007194244602,1
2020-03-13,22734.07,22729.01,22813.47,22550.08,732.62M,0.17%,2020,3,13,4,732620000.0,0.17,0.16826842581119106,24534.95857142857,26743.847333333335,27242.711666666666,1.3712511077891278,263.3899999999994,-30.88490566037736,0
2020-03-16,22705.19,22745.39,22797.39,22618.36,551.48M,-0.13%,2020,3,16,0,551480000.0,-0.13,-0.127034006669291,24003.385714285716,26549.573666666667,27201.932111111113,1.3751574979864236,179.02999999999884,-24.724959733559004,0
2020-03-17,22543.07,22705.19,23008.59,22497.73,675.82M,-0.71%,2020,3,17,1,675820000.0,-0.71,-0.714021772114648,23469.594285714287,26353.267,27161.036666666663,1.3731618798440757,510.8600000000006,22.546601871328065,1
2020-03-18,22789.64,22549.09,22804.7,22118.37,671.52M,1.09%,2020,3,18,2,671520000.0,1.09,1.0937729421946596,23061.322857142855,26176.463,27123.27444444444,1.4113461106080152,686.3300000000017,-0.6362640939895248,0
2020-03-19,22118.9,22785.19,22785.19,22118.9,525.85M,-2.94%,2020,3,19,3,525850000.0,-2.94,-2.943179444695032,22737.071428571428,25975.746,27076.656777777775,1.4600007055223223,666.2899999999972,-21.692578031927567,1
2020-03-20,22198.43,22072.56,22211.67,22035.11,379.48M,0.36%,2020,3,20,4,379480000.0,0.36,0.35955675915166907,22540.739999999998,25780.124,27029.34611111111,1.472078097905935,176.55999999999767,-27.834933916516114,0
2020-03-23,21700.98,22198.43,22208.81,21694.16,464.36M,-2.24%,2020,3,23,0,464360000.0,-2.24,-2.2409242455434963,22398.611428571425,25577.716666666667,26977.60577777778,1.4958221238388483,514.6500000000015,22.36745019500368,1
2020-03-24,21741.16,21703.8,21770.42,21703.8,330.10M,0.19%,2020,3,24,1,330100000.0,0.19,0.1851529285774145,22256.76714285714,25373.358666666667,26920.917444444447,1.4915736930414552,66.61999999999898,-28.912912395555168,0
2020-03-25,21729.48,21743.47,21814.74,21663.32,233.07M,-0.05%,2020,3,25,2,233070000.0,-0.05,-0.0537229844221776,22117.38,25168.393666666667,26864.004111111113,1.4901464601778802,151.4200000000019,-29.39412299303241,1
2020-03-26,21757.47,21729.48,21903.0,21696.88,172.16M,0.13%,2020,3,26,3,172160000.0,0.13,0.12881118185985585,22005.15142857143,24964.814666666665,26809.18611111111,1.493648430078628,206.11999999999898,-26.13377955120779,1
2020-03-27,21861.78,21842.18,21885.05,21803.89,251.41M,0.48%,2020,3,27,4,251410000.0,0.48,0.47942155039164547,21872.600000000002,24768.344999999998,26754.989888888893,1.5104348062502648,81.15999999999985,46.03276022304832,0
2020-03-30,21330.79,21828.65,21828.65,21330.79,466.87M,-2.43%,2020,3,30,0,466870000.0,-2.43,-2.4288507157239625,21760.012857142858,24560.340000000004,26694.48588888889,1.539800777391379,497.8600000000006,85.70064834334354,0
2020-03-31,21300.47,21330.79,21340.64,21270.26,422.00M,-0.14%,2020,3,31,1,422000000.0,-0.14,-0.1421419459851192,21631.73285714286,24352.103666666666,26632.578999999998,1.5388662240484499,70.38000000000102,-9.61081243172618,0
2020-04-01,21100.54,21309.5,21317.98,20779.13,154.35M,-0.94%,2020,4,1,2,154350000.0,-0.94,-0.93861778636809,21545.955714285716,24138.019000000004,26567.12477777778,1.5323328470291526,538.8499999999985,-63.42417061611374,1
2020-04-02,21121.2,21100.54,21170.0,20790.71,255.53M,0.10%,2020,4,2,3,255530000.0,0.1,0.09791218613361963,21457.390000000003,23923.095333333335,26501.40722222222,1.5307826328486307,379.2900000000009,65.55231616456105,0
2020-04-03,21094.62,21166.38,21197.32,20769.37,235.29M,-0.13%,2020,4,3,4,235290000.0,-0.13,-0.12584512243623003,21366.695714285714,23713.29533333333,26437.088222222228,1.536409729240521,427.9500000000007,-7.920792079207917,0
2020-04-06,20669.38,21094.62,21208.95,20651.59,336.42M,-2.02%,2020,4,6,0,336420000.0,-2.02,-2.0158694491770768,21211.254285714287,23500.907,26369.080222222223,1.54934550617991,557.3600000000006,42.98100216753793,1
2020-04-07,20925.19,20683.16,20925.19,20667.55,342.57M,1.24%,2020,4,7,1,342570000.0,1.24,1.2376278340230806,21077.455714285716,23297.31,26303.532333333336,1.5900611109944025,257.6399999999994,1.8280720527911631,1
2020-04-08,21073.26,20925.19,21150.01,20925.19,346.41M,0.71%,2020,4,8,2,346410000.0,0.71,0.707616035983416,21040.665714285715,23100.605999999996,26237.655777777778,1.6113274531647686,224.8199999999997,1.1209387862334719,1
2020-04-09,21384.03,21073.26,21385.85,20985.63,314.85M,1.47%,2020,4,9,3,314850000.0,1.47,1.4747125029539898,21052.602857142858,22919.799,26175.360666666667,1.6642086114956838,400.2199999999975,-9.110591495626574,1
2020-04-14,21879.95,21384.03,21883.39,21239.02,264.74M,2.32%,2020,4,14,1,264740000.0,2.32,2.319113843368159,21163.947142857145,22775.24866666667,26119.089888888888,1.7301964771347993,644.369999999999,-15.915515324757823,1
2020-04-15,22539.94,21879.95,22543.48,21873.47,326.39M,3.02%,2020,4,15,2,326390000.0,3.02,3.016414571331283,21366.624285714286,22666.027666666665,26070.216111111113,1.8403841900496722,670.0099999999984,23.286998564629457,1
2020-04-16,22554.84,22539.94,22634.28,22380.94,379.11M,0.07%,2020,4,16,3,379110000.0,0.07,0.06610487871752113,21575.227142857144,22542.68533333333,26021.784333333337,1.7987888871403943,253.34000000000015,16.152455651214815,1
2020-04-17,22921.59,22554.84,22927.88,22524.23,231.60M,1.63%,2020,4,17,4,231600000.0,1.63,1.6260368062908093,21896.971428571425,22426.22033333334,25978.074,1.8294815738257983,403.65000000000146,-38.90955131755954,0
2020-04-20,22920.56,22921.59,23143.34,22920.13,343.24M,0.00%,2020,4,20,0,343240000.0,0.0,-0.004493580070141778,22182.024285714284,22309.365666666665,25936.28788888889,1.8290807551715162,223.20999999999913,48.20379965457686,0
2020-04-21,22629.92,22920.41,22920.41,22612.97,248.16M,-1.27%,2020,4,21,1,248160000.0,-1.27,-1.2680318456442685,22404.404285714285,22187.709333333336,25894.57355555556,1.8350225675225056,307.4399999999987,-27.700734180165487,1
2020-04-22,22780.3,22629.92,22799.78,22629.92,185.21M,0.66%,2020,4,22,2,185210000.0,0.66,0.6645184781917113,22603.871428571427,22092.134666666665,25853.976888888894,1.8094176028316704,169.86000000000058,-25.36669890393295,0
2020-04-23,22470.79,22780.3,22805.14,22407.6,201.48M,-1.36%,2020,4,23,3,201480000.0,-1.36,-1.3586739419586102,22688.277142857143,22028.20566666667,25808.432333333334,1.6078018744192861,397.5400000000009,8.784622860536695,1
2020-04-24,22599.38,22470.79,22672.22,22458.37,211.53M,0.57%,2020,4,24,4,211530000.0,0.57,0.5722540240018281,22696.768571428573,21995.760000000002,25764.689777777778,1.5043300210861628,213.85000000000218,4.9880881477069705,1
2020-04-27,22616.28,22599.38,22649.2,22584.64,106.06M,0.07%,2020,4,27,0,106060000.0,0.07,0.07478081257095148,22705.545714285716,21993.10666666667,25719.36866666666,1.342901709383724,64.56000000000131,-49.8605398761405,1
2020-04-28,22727.87,22616.28,22761.25,22616.28,266.62M,0.49%,2020,4,28,1,266620000.0,0.49,0.4934056352326799,22677.87142857143,21992.9,25675.673444444445,1.3456406294565675,144.97000000000116,151.38600792004527,1
2020-04-29,22868.4,22727.87,22884.49,22727.87,277.29M,0.62%,2020,4,29,2,277290000.0,0.62,0.6183157506620907,22670.419999999995,21998.340333333337,25633.480888888887,1.3499381048756836,156.62000000000262,4.0019503413097235,1
2020-04-30,23021.01,22868.4,23045.44,22636.59,359.46M,0.67%,2020,4,30,3,359460000.0,0.67,0.6673400850081279,22726.29,22014.271666666664,25593.887111111115,1.347145240191327,408.84999999999854,29.63323596234988,1
2020-05-04,23089.86,23021.01,23121.74,22940.24,249.83M,0.30%,2020,5,4,0,249830000.0,0.3,0.29907462791598505,22770.51285714286,22024.279,25555.70388888889,1.3342494912462641,181.5,-30.498525566126965,1
2020-05-05,23809.31,23089.86,23809.39,23075.49,343.95M,3.12%,2020,5,5,1,343950000.0,3.12,3.115869909995128,22961.730000000003,22080.626,25530.076222222226,1.3237321043377162,733.8999999999978,37.673618060281,1
2020-05-06,24143.37,23815.34,24154.65,23807.14,426.63M,1.40%,2020,5,6,2,426630000.0,1.4,1.4030645995200874,23182.3,22145.457333333332,25508.415666666668,1.340202844479938,347.51000000000204,24.038377671173137,1
2020-05-07,24354.25,24143.37,24369.45,24039.7,431.57M,0.87%,2020,5,7,3,431570000.0,0.87,0.8734489012925728,23430.58142857143,22233.899666666668,25485.502,1.255413673126526,329.75,1.1579120080631888,0
2020-05-08,24045.4,24361.14,24403.77,24030.65,208.56M,-1.27%,2020,5,8,4,208560000.0,-1.27,-1.2681564819281954,23618.8,22310.707666666665,25457.01377777778,1.291232629397748,373.119999999999,-51.67412007322103,0
2020-05-11,23950.83,24045.4,24058.15,23949.18,204.72M,-0.39%,2020,5,11,0,204720000.0,-0.39,-0.39329767855805775,23773.43285714286,22384.752666666664,25424.88888888889,1.2963211737422642,108.97000000000116,-1.8411967779056404,0
2020-05-12,23695.9,23950.83,23982.29,23542.33,155.65M,-1.06%,2020,5,12,1,155650000.0,-1.06,-1.0643890002976941,23869.845714285715,22449.367000000002,25389.64566666667,1.32087618224472,439.9599999999991,-23.969323954669797,1
2020-05-13,23709.44,23695.9,23759.84,23695.9,159.19M,0.06%,2020,5,13,2,159190000.0,0.06,0.0571406867854618,23958.35714285714,22510.95566666667,25353.43066666667,1.321074266500073,63.93999999999869,2.2743334404111692,1
2020-05-14,23892.92,23709.44,23892.92,23709.2,182.74M,0.77%,2020,5,14,3,182740000.0,0.77,0.7738689737083693,23970.301428571427,22596.359999999997,25315.133333333335,1.2202464720303428,183.71999999999753,14.793642816759856,0
2020-05-15,23871.33,23872.44,23931.49,23840.8,221.44M,-0.09%,2020,5,15,4,221440000.0,-0.09,-0.09036149620890166,23931.43857142857,22682.055333333334,25273.84888888889,1.2195101079821105,90.69000000000233,21.177629418846443,1
2020-05-18,24010.19,23874.77,24010.19,23871.33,330.98M,0.58%,2020,5,18,0,330980000.0,0.58,0.5817019830901549,23882.287142857145,22779.043666666665,25223.267888888888,1.1938120056416492,138.85999999999694,49.467124277456655,1
2020-05-19,24202.87,23943.29,24205.89,23943.29,339.75M,0.80%,2020,5,19,1,339750000.0,0.8,0.8024926083467054,23904.782857142858,22881.766,25165.571222222225,1.193813753954178,262.59999999999854,2.649706930932383,1
2020-05-20,24452.23,24202.87,24467.28,24185.62,436.77M,1.03%,2020,5,20,2,436770000.0,1.03,1.0302910357325334,23976.411428571428,22993.68633333333,25110.425,1.1928480806065402,281.65999999999985,28.556291390728482,1
2020-05-21,24758.39,24452.23,24769.4,24426.56,350.66M,1.25%,2020,5,21,3,350660000.0,1.25,1.252073941722287,24128.195714285714,23129.986666666668,25056.256222222222,1.1008013839362791,342.84000000000015,-19.715181903519017,1
2020-05-22,25204.75,24758.39,25205.18,24742.12,259.57M,1.80%,2020,5,22,4,259570000.0,1.8,1.8028635949268068,24341.81142857143,23272.638666666662,25010.94066666667,1.116649279912279,463.0600000000013,-25.976729595619684,1
2020-05-27,25221.29,25204.75,25469.93,25054.11,581.59M,0.07%,2020,5,27,2,581590000.0,0.07,0.06562255130482253,24531.57857142857,23410.906333333336,24968.260555555553,1.1212165847098894,415.8199999999997,124.05902068806101,0
2020-05-28,25166.01,25229.02,25463.11,25131.33,348.21M,-0.22%,2020,5,28,3,348210000.0,-0.22,-0.21917990713402613,24716.532857142854,23536.972333333335,24921.748111111112,1.1186491192485264,331.77999999999884,-40.127925170652865,1
2020-05-29,25267.82,25166.01,25393.03,25164.06,325.59M,0.40%,2020,5,29,4,325590000.0,0.4,0.40455360225957193,24896.194285714282,23649.90133333333,24873.407,1.0677123784854057,228.96999999999753,-6.496079951753253,1
2020-06-01,25321.29,25267.82,25396.1,25180.37,253.13M,0.21%,2020,6,1,0,253130000.0,0.21,0.2116130319117504,25055.96857142857,23742.613,24824.637333333332,0.955439635510941,215.72999999999956,-22.254983261156667,1
2020-06-02,25383.43,25316.24,25458.53,25316.24,377.86M,0.25%,2020,6,2,1,377860000.0,0.25,0.24540613847081616,25188.997142857144,23836.89933333333,24779.311444444447,0.9538838155664515,142.28999999999724,49.27507604788053,1
2020-06-03,25407.96,25383.43,25445.47,25308.5,353.26M,0.10%,2020,6,3,2,353260000.0,0.1,0.0966378460278916,25281.792857142857,23919.778333333332,24734.30866666667,0.9265189623992441,136.97000000000116,-6.510347747843115,0
2020-06-04,25312.05,25407.96,25434.62,25312.05,270.18M,-0.38%,2020,6,4,3,270180000.0,-0.38,-0.3774801282747653,25297.121428571427,23999.494666666666,24686.761555555557,0.9338852942493779,122.56999999999971,-23.518088659910553,0
2020-06-05,25016.3,25312.05,25325.87,24875.56,214.50M,-1.17%,2020,6,5,4,214500000.0,-1.17,-1.1684158335654393,25267.837142857144,24079.040666666664,24635.51111111111,0.9281464003521042,450.3099999999977,-20.608483233399955,1
2020-06-08,25250.2,25016.3,25412.54,25016.3,230.49M,0.93%,2020,6,8,0,230490000.0,0.93,0.9349903862681641,25279.864285714284,24161.370666666666,24587.702333333335,0.9327209995798245,396.2400000000016,7.454545454545447,1
2020-06-09,25335.15,25249.96,25368.78,25249.96,268.74M,0.34%,2020,6,9,1,268740000.0,0.34,0.3364329787486797,25289.48285714286,24256.84933333333,24542.774777777784,0.8753533072564348,118.81999999999971,16.5950800468567,0
2020-06-10,25215.04,25335.15,25351.29,25130.61,266.65M,-0.47%,2020,6,10,2,266649999.99999997,-0.47,-0.4740844242090536,25274.304285714286,24344.038,24499.48744444444,0.889170907250215,220.6800000000003,-0.7777033564039693,0
2020-06-11,25182.67,25215.04,25302.85,25182.67,337.13M,-0.13%,2020,6,11,3,337130000.0,-0.13,-0.12837576303666998,25245.624285714286,24429.584333333336,24456.729000000003,0.8922612836508088,120.18000000000029,26.43165197824866,0
2020-06-15,24956.04,25182.67,25196.62,24757.68,237.63M,-0.90%,2020,6,15,0,237630000.0,-0.9,-0.899944287083132,25181.06428571429,24503.856666666667,24413.534666666666,0.9210261261566134,438.9399999999987,-29.513837392103937,0
2020-06-16,24930.88,24954.89,25046.42,24930.65,200.37M,-0.10%,2020,6,16,1,200370000.0,-0.1,-0.1008172771000515,25126.611428571432,24572.605999999996,24373.506666666668,0.9222522131289923,115.7699999999968,-15.679838404241886,1
2020-06-17,24972.94,24930.88,24973.59,24816.45,265.95M,0.17%,2020,6,17,2,265950000.0,0.17,0.16870643956410358,25120.41714285714,24637.67033333333,24335.069666666666,0.9197505358345393,157.13999999999942,32.72945051654439,0
2020-06-18,24933.41,24972.89,25054.28,24913.26,171.16M,-0.16%,2020,6,18,3,171160000.0,-0.16,-0.1582913345405057,25075.161428571424,24699.121999999996,24299.954666666672,0.9231342868295075,141.02000000000044,-35.64203797706335,0
2020-06-19,24826.75,24933.41,25123.72,24819.12,174.67M,-0.43%,2020,6,19,4,174670000.0,-0.43,-0.4277794332985363,25002.532857142854,24733.036666666667,24263.136222222223,0.7569198097829715,304.6000000000022,2.0507127833605976,0
2020-06-22,24779.26,24826.75,24877.3,24651.3,124.66M,-0.19%,2020,6,22,0,124660000.0,-0.19,-0.19128560927226257,24940.278571428575,24754.233,24226.60477777778,0.7204419767894016,226.0,-28.63113299364516,0
2020-06-23,24751.32,24753.92,24756.88,24649.39,167.90M,-0.11%,2020,6,23,1,167900000.0,-0.11,-0.11275558672857455,24878.657142857144,24767.468666666668,24193.028333333332,0.7057737608018758,107.4900000000016,34.68634686346863,0
2020-06-24,24654.99,24750.06,24771.97,24636.63,189.23M,-0.39%,2020,6,24,2,189230000.0,-0.39,-0.3891913643393474,24835.649999999998,24787.788333333334,24157.28488888889,0.666019068056862,135.34000000000015,12.703990470518157,0
2020-06-25,24625.17,24654.99,24662.27,24619.84,130.28M,-0.12%,2020,6,25,3,130280000.0,-0.12,-0.12094914660278899,24791.977142857144,24810.266333333333,24121.137555555553,0.6611039388360073,42.43000000000029,-31.152565660836018,1
2020-06-26,24828.96,24625.17,24829.17,24551.35,127.19M,0.83%,2020,6,26,4,127190000.0,0.83,0.8275678909018813,24771.408571428572,24848.035,24087.405555555557,0.636503743544275,277.8199999999997,-2.3718145532698798,1
2020-06-29,24858.82,24828.96,24858.82,24740.06,158.45M,0.12%,2020,6,29,0,158450000.0,0.12,0.12026278990340256,24760.75285714286,24886.347666666665,24055.216111111113,0.6362639164851135,118.7599999999984,24.57740388395313,0
2020-06-30,24479.16,24858.82,24859.88,24448.23,280.67M,-1.53%,2020,6,30,1,280670000.0,-1.53,-1.5272647696069286,24711.097142857143,24905.889000000003,24020.862999999998,0.695628084555789,411.65000000000146,77.1347428210792,1
2020-07-01,24594.99,24479.16,24723.26,24479.16,198.01M,0.47%,2020,7,1,2,198010000.0,0.47,0.4731780012059206,24684.772857142856,24930.011,23988.056666666667,0.698383945737711,244.09999999999854,-29.450956639469837,0
2020-07-02,24374.4,24594.99,24612.25,24357.75,180.10M,-0.90%,2020,7,2,3,180100000.0,-0.9,-0.8968899763732385,24630.92714285714,24942.151333333335,23953.071333333333,0.7153276721093702,254.5,-9.044997727387505,0
2020-07-03,24336.12,24374.38,24416.05,24332.36,144.30M,-0.16%,2020,7,3,4,144300000.0,-0.16,-0.15705001969280596,24585.374285714286,24946.593,23917.151444444447,0.7019717873972493,83.68999999999869,-19.877845641310387,0
2020-07-06,24109.65,24336.12,24352.2,23961.14,189.67M,-0.93%,2020,7,6,0,189670000.0,-0.93,-0.9305920582245553,24511.728571428568,24935.17366666667,23880.718444444447,0.6959887183125174,391.0600000000013,31.44144144144143,0
2020-07-07,24098.08,24026.05,24152.67,24026.05,155.53M,-0.05%,2020,7,7,1,155530000.0,-0.05,-0.04798908320942097,24407.317142857144,24913.163333333334,23848.019,0.6515156515925005,126.61999999999898,-17.999683661095588,1
2020-07-08,24278.07,24097.48,24278.07,24097.48,232.61M,0.75%,2020,7,8,2,232610000.0,0.75,0.7469059775716547,24324.352857142858,24882.273999999998,23817.407555555557,0.5691556381540072,180.59000000000015,49.55957050086799,0
2020-07-09,24276.56,24278.07,24336.45,24276.56,192.03M,-0.01%,2020,7,9,3,192030000.0,-0.01,-0.006219604770885123,24295.41,24850.783,23787.431777777776,0.5684844428555764,59.88999999999942,-17.445509651347745,1
2020-07-10,24306.36,24276.56,24315.39,24251.26,131.63M,0.12%,2020,7,10,4,131630000.0,0.12,0.12275215269379469,24254.17714285714,24822.128,23759.63311111111,0.5699695540416105,64.13000000000102,-31.453418736655735,0
2020-07-13,24200.6,24306.36,24306.36,24162.7,231.23M,-0.44%,2020,7,13,0,231230000.0,-0.44,-0.4351124561637443,24229.34857142857,24786.554,23737.234666666667,0.5642037740027295,143.65999999999985,75.66664134315886,0
2020-07-14,24117.4,24200.6,24207.0,24095.41,208.20M,-0.34%,2020,7,14,1,208200000.0,-0.34,-0.3437931290959595,24198.102857142858,24746.424333333332,23718.354999999996,0.5612984753900733,111.59000000000015,-9.959780305323706,1
2020-07-15,24132.3,24114.59,24210.22,24071.13,208.21M,0.06%,2020,7,15,2,208210000.0,0.06,0.06178112068464525,24201.338571428576,24704.720000000005,23694.768222222225,0.5577068101392476,139.09000000000015,0.004803073967329929,1
2020-07-16,24330.06,24129.84,24330.51,24112.4,207.40M,0.82%,2020,7,16,3,207400000.0,0.82,0.8194826021556301,24234.47857142857,24668.789999999997,23671.596222222222,0.5844554821113392,218.10999999999694,-0.3890303059411182,0
2020-07-17,24287.66,24323.5,24336.59,24256.64,160.47M,-0.17%,2020,7,17,4,160470000.0,-0.17,-0.17427001824081856,24235.84857142857,24634.643666666667,23647.83466666667,0.582816382222461,79.95000000000073,-22.62777242044359,0
2020-07-20,24273.42,24287.66,24301.11,24273.42,305.10M,-0.06%,2020,7,20,0,305100000.0,-0.06,-0.05863059677219118,24235.399999999998,24609.881,23625.543666666665,0.5492800744141729,27.69000000000233,90.12899607403253,0
2020-07-21,24174.45,24269.58,24303.76,24130.23,304.19M,-0.41%,2020,7,21,1,304190000.0,-0.41,-0.4077299366961773,24216.555714285718,24574.022666666668,23609.176,0.5158087116695877,173.52999999999884,-0.29826286463454643,0
2020-07-22,24173.53,24174.45,24192.52,24166.96,266.06M,0.00%,2020,7,22,2,266060000.0,0.0,-0.0038056708632550063,24212.68857142857,24535.302000000003,23606.785666666667,0.5085768761429622,25.56000000000131,-12.534928827377623,1
2020-07-23,24512.27,24173.53,24615.65,24170.97,164.07M,1.40%,2020,7,23,3,164070000.0,1.4,1.4012847937392658,24269.09857142857,24511.876333333334,23617.224777777777,0.578467347372631,444.6800000000003,-38.333458618356765,0
2020-07-24,24427.73,24512.27,24536.82,24409.99,174.19M,-0.34%,2020,7,24,4,174190000.0,-0.34,-0.3448884986988143,24311.302857142855,24486.71166666667,23636.46755555555,0.5802773943055226,126.82999999999811,6.1680989821417676,1
2020-07-27,24783.61,24427.73,24788.17,24427.73,170.00M,1.46%,2020,7,27,0,170000000.0,1.46,1.4568688944899932,24376.09571428571,24480.964,23659.240222222223,0.6259520498461283,360.4399999999987,-2.4054193696538273,0
2020-07-28,24650.16,24799.05,24800.81,24646.53,150.37M,-0.54%,2020,7,28,1,150370000.0,-0.54,-0.5384607004387254,24427.881428571425,24471.60666666667,23680.851,0.6329319677621047,154.28000000000247,-11.54705882352941,1
2020-07-29,24693.73,24650.16,24713.57,24646.84,101.53M,0.18%,2020,7,29,2,101530000.0,0.18,0.17675341661067545,24487.925714285717,24462.299666666666,23704.74722222222,0.6330233257185209,66.72999999999956,-32.47988295537674,1
2020-08-03,24766.12,24710.93,24776.08,24690.75,186.47M,0.29%,2020,8,3,0,186470000.0,0.29,0.29315133841667507,24572.45,24456.723333333335,23726.70811111111,0.6353660765190686,85.33000000000175,83.66000196986111,1
2020-08-04,24841.94,24766.12,24868.82,24764.26,154.47M,0.31%,2020,8,4,1,154470000.0,0.31,0.30614403871094265,24667.937142857143,24457.229666666666,23756.964111111112,0.6332690302668318,104.56000000000131,-17.160937416206355,1
2020-08-05,24882.04,24841.94,24910.02,24841.94,303.28M,0.16%,2020,8,5,2,303280000.0,0.16,0.1614205653825751,24720.76142857143,24460.65566666667,23786.782,0.6327928201154535,68.08000000000175,96.33585809542306,1
2020-08-06,24930.34,24882.04,24931.91,24820.5,173.72M,0.19%,2020,8,6,3,173720000.0,0.19,0.19411591654059368,24792.562857142857,24466.623,23822.66377777778,0.6331243975520022,111.40999999999985,-42.719599050382485,1
2020-08-07,25041.89,24944.45,25047.7,24944.45,166.94M,0.45%,2020,8,7,4,166940000.0,0.45,0.44744676566785824,24829.46,24479.519666666667,23859.338555555554,0.6326331152221251,103.25,-3.90283214367948,0
2020-08-10,25027.61,25041.89,25046.29,24952.17,175.23M,-0.06%,2020,8,10,0,175230000.0,-0.06,-0.05702444983185506,24883.38142857143,24492.934333333335,23895.984444444446,0.6321315176021373,94.12000000000262,4.96585599616628,0
2020-08-11,24883.7,25027.61,25067.18,24825.09,205.97M,-0.58%,2020,8,11,1,205970000.0,-0.58,-0.5750049645171895,24910.519999999997,24494.759000000002,23930.720333333335,0.6249230969484046,242.09000000000015,17.54265822062433,1
2020-08-12,25141.48,24883.7,25147.52,24852.43,204.42M,1.04%,2020,8,12,2,204420000.0,1.04,1.0359391891077152,24964.14285714286,24504.181,23967.161444444442,0.6522955981463672,295.09000000000015,-0.7525367772005631,1
2020-08-13,25236.97,25141.48,25239.91,25067.72,258.05M,0.38%,2020,8,13,3,258050000.0,0.38,0.37981057598837076,25020.575714285715,24529.441333333332,24010.563444444444,0.5836293023917168,172.1899999999987,26.235202035025917,0
2020-08-14,25199.84,25236.97,25236.97,25168.43,482.42M,-0.15%,2020,8,14,4,482420000.0,-0.15,-0.14712542749784063,25065.975714285712,24549.603,24053.88977777778,0.5810564914416186,68.54000000000087,86.94826583995349,0
2020-08-17,25143.68,25199.84,25234.49,25143.68,161.23M,-0.22%,2020,8,17,0,161230000.0,-0.22,-0.2228585578321174,25096.452857142856,24575.245666666666,24098.813555555556,0.5542897291309946,90.81000000000131,-66.57891463869657,0
2020-08-18,25136.49,25139.57,25151.36,25123.28,271.00M,-0.03%,2020,8,18,1,271000000.0,-0.03,-0.028595655051288915,25109.967142857146,24601.924666666666,24143.427888888888,0.5526885791749719,28.080000000001746,68.08286299075854,1
2020-08-19,25171.32,25136.49,25180.4,25131.56,180.01M,0.14%,2020,8,19,2,180010000.0,0.14,0.13856349872236606,25130.49714285714,24637.313666666665,24188.724555555556,0.5166088549844956,48.840000000000146,-33.57564575645756,1
2020-08-20,25204.58,25174.6,25204.58,25172.1,179.55M,0.13%,2020,8,20,3,179550000.0,0.13,0.1321345086392034,25176.337142857144,24674.197,24239.115666666665,0.5153333323917348,32.4800000000032,-0.2555413588134048,1
2020-08-21,25221.87,25203.36,25273.33,25203.36,158.60M,0.07%,2020,8,21,4,158600000.0,0.07,0.06859864357984247,25187.821428571428,24705.657000000003,24286.856555555554,0.5030212530603477,69.97000000000116,-11.668059036480095,1
2020-08-24,25229.12,25221.87,25232.68,25159.82,251.19M,0.03%,2020,8,24,0,251190000.0,0.03,0.028744894807553045,25186.7,24737.409,24333.03277777778,0.5027389568592021,72.86000000000058,58.3795712484237,1
2020-08-25,25291.78,25228.38,25291.78,25201.79,251.34M,0.25%,2020,8,25,1,251340000.0,0.25,0.2483637954871165,25199.834285714285,24770.256333333335,24376.45222222222,0.5032029096087852,89.98999999999796,0.05971575301564336,1
2020-08-26,25330.1,25295.01,25332.51,25283.31,180.55M,0.15%,2020,8,26,2,180550000.0,0.15,0.15151167691638268,25226.465714285714,24807.906333333336,24414.787222222225,0.4915980440482286,49.19999999999709,-28.165035410201323,0
2020-08-27,25297.55,25330.1,25330.1,25291.33,249.13M,-0.13%,2020,8,27,3,249130000.0,-0.13,-0.1285032431770916,25249.47428571428,24847.244666666666,24445.427333333333,0.4856259252808884,38.7699999999968,37.98393796732207,1
2020-08-28,25309.37,25304.25,25312.81,25289.35,137.05M,0.05%,2020,8,28,4,137050000.0,0.05,0.046723892234612485,25269.195714285714,24886.48033333333,24476.03322222222,0.4857392477529237,23.460000000002765,-44.988560189459314,1
2020-08-31,25327.13,25303.68,25334.11,25289.1,127.28M,0.07%,2020,8,31,0,127280000.0,0.07,0.07017163998945808,25286.702857142856,24919.716,24502.761444444448,0.46965799046319856,45.01000000000204,-7.128785114921565,1
2020-09-01,25413.76,25327.13,25417.61,25327.13,,0.34%,2020,9,1,1,0.0,0.34,0.3420442821590708,25314.115714285716,24957.252666666664,24530.463666666667,0.4673876157938404,90.47999999999956,-100.0,1
2020-09-02,25460.0,25404.12,25461.66,25388.82,178.29M,0.18%,2020,9,2,2,178290000.0,0.18,0.1819486766224454,25347.09857142857,24996.80533333333,24561.909,0.4657056863699975,72.84000000000015,0.0,1
2020-09-03,25511.02,25460.0,25511.02,25460.0,229.41M,0.20%,2020,9,3,3,229410000.0,0.2,0.20039277297723146,25378.41857142857,25041.357666666667,24592.25033333333,0.453197263939513,51.02000000000044,28.672387682988386,1
2020-09-04,25605.64,25534.87,25618.48,25529.56,418.16M,0.37%,2020,9,4,4,418160000.0,0.37,0.3708985371811746,25417.78142857143,25089.094666666664,24627.082,0.4531052366010463,88.91999999999825,82.27627392005579,0
2020-09-07,25582.23,25605.64,25631.16,25573.24,253.96M,-0.09%,2020,9,7,0,253960000.0,-0.09,-0.09142517039214537,25458.450000000004,25124.76,24660.224777777777,0.39394362798056143,57.919999999998254,-39.26726611823226,0
2020-09-08,25497.32,25585.67,25596.21,25490.01,251.96M,-0.33%,2020,9,8,1,251960000.0,-0.33,-0.3319100797702146,25485.3,25160.413,24692.236333333334,0.3933958197715536,106.20000000000073,-0.7875255945818282,0
2020-09-09,25424.91,25493.88,25496.73,25414.42,269.62M,-0.28%,2020,9,9,2,269620000.0,-0.28,-0.2839906311722151,25499.268571428573,25181.789666666664,24722.203444444443,0.31324311405820693,82.31000000000131,7.009049055405625,1
2020-09-10,25520.97,25424.91,25540.91,25403.33,234.15M,0.38%,2020,9,10,3,234150000.0,0.38,0.3778184465549783,25514.584285714285,25210.816666666666,24751.67644444444,0.29439297882568083,137.5799999999981,-13.155552258734515,1
2020-09-11,25591.95,25520.97,25592.22,25514.22,212.57M,0.28%,2020,9,11,4,212570000.0,0.28,0.27812422490209876,25533.434285714287,25240.75733333333,24780.242444444444,0.2956907755441499,78.0,-9.216314328421948,1
2020-09-14,25605.59,25591.95,25616.99,25577.33,256.97M,0.05%,2020,9,14,0,256970000.00000003,0.05,0.05329800972571075,25546.94428571429,25268.739666666665,24808.195,0.29407425283476607,39.659999999999854,20.887237145410943,0
2020-09-15,25597.96,25605.59,25618.65,25573.96,245.14M,-0.03%,2020,9,15,1,245140000.0,-0.03,-0.029798180787865558,25545.847142857143,25293.940333333336,24828.068888888887,0.29280389268319007,44.69000000000233,-4.603650231544554,0
2020-09-16,25558.81,25598.53,25606.02,25535.41,211.45M,-0.15%,2020,9,16,2,211450000.0,-0.15,-0.1529418750556566,25542.50142857143,25316.499333333333,24843.795999999995,0.2961506177412023,70.61000000000058,-13.743167169780534,0
2020-09-17,25533.35,25550.31,25551.56,25507.84,231.19M,-0.10%,2020,9,17,3,231190000.0,-0.1,-0.09961340140641761,25547.648571428574,25336.599666666665,24856.89711111111,0.2974395432805635,43.720000000001164,9.33554031685977,1
2020-09-18,25572.57,25532.74,25572.57,25505.27,193.49M,0.15%,2020,9,18,4,193490000.0,0.15,0.15360303289619903,25568.742857142857,25354.289,24873.865666666665,0.2896629212298523,67.29999999999927,-16.30693369090359,1
2020-09-21,25574.35,25572.57,25592.86,25564.36,196.11M,0.01%,2020,9,21,0,196110000.0,0.01,0.006960583156079281,25576.368571428575,25372.51366666667,24891.904777777774,0.2889274872310626,28.5,1.354075146002387,1
2020-09-22,25654.9,25574.35,25655.18,25525.93,262.05M,0.31%,2020,9,22,1,262050000.0,0.31,0.31496401668078544,25585.36142857143,25398.220333333335,24913.67144444444,0.2648411724837911,129.25,33.62398653816736,1
2020-09-23,25783.02,25654.9,25785.41,25631.12,414.16M,0.50%,2020,9,23,2,414160000.0,0.5,0.4993977758634749,25610.70857142857,25419.605,24936.71122222222,0.2125630984909909,154.29000000000087,58.04617439419959,1
2020-09-24,25987.14,25783.02,26021.75,25783.02,359.27M,0.79%,2020,9,24,3,359270000.0,0.79,0.7916838291247563,25666.305714285718,25444.610666666664,24959.980333333333,0.24337895474018234,238.72999999999956,-13.253332045586241,1
2020-09-25,26319.47,25987.14,26327.17,25987.14,335.74M,1.28%,2020,9,25,4,335740000.0,1.28,1.2788248341295105,25774.971428571433,25481.931666666667,24987.18188888889,0.320792482287491,340.02999999999884,-6.5493918223063385,1
2020-09-28,26507.84,26319.34,26512.05,26319.34,336.73M,0.72%,2020,9,28,0,336730000.0,0.72,0.7157059013726208,25914.184285714287,25527.403666666665,25014.933555555555,0.3292835248433522,192.70999999999913,0.29487103115506397,1
2020-09-29,26611.96,26507.84,26611.96,26427.58,413.10M,0.39%,2020,9,29,1,413100000.0,0.39,0.39278945398795173,26062.66857142857,25576.586,25041.701222222222,0.3292077859472202,184.37999999999738,22.679891901523487,1
2020-09-30,26837.42,26612.12,26862.21,26612.12,322.76M,0.85%,2020,9,30,2,322760000.0,0.85,0.8472130575876369,26243.10714285714,25632.12266666667,25068.20333333333,0.3500893468371883,250.09000000000015,-21.86879690147664,1
2020-10-02,26985.77,26831.76,26985.77,26830.59,459.79M,0.55%,2020,10,2,4,459790000.0,0.55,0.5527729565658834,26433.231428571427,25691.495666666666,25092.951999999997,0.3550665846103848,155.1800000000003,42.45569463378362,1
2020-10-05,27554.56,26985.77,27563.91,26985.77,603.89M,2.11%,2020,10,5,0,603890000.0,2.11,2.107740486930698,26686.308571428573,25769.251999999997,25119.060999999998,0.49212959039436105,578.1399999999994,31.340394527936667,1
2020-10-06,28909.37,27561.51,28909.37,27561.51,749.47M,4.92%,2020,10,6,1,749470000.0,4.92,4.916826833743659,27103.769999999997,25891.927,25160.03966666667,0.973853367850218,1347.8600000000006,24.107039361473113,0
2020-10-07,28634.35,28945.41,29171.29,28484.87,832.88M,-0.95%,2020,10,7,2,832880000.0,-0.95,-0.9513178599187766,27434.467142857142,26003.345999999998,25198.57677777778,1.0068883930270391,686.4200000000019,11.129197966563042,0
2020-10-08,28546.22,28634.35,28664.83,28398.74,568.74M,-0.31%,2020,10,8,3,568740000.0,-0.31,-0.30777719766642564,27725.664285714283,26110.55,25235.003444444446,1.0145644760635264,266.09000000000015,-31.714052444529827,0
2020-10-09,28415.31,28546.22,28721.73,28371.7,384.04M,-0.46%,2020,10,9,4,384040000.0,-0.46,-0.4585896136160894,27983.285714285714,26214.475333333332,25269.381444444447,1.0222999462362872,350.02999999999884,-32.475296268945385,0
2020-10-12,28337.49,28415.31,28440.82,28170.72,369.06M,-0.27%,2020,10,12,0,369060000.0,-0.27,-0.27386644734828103,28197.58142857143,26315.412666666667,25302.204333333335,1.027706691508475,270.09999999999854,-3.900635350484327,1
2020-10-13,28344.04,28337.49,28351.51,28299.61,535.83M,0.02%,2020,10,13,1,535830000.00000006,0.02,0.023114256061496086,28391.62,26415.976333333336,25334.827444444447,1.0282354485635796,51.89999999999782,45.18777434563488,1
2020-10-14,28344.33,28344.04,28381.27,28332.51,218.42M,0.00%,2020,10,14,2,218420000.0,0.0,0.0010231427841622676,28504.44428571429,26513.662,25368.519444444446,1.0305614171791304,48.76000000000204,-59.23707145923147,0
2020-10-15,28344.04,28354.14,28364.47,28333.06,330.66M,0.00%,2020,10,15,3,330660000.0,0.0,-0.0010231323160581063,28423.682857142856,26609.79666666667,25405.494333333332,1.0322494746578783,31.409999999999854,51.38723560113543,1
2020-10-16,28659.45,28344.04,28680.87,28313.57,489.09M,1.11%,2020,10,16,4,489090000.0,1.11,1.1127912605260137,28427.268571428573,26714.744333333336,25443.37488888889,1.0406888340241103,367.2999999999993,47.913264380330254,0
2020-10-19,28659.07,28650.44,28680.68,28588.24,287.30M,0.00%,2020,10,19,0,287300000.0,0.0,-0.0013259151867894836,28443.390000000003,26816.525333333335,25480.30733333333,1.0431869014392092,92.43999999999869,-41.25825512686827,1
2020-10-20,28665.82,28658.31,28720.49,28567.07,297.29M,0.02%,2020,10,20,1,297290000.0,0.02,0.02355275310748084,28479.17714285714,26919.311666666665,25518.64933333334,1.0415999941017304,153.4200000000019,3.4772015315001736,0
2020-10-21,28449.49,28645.21,28645.21,28250.71,326.56M,-0.75%,2020,10,21,2,326560000.0,-0.75,-0.7546618237329272,28495.177142857145,27017.71733333333,25554.94733333333,1.0544171149551436,394.5,9.845605301221028,1
2020-10-22,28563.87,28449.49,28567.14,28413.11,311.32M,0.40%,2020,10,22,3,311320000.0,0.4,0.402045871472545,28526.58142857143,27122.34933333333,25595.034333333333,1.0471336930307773,154.02999999999884,-4.666829985301324,1
2020-10-23,28697.06,28563.87,28706.33,28559.72,282.56M,0.47%,2020,10,23,4,282560000.0,0.47,0.466288356584732,28576.971428571425,27228.218999999997,25636.880777777777,1.0472111888605684,146.61000000000058,-9.238083001413333,1
2020-10-26,28777.96,28697.06,28777.96,28685.54,340.80M,0.28%,2020,10,26,0,340800000.0,0.28,0.2819104117285809,28638.96,27334.41933333333,25679.15877777778,1.0471966055197173,92.41999999999825,20.611551528878813,1
2020-10-27,28980.29,28777.96,28980.29,28775.59,385.57M,0.70%,2020,10,27,1,385570000.0,0.7,0.7030727681878846,28684.794285714284,27446.909333333333,25724.12411111111,1.0465610046756737,204.70000000000073,13.136737089201889,1
2020-10-28,29437.6,28980.29,29444.12,28971.44,375.25M,1.58%,2020,10,28,2,375250000.0,1.58,1.5780035327458641,28796.012857142858,27574.89733333333,25775.35577777778,1.0638258126752338,472.6800000000003,-2.676556786057005,1
2020-10-30,30530.69,29439.35,30530.69,29439.35,807.80M,3.71%,2020,10,30,4,807800000.0,3.71,3.713244286218975,29062.42285714286,27740.626666666667,25839.260555555556,1.2096528159501045,1091.3400000000001,115.26982011992004,0
2020-11-02,30479.39,30527.69,30554.27,30364.15,376.11M,-0.17%,2020,11,2,0,376110000.0,-0.17,-0.16802764693493177,29352.40857142857,27905.49466666667,25902.905777777778,1.2110831701396505,190.11999999999898,-53.44020797227036,1
2020-11-03,30733.47,30479.39,30735.46,30408.13,336.04M,0.83%,2020,11,3,1,336040000.0,0.83,0.8336124837144077,29662.351428571426,28077.524666666668,25970.444444444445,1.2088230302425553,327.3299999999981,-10.653798090984024,1
2020-11-04,30741.88,30733.47,30761.5,30724.21,286.45M,0.03%,2020,11,4,2,286450000.0,0.03,0.0273643034776061,29954.46857142857,28249.77566666667,26038.407888888887,1.2084709980034702,37.29000000000087,-14.757171765266042,0
2020-11-05,30738.92,30741.88,30772.77,30722.48,430.12M,-0.01%,2020,11,5,3,430120000.0,-0.01,-0.009628558825947042,30234.605714285717,28419.243,26104.07411111111,1.2127624931830927,50.29000000000087,50.15534997381741,1
2020-11-06,31016.17,30738.92,31016.17,30509.12,497.95M,0.90%,2020,11,6,4,497950000.0,0.9,0.9019510119418594,30525.445714285714,28593.68133333333,26172.48911111111,1.2137068672825568,507.0499999999993,15.77001766948758,1
2020-11-09,32243.05,31016.17,32243.05,31016.17,636.01M,3.96%,2020,11,9,0,636010000.0,3.96,3.955614119989681,30926.22428571429,28802.21166666667,26258.75455555556,1.3576343524775598,1226.880000000001,27.725675268601258,1
2020-11-10,32647.1,32243.05,32647.1,32226.71,578.78M,1.25%,2020,11,10,1,578780000.0,1.25,1.2531382732092533,31228.56857142857,29013.132666666665,26348.222444444444,1.357284545757236,420.3899999999994,-8.998286190468708,1
2020-11-11,33268.36,32648.02,33268.36,32585.04,858.16M,1.90%,2020,11,11,2,858160000.0,1.9,1.9029561584336774,31626.992857142857,29238.483333333334,26447.044222222223,1.374074693466727,683.3199999999997,48.270500017277726,1
2020-11-12,35342.46,33291.27,35342.46,33291.27,1.19B,6.23%,2020,11,12,3,1190000000.0,6.23,6.234452194216966,32285.420000000002,29529.5,26569.336888888887,1.6952893624588814,2051.1900000000023,38.6687797147385,0
2020-11-13,35037.46,35344.01,35814.18,34552.6,1.24B,-0.86%,2020,11,13,4,1240000000.0,-0.86,-0.8629846366098981,32899.07428571428,29802.83466666667,26690.756999999998,1.7277856797889772,1261.5800000000017,4.201680672268915,0
2020-11-16,34795.82,35041.4,35245.62,34685.94,668.53M,-0.69%,2020,11,16,0,668530000.0,-0.69,-0.6896618647584618,33478.631428571425,30063.169666666665,26809.620777777778,1.751293263567768,559.6800000000003,-46.086290322580645,0
2020-11-17,34242.83,34769.66,34769.66,34126.23,840.88M,-1.59%,2020,11,17,1,840880000.0,-1.59,-1.589242615923403,33939.58285714286,30286.112,26920.340333333334,1.7904878247563236,643.4300000000003,25.780443659970388,1
2020-11-18,34818.01,34242.83,34832.04,34226.75,661.13M,1.68%,2020,11,18,2,661130000.0,1.68,1.6797092997278495,34307.434285714284,30483.066666666666,27037.467555555555,1.619610328932291,605.2900000000009,-21.376415184092856,0
2020-11-19,34643.65,34818.01,34869.53,34633.36,364.92M,-0.50%,2020,11,19,3,364920000.0,-0.5,-0.5007753171419105,34592.65571428572,30683.376666666667,27152.326333333334,1.6064367788048837,236.16999999999825,-44.803593846898494,0
2020-11-20,34136.82,34643.65,34665.08,34064.25,344.80M,-1.46%,2020,11,20,4,344800000.0,-1.46,-1.4629809503328928,34716.72142857143,30869.73,27262.728777777775,1.6435828815389928,600.8300000000017,-5.513537213635866,0
2020-11-23,34121.78,34136.82,34250.45,33582.38,567.57M,-0.04%,2020,11,23,0,567570000.0,-0.04,-0.04405799954418921,34542.33857142857,31059.945666666667,27373.888555555557,1.6360083228978155,668.0699999999997,64.60846867749419,1
2020-11-24,34340.56,34119.74,34343.56,34095.69,365.41M,0.64%,2020,11,24,1,365410000.0,0.64,0.6411740536396371,34442.78142857143,31260.048000000003,27487.313666666665,1.6271875722273297,247.86999999999534,-35.61851401589231,1
2020-11-25,34769.0,34340.56,34820.77,34340.56,434.92M,1.25%,2020,11,25,2,434920000.0,1.25,1.2476208891177176,34438.95,31474.213333333333,27603.301888888887,1.626147647060858,480.2099999999991,19.022467912755523,1
2020-11-26,34803.0,34769.0,34882.52,34768.73,257.54M,0.10%,2020,11,26,3,257540000.00000003,0.1,0.09778825965658378,34518.974285714285,31689.502333333334,27720.139000000003,1.624817364019613,113.7899999999936,-40.78451209417824,1
2020-11-27,34885.51,34803.0,34885.51,34748.26,190.27M,0.24%,2020,11,27,4,190270000.0,0.24,0.23707726345429947,34528.61714285715,31907.551333333333,27838.051111111112,1.6218585821489893,137.25,-26.120214335637193,1
2020-11-30,35042.14,34885.51,35184.93,34765.94,415.53M,0.45%,2020,11,30,0,415530000.0,0.45,0.4489829731599171,34585.544285714284,32120.30766666667,27958.80322222222,1.620659206449856,418.98999999999796,118.38965680348976,1
2020-12-01,35147.62,35048.15,35204.16,35048.15,308.08M,0.30%,2020,12,1,1,308080000.0,0.3,0.3010090137189225,34729.944285714286,32336.592666666667,28080.73755555556,1.6171813167531865,156.01000000000204,-25.858542102856596,0
2020-12-02,35056.82,35147.62,35172.68,35031.65,368.96M,-0.26%,2020,12,2,2,368960000.0,-0.26,-0.25833897145810525,34863.52142857143,32549.626,28197.899222222222,1.622028579218723,141.02999999999884,19.76110101272397,0
2020-12-03,34968.94,35056.82,35195.09,34952.99,289.39M,-0.25%,2020,12,3,3,289390000.0,-0.25,-0.2506787552322143,34953.29,32766.941000000003,28315.02377777778,1.6091566326491045,242.09999999999854,-21.566023417172598,1
2020-12-04,35137.99,34968.94,35140.8,34455.93,292.86M,0.48%,2020,12,4,4,292860000.0,0.48,0.4834290087145865,35006.00285714286,32986.07833333334,28430.072444444446,1.6087014391640775,684.8700000000026,1.1990739140951723,0
2020-12-07,35064.36,35137.99,35140.81,35064.36,324.31M,-0.21%,2020,12,7,0,324310000.0,-0.21,-0.20954528133224626,35043.340000000004,33198.32166666667,28545.78577777778,1.6168718750508153,76.44999999999709,10.738919620296382,0
2020-12-08,35033.74,35064.36,35081.67,35020.79,307.72M,-0.09%,2020,12,8,1,307720000.0,-0.09,-0.08732513583593615,35064.51571428571,33406.84766666667,28660.67477777778,1.6214256031614394,60.87999999999738,-5.115475933520397,0
2020-12-09,35021.26,35033.74,35039.8,35001.14,283.09M,-0.04%,2020,12,9,2,283090000.0,-0.04,-0.03562280247554339,35061.532857142854,33608.21333333333,28774.620777777778,1.626510668343624,38.66000000000349,-8.004029637332643,0
2020-12-10,34577.26,35021.26,35021.26,34501.85,553.95M,-1.27%,2020,12,10,3,553950000.0,-1.27,-1.2678013298208057,34980.05285714286,33779.53533333333,28882.791,1.6530264318086867,519.4100000000035,95.67981913878978,0
2020-12-11,34250.74,34576.49,34666.79,34145.13,796.07M,-0.94%,2020,12,11,4,796070000.0,-0.94,-0.9443200531216278,34864.898571428566,33903.537,28986.88766666667,1.5619742994830799,521.6600000000035,43.707915876884186,1
2020-12-14,34843.44,34250.74,34877.29,34206.48,208.07M,1.73%,2020,12,14,0,208070000.0,1.73,1.7304735605712551,34846.969999999994,34049.00533333333,29097.03322222222,1.5767448938218849,670.8099999999977,-73.86285125679902,1
2020-12-15,35225.22,34843.44,35227.32,34834.78,264.23M,1.10%,2020,12,15,1,264230000.00000003,1.1,1.0957012281221257,34859.43142857143,34198.73033333333,29210.181333333338,1.5796168143071583,392.5400000000009,26.99091651847938,1
2020-12-16,35493.15,35225.22,35554.11,35225.22,648.99M,0.76%,2020,12,16,2,648990000.0,0.76,0.7606198059231462,34920.68714285714,34357.106,29326.46511111111,1.5782437145757735,328.8899999999994,145.6155621995988,1
2020-12-17,36239.62,35493.15,36239.62,35493.15,343.64M,2.10%,2020,12,17,3,343640000.0,2.1,2.103138211175959,35092.955714285716,34540.462666666666,29452.642000000003,1.6020489496992685,746.4700000000012,-47.050031587543714,1
2020-12-18,36804.75,36239.62,36808.29,36239.62,426.33M,1.56%,2020,12,18,4,426330000.0,1.56,1.559425843869211,35347.740000000005,34733.41533333333,29582.23388888889,1.6113246077116061,568.6699999999983,24.062972878593868,1
2020-12-21,37443.4,36798.74,37494.76,36798.74,427.06M,1.74%,2020,12,21,0,427060000.0,1.74,1.7352379787934913,35757.188571428575,34906.76033333333,29717.86088888889,1.4981506142897527,696.0200000000041,0.17122886027256534,1
2020-12-22,37893.61,37443.4,37952.36,37443.4,442.22M,1.20%,2020,12,22,1,442220000.0,1.2,1.2023747843411536,36277.59857142857,35081.644,29858.902777777777,1.497311086231674,508.9599999999991,3.5498524797452413,1
2020-12-23,38803.74,37893.61,38809.25,37893.19,467.13M,2.40%,2020,12,23,2,467130000.0,2.4,2.401803364736166,36843.35571428572,35266.15666666666,30010.68122222222,1.5159835160333974,916.0599999999977,5.632942879109937,0
2020-12-24,38800.01,38803.74,38873.1,38798.18,389.66M,-0.01%,2020,12,24,3,389660000.0,-0.01,-0.009612475498488315,37354.04,35381.40833333333,30162.498111111112,1.0673704528352321,74.91999999999825,-16.584248496135977,1
2020-12-29,39110.17,38800.01,39134.37,38775.26,722.57M,0.80%,2020,12,29,1,722570000.0,0.8,0.7993812372728781,37870.75714285714,35517.16533333333,30317.374222222217,1.0469501409258184,359.1100000000006,85.43602114664066,1
2020-12-30,39512.31,39110.17,39601.97,39107.5,372.93M,1.03%,2020,12,30,2,372930000.0,1.03,1.0282236052668647,38338.28428571428,35674.38166666667,30476.349000000002,1.0337486163869745,494.47000000000116,-48.38839143612383,1
2020-12-31,40270.72,39515.31,40279.29,39507.24,710.56M,1.92%,2020,12,31,3,710560000.0,1.92,1.9194271354927128,38833.422857142854,35875.31133333334,30643.558444444447,0.995209415096848,772.0500000000029,90.53441664655566,1
2021-01-04,41147.39,40287.71,41154.33,40284.0,211.88M,2.18%,2021,1,4,0,211880000.0,2.18,2.176941460197379,39362.56428571429,36086.29066666667,30820.42811111111,1.0185948669463032,870.3300000000017,-70.18126548074758,0
2021-01-05,40396.14,41148.02,41149.86,40142.94,465.68M,-1.83%,2021,1,5,1,465680000.0,-1.83,-1.825753711231748,39720.06857142857,36278.04033333333,30988.254333333334,1.0923765889899695,1006.9199999999983,119.78478383990941,1
2021-01-06,40452.07,40396.14,40465.15,40388.3,249.53M,0.14%,2021,1,6,2,249530000.0,0.14,0.13845382256820749,39955.544285714284,36488.54866666666,31156.27622222222,1.029495814816801,76.84999999999854,-46.41599381549562,1
2021-01-07,40590.85,40465.15,40620.02,40310.36,229.88M,0.34%,2021,1,7,3,229880000.0,0.34,0.3430726783573812,40211.37857142857,36704.18433333333,31326.201777777773,1.0239120205321752,309.6599999999962,-7.874804632709498,0
2021-01-08,40123.71,40590.85,40657.3,40004.27,333.31M,-1.15%,2021,1,8,4,333310000.0,-1.15,-1.150850499558398,40356.17,36896.956000000006,31490.805555555555,1.0717039552414174,653.0300000000061,44.993039846876634,1
2021-01-11,40150.78,40120.22,40150.78,40095.09,335.64M,0.07%,2021,1,11,0,335640000.0,0.07,0.06746634346623814,40447.38,37076.34866666667,31655.512777777778,1.0659342998429795,55.69000000000233,0.6990489334253391,1
2021-01-12,40295.95,40150.78,40295.95,39724.26,1.17B,0.36%,2021,1,12,1,1170000000.0,0.36,0.36156209169535547,40450.98428571429,37259.44700000001,31820.87044444444,1.0637043315398316,571.689999999995,248.5877726135145,1
2021-01-13,40341.05,40295.95,40553.56,40295.95,468.33M,0.11%,2021,1,13,2,468330000.0,0.11,0.11192191771134397,40335.79285714286,37441.29833333334,31986.215444444446,1.064995965204253,257.6100000000006,-59.97179487179487,1
2021-01-14,40963.14,40345.72,40963.14,40345.72,809.36M,1.54%,2021,1,14,3,809360000.0,1.54,1.5420768671117857,40416.79285714286,37638.665,32157.90566666667,1.082072279253259,617.4199999999983,72.81831187410586,1
2021-01-15,41176.14,40963.14,41202.65,40963.14,666.73M,0.52%,2021,1,15,4,666730000.0,0.52,0.5199796695272818,40520.23142857143,37839.615666666665,32330.91122222222,1.0812307420866538,239.51000000000204,-17.622565978056738,0
2021-01-18,41082.38,41176.14,41234.99,40830.65,1.01B,-0.23%,2021,1,18,0,1010000000.0,-0.23,-0.2277046852861897,40590.450000000004,38040.46766666667,32503.135111111107,1.080470151591588,404.3399999999965,51.48560886715763,0
2021-01-19,41051.63,41080.94,41109.33,41034.75,912.86M,-0.07%,2021,1,19,1,912860000.0,-0.07,-0.07484960705781418,40723.01,38243.224,32675.96077777778,1.076526977087881,74.58000000000175,-9.617821782178215,1
2021-01-20,41147.72,41051.63,41147.72,41050.2,649.65M,0.23%,2021,1,20,2,649650000.0,0.23,0.23407109534994142,40865.43,38443.54833333334,32850.65866666666,1.0779531359580403,97.52000000000407,-28.833556076506806,0
2021-01-21,41099.15,41147.72,41157.7,40997.39,1.12B,-0.12%,2021,1,21,3,1120000000.0,-0.12,-0.11803813188191459,40980.17285714286,38644.708,33023.74955555556,1.0759062798695964,160.30999999999767,72.40052335873162,0
2021-01-22,41001.99,41100.62,41100.62,40997.06,591.46M,-0.24%,2021,1,22,4,591460000.0,-0.24,-0.23640391589607734,41074.59285714285,38843.649666666664,33194.97222222222,1.0792251738120338,103.56000000000495,-47.191071428571426,1
2021-01-25,41088.96,41001.99,41092.23,40973.85,332.68M,0.21%,2021,1,25,0,332680000.0,0.21,0.21211165604402282,41092.56714285714,39045.90633333333,33367.009666666665,1.0756793080631104,118.38000000000466,-43.75274743854192,1
2021-01-26,41584.94,41088.96,41589.56,41087.4,468.03M,1.21%,2021,1,26,1,468030000.0,1.21,1.2070882300257768,41150.967142857146,39279.49566666666,33544.64277777778,1.0260426739118895,502.1599999999962,40.68474209450523,1
2021-01-27,41930.73,41584.94,41936.48,41584.94,543.74M,0.83%,2021,1,27,2,543740000.0,0.83,0.8315269902998468,41272.159999999996,39535.49533333333,33726.553,0.9828741802721602,351.5400000000009,16.176313484178362,1
2021-01-28,42169.41,41928.57,42192.82,41924.82,555.52M,0.57%,2021,1,28,3,555520000.0,0.57,0.5692245281682329,41431.84285714286,39779.69433333333,33911.39811111111,0.9627912620838438,268.0,2.166476624857472,1
2021-01-29,42412.66,42170.25,42444.22,42126.97,669.87M,0.58%,2021,1,29,4,669870000.0,0.58,0.576839941559526,41612.548571428575,40019.27566666667,34098.51022222223,0.9590239281274112,317.25,20.584317396313367,0
2021-02-01,42357.9,42412.66,42472.56,42338.85,586.93M,-0.13%,2021,2,1,0,586930000.0,-0.13,-0.1291123923847337,41792.369999999995,40248.100666666665,34284.99411111111,0.9684061674495422,133.70999999999913,-12.381506859539915,0
2021-02-02,42043.79,42357.9,42374.14,42023.46,563.22M,-0.74%,2021,2,2,1,563220000.0,-0.74,-0.7415617865852653,41941.19857142858,40441.573,34467.092888888896,0.9548837283181018,350.6800000000003,-4.039664014448063,0
2021-02-03,42000.01,42043.79,42043.79,41953.9,504.94M,-0.10%,2021,2,3,2,504940000.0,-0.1,-0.10412952780898266,42071.34857142857,40614.74833333333,34647.28166666667,0.9394665559172012,89.88999999999942,-10.347643904690884,0
2021-02-04,41785.8,42000.01,42033.76,41758.03,629.53M,-0.51%,2021,2,4,3,629530000.0,-0.51,-0.5100236880896003,42100.042857142864,40759.494999999995,34822.82233333334,0.9224452695362476,275.7300000000032,24.67421871905573,0
2021-02-05,41709.09,41785.8,41785.8,41522.14,482.32M,-0.18%,2021,2,5,4,482320000.0,-0.18,-0.1835791106069684,42068.380000000005,40886.67766666667,34993.81811111111,0.9140146171863184,263.6600000000035,-23.384111956539,0
2021-02-08,41566.86,41709.09,41737.05,41536.7,340.49M,-0.34%,2021,2,8,0,340490000.0,-0.34,-0.3410048025502266,41982.30142857142,40978.78166666666,35161.140555555554,0.8325946922340788,200.35000000000582,-29.40578868800796,0
2021-02-09,41510.16,41564.31,41573.18,41510.16,305.91M,-0.14%,2021,2,9,1,305910000.0,-0.14,-0.13640674325652302,41853.37285714286,41069.12,35326.67611111111,0.8341884523186686,63.0199999999968,-10.155951716643663,0
2021-02-10,40696.01,41510.16,41510.16,40659.98,366.81M,-1.96%,2021,2,10,2,366810000.0,-1.96,-1.9613270582430897,41615.96000000001,41121.98133333334,35480.660444444446,0.917202245530597,850.1800000000003,19.90781602432088,1
2021-02-11,41014.3,40697.56,41016.74,40326.21,1.27B,0.78%,2021,2,11,3,1270000000.0,0.78,0.7821159863092175,41468.89,41172.04766666667,35636.533,0.9100253590740999,690.5299999999988,246.22829257653825,0
2021-02-12,40439.85,41014.3,41024.81,39918.38,395.42M,-1.40%,2021,2,12,4,395420000.0,-1.4,-1.4006090558658868,41246.01,41177.685333333335,35779.70288888889,0.8862777407982443,1106.4300000000003,-68.86456692913386,1
2021-02-15,40573.31,40439.85,40573.31,40361.3,206.24M,0.33%,2021,2,15,0,206240000.0,0.33,0.33002100650718624,41072.79714285715,41158.549333333336,35909.30222222222,0.790044391200275,212.00999999999476,-47.842800060694955,0
2021-02-16,40494.35,40571.67,40641.6,40494.35,356.43M,-0.19%,2021,2,16,1,356430000.0,-0.19,-0.19461069358156502,40899.26285714286,41161.823000000004,36041.079999999994,0.7158214944468229,147.25,72.82292474786655,0
2021-02-17,40465.32,40494.35,40581.13,40237.64,244.20M,-0.07%,2021,2,17,2,244200000.0,-0.07,-0.07168901340557365,40741.90000000001,41162.26466666666,36173.514444444445,0.7155551333284655,343.48999999999796,-31.48724854810201,0
2021-02-18,40212.19,40465.32,40473.43,40196.5,426.27M,-0.63%,2021,2,18,3,426270000.0,-0.63,-0.6255480001146618,40556.475714285705,41149.64266666666,36304.59088888889,0.7215360425565962,276.9300000000003,74.55773955773957,0
2021-02-19,40186.7,40212.19,40235.53,40128.24,307.79M,-0.06%,2021,2,19,4,307790000.0,-0.06,-0.06338873858898753,40483.717142857146,41151.742333333335,36436.24877777777,0.6898377644049304,107.29000000000087,-27.794590283153873,0
2021-02-22,40154.09,40186.7,40235.62,40146.46,289.34M,-0.08%,2021,2,22,0,289340000.0,-0.08,-0.08114624987869412,40360.83,41151.85266666666,36567.47155555555,0.6899261379604299,89.16000000000349,-5.994346794892625,1
2021-02-23,40164.86,40154.09,40229.25,40132.11,337.95M,0.03%,2021,2,23,1,337950000.0,0.03,0.026821676197874567,40321.54571428571,41147.483,36698.81077777778,0.6866191241847033,97.13999999999942,16.80030414045759,1
2021-02-24,40221.3,40149.18,40304.02,40149.18,469.56M,0.14%,2021,2,24,2,469560000.0,0.14,0.1405208433441718,40271.258571428574,41143.49133333333,36830.780333333336,0.6868120203768319,154.8399999999965,38.94363071460276,0
2021-02-25,40095.49,40221.3,40221.41,40088.05,326.04M,-0.31%,2021,2,25,3,326040000.0,-0.31,-0.31279446462447735,40214.27857142857,41114.56966666667,36957.847444444444,0.6230204868121524,133.36000000000058,-30.564784053156146,0
2021-02-26,39799.89,40095.49,40095.49,39792.23,507.12M,-0.74%,2021,2,26,4,507120000.0,-0.74,-0.7372400237532939,40119.217142857146,41068.69466666667,37081.634333333335,0.6242872311777936,303.25999999999476,55.5391976444608,1
2021-03-01,39931.63,39799.89,39984.05,39799.89,543.99M,0.33%,2021,3,1,0,543990000.0,0.33,0.3310059399661558,40079.13714285714,41030.33633333333,37206.81,0.6290126118158494,184.1600000000035,7.270468528159024,0
2021-03-02,39697.62,39931.63,39939.18,39668.22,222.57M,-0.59%,2021,3,2,1,222570000.0,-0.59,-0.586026666078987,40009.26857142857,40985.20266666667,37331.78922222222,0.6354024954193469,270.9599999999991,-59.08564495670876,0
2021-03-03,39522.06,39697.62,39722.41,39459.18,244.34M,-0.44%,2021,3,3,2,244340000.0,-0.44,-0.4422431369941249,39918.978571428575,40931.013999999996,37453.546888888886,0.6347796231723478,263.2300000000032,9.781192433841035,0
2021-03-04,39364.67,39525.06,39566.7,39327.13,493.07M,-0.40%,2021,3,4,3,493070000.0,-0.4,-0.39823329047119493,39804.66571428571,40873.198,37572.07588888889,0.6366208945782872,239.5699999999997,101.79667676188915,0
2021-03-05,39331.61,39364.67,39373.19,39227.15,587.74M,-0.08%,2021,3,5,4,587740000.0,-0.08,-0.08398393788134895,39677.567142857144,40817.51866666667,37689.33866666666,0.6364468848115554,146.04000000000087,19.200113574137557,1
2021-03-08,39396.57,39331.61,39412.27,39319.17,297.26M,0.17%,2021,3,8,0,297260000.0,0.17,0.16515977861064624,39577.72142857143,40761.10566666666,37805.07511111111,0.6356170522556865,93.09999999999854,-49.42321434647974,0
2021-03-09,38686.85,39396.57,39396.57,38683.85,471.84M,-1.80%,2021,3,9,1,471840000.0,-1.8,-1.801476626010845,39418.71571428572,40664.50266666667,37907.84455555555,0.6531507095558736,712.7200000000012,58.729731548139675,1
2021-03-10,38931.25,38686.85,38966.38,38677.3,368.21M,0.63%,2021,3,10,2,368210000.0,0.63,0.6317392085424478,39275.80428571429,40564.520000000004,38001.184111111106,0.6428016704907377,289.07999999999447,-21.962953543574095,0
2021-03-11,38707.87,38931.25,38937.07,38666.54,168.88M,-0.57%,2021,3,11,3,168880000.0,-0.57,-0.5737807031626185,39134.41142857143,40449.13533333333,38092.61166666667,0.62653968771797,270.52999999999884,-54.134868689063296,0
2021-03-12,38648.48,38697.17,38704.44,38486.13,292.88M,-0.15%,2021,3,12,4,292880000.0,-0.15,-0.15343133063121517,39009.614285714284,40323.66266666667,38180.55622222222,0.6058171205967061,218.31000000000495,73.42491710090005,0
2021-03-15,38561.84,38646.39,38653.42,38528.55,161.08M,-0.22%,2021,3,15,0,161080000.0,-0.22,-0.22417440478902373,38894.92428571428,40197.12733333333,38267.44466666667,0.6050999009636723,124.86999999999534,-45.00136574706365,1
2021-03-16,38720.81,38541.25,38846.27,38531.86,220.86M,0.41%,2021,3,16,1,220860000.0,0.41,0.4122469259765671,38807.66714285714,40086.361333333334,38356.132333333335,0.6133814492993409,314.4099999999962,37.11199404022847,0
2021-03-17,38706.13,38720.81,38720.81,38643.06,177.40M,-0.04%,2021,3,17,2,177400000.0,-0.04,-0.037912430034392486,38709.032857142854,39976.56533333334,38441.57633333333,0.6141259407109994,77.75,-19.677623834103052,1
2021-03-18,38914.84,38706.13,38930.82,38706.13,1.47B,0.54%,2021,3,18,3,1470000000.0,0.54,0.5392169147367509,38741.602857142854,39880.86666666667,38515.70733333333,0.6296677588373275,224.69000000000233,728.6358511837655,0
2021-03-19,38382.39,38923.84,39053.85,38309.63,290.62M,-1.37%,2021,3,19,4,290620000.0,-1.37,-1.3682440940268492,38663.194285714286,39769.97666666667,38579.43277777777,0.6626134589078515,744.2200000000012,-80.22993197278912,1
2021-03-22,38722.87,38392.58,38722.87,38379.19,277.24M,0.89%,2021,3,22,0,277240000.0,0.89,0.887073473017197,38665.33714285714,39675.177,38640.03844444444,0.6954858213518732,343.6800000000003,-4.603950175486893,0
2021-03-23,38704.97,38722.87,38952.06,38696.85,410.38M,-0.05%,2021,3,23,1,410380000.0,-0.05,-0.04622591249048291,38673.40714285714,39581.670666666665,38677.39966666667,0.6961150521828232,255.20999999999913,48.02337325061319,1
2021-03-24,39085.78,38707.78,39110.55,38695.24,361.84M,0.98%,2021,3,24,2,361840000.0,0.98,0.9838788145295041,38748.25571428571,39527.99633333333,38722.381,0.6497517407303192,415.31000000000495,-11.828061796383837,1
2021-03-25,39293.14,39085.78,39293.14,39085.78,228.69M,0.53%,2021,3,25,3,228690000.0,0.53,0.530525423824213,38830.01714285714,39470.62433333333,38772.35122222222,0.639076570947783,207.36000000000058,-36.798032279460536,0
2021-03-26,39216.7,39291.89,39292.69,39156.01,250.91M,-0.19%,2021,3,26,4,250910000.0,-0.19,-0.19453777427815844,38902.955714285716,39429.852666666666,38827.616444444444,0.5933968006002495,136.6800000000003,9.716209716209722,1
2021-03-29,39493.37,39216.2,39523.05,39205.53,522.14M,0.71%,2021,3,29,0,522140000.0,0.71,0.7054902630767135,38985.60285714286,39393.854666666666,38879.56488888889,0.606605390684559,317.5200000000041,108.09852138216888,0
2021-03-30,39267.11,39498.99,39572.26,39247.36,336.13M,-0.57%,2021,3,30,1,336130000.0,-0.57,-0.5729062878149005,39111.991428571426,39352.94666666666,38930.93666666666,0.6127961648406127,324.90000000000146,-35.62454514114989,0
2021-03-31,39045.13,39267.11,39271.46,39014.82,347.17M,-0.57%,2021,3,31,2,347170000.0,-0.57,-0.5653077091744341,39158.02857142857,39305.606999999996,38985.47344444445,0.6185896572318009,256.6399999999994,3.284443518876623,0
2021-04-01,38930.68,39053.44,39053.44,38881.17,239.42M,-0.29%,2021,4,1,3,239420000.0,-0.29,-0.2931223432986352,39190.27285714286,39262.89000000001,39038.905666666666,0.6121123769724273,172.27000000000407,-31.036667914854398,0
2021-04-06,38766.61,38917.02,38928.89,38740.85,224.59M,-0.42%,2021,4,6,1,224590000.0,-0.42,-0.42144139275245296,39144.677142857145,39215.55366666666,39088.084,0.6147362726169399,188.04000000000087,-6.194135828251612,1
2021-04-07,38774.03,38766.61,38785.59,38596.16,356.46M,0.02%,2021,4,7,2,356460000.0,0.02,0.0191401827500437,39070.51857142857,39169.551666666666,39132.58433333333,0.6152161806872071,189.42999999999302,58.715882274366614,1
2021-04-08,38876.25,38774.03,38889.35,38749.95,145.32M,0.26%,2021,4,8,3,145320000.0,0.26,0.263630063730802,39021.88285714285,39126.598,39177.842666666664,0.6186041535552658,139.40000000000146,-59.23245244908264,0
2021-04-09,38866.39,38799.83,38895.88,38715.16,160.65M,-0.03%,2021,4,9,4,160650000.0,-0.03,-0.02536252853606591,38932.31428571429,39081.43433333332,39222.07466666667,0.6170568384550102,180.7199999999939,10.54913294797688,0
2021-04-12,38712.55,38866.39,38874.45,38712.55,194.02M,-0.40%,2021,4,12,0,194020000.0,-0.4,-0.3958175688557608,38853.09142857143,39035.336333333325,39262.856999999996,0.6181721572447185,161.89999999999418,20.771864301276068,0
2021-04-13,38601.83,38715.37,38751.16,38586.28,208.72M,-0.29%,2021,4,13,1,208720000.0,-0.29,-0.28600544267944894,38789.76285714285,38995.401,39301.237111111106,0.607916504569656,164.88000000000466,7.576538501185448,1
2021-04-14,38636.15,38601.83,38636.15,38578.27,278.04M,0.09%,2021,4,14,2,278040000.0,0.09,0.08890770204417198,38747.68714285714,38952.21833333333,39341.00744444445,0.6035886906607495,57.88000000000466,33.21195860482944,0
2021-04-15,38571.89,38646.59,38647.14,38570.87,319.43M,-0.17%,2021,4,15,3,319430000.0,-0.17,-0.16632091965685936,38719.87,38914.694,39381.040222222226,0.5969569447210048,76.2699999999968,14.886347288159985,1
2021-04-16,38808.01,38571.98,38808.01,38540.66,262.46M,0.61%,2021,4,16,4,262459999.99999997,0.61,0.6121556397677308,38724.724285714285,38890.89233333334,39421.81822222222,0.6067136328188488,267.34999999999854,-17.83489340387566,1
2021-04-19,38854.73,38816.45,38857.73,38806.28,508.63M,0.12%,2021,4,19,0,508630000.0,0.12,0.120387517937659,38721.65,38873.89433333334,39463.93344444444,0.6040965380571628,51.450000000004366,93.7933399375143,1
2021-04-20,39015.58,38848.02,39026.75,38841.84,339.01M,0.41%,2021,4,20,1,339010000.0,0.41,0.4139779120843068,38742.962857142855,38863.36,39508.17611111111,0.6097093278844273,184.9100000000035,-33.34840650374535,1
2021-04-21,39128.34,39015.58,39138.66,38975.68,239.25M,0.29%,2021,4,21,2,239250000.0,0.29,0.289012748240558,38802.361428571436,38854.418999999994,39553.810333333335,0.6114587241781916,162.9800000000032,-29.426860564585112,1
2021-04-22,39131.8,39128.34,39151.08,39099.93,228.11M,0.01%,2021,4,22,3,228110000.0,0.01,0.008842695601218864,38878.07142857143,38869.25066666667,39604.416333333334,0.5107116174180822,51.150000000001455,-4.656217345872515,1
2021-04-23,39301.82,39131.8,39303.64,39125.9,286.97M,0.43%,2021,4,23,4,286970000.0,0.43,0.43448039701725616,38973.16714285715,38881.603,39660.53944444444,0.5040486180595404,177.73999999999796,25.803340493621498,1
2021-04-26,39319.75,39301.82,39332.42,39256.36,329.74M,0.05%,2021,4,26,0,329740000.0,0.05,0.04562129692722294,39080.00428571429,38901.998999999996,39710.27622222222,0.4908579877686915,76.05999999999767,14.90399693347737,0
2021-04-27,39308.23,39318.52,39327.41,39272.01,252.57M,-0.03%,2021,4,27,1,252570000.0,-0.03,-0.029298253422249676,39151.46428571428,38923.990666666665,39755.643,0.48957535490478465,55.400000000001455,-23.403287438587984,0
2021-04-28,39306.65,39305.48,39338.82,39268.19,259.51M,0.00%,2021,4,28,2,259510000.0,0.0,-0.004019514488451392,39216.024285714295,38948.81766666667,39798.015222222224,0.4868485095708609,70.62999999999738,2.7477530981510068,1
2021-04-29,39460.65,38781.48,39468.34,38738.06,270.68M,0.39%,2021,4,29,3,270680000.0,0.39,0.39179121090198166,39279.60571428571,38973.47900000001,39833.804444444446,0.4863593871011122,730.2799999999988,4.304265731571033,1
2021-04-30,39840.28,39450.91,39840.28,39356.83,328.34M,0.96%,2021,4,30,4,328340000.0,0.96,0.9620470012531301,39381.311428571425,39011.284,39867.532555555554,0.5126699037150286,483.4499999999971,21.301906310033992,0
2021-05-04,39801.78,39834.42,39875.66,39783.59,426.51M,-0.10%,2021,5,4,1,426510000.0,-0.1,-0.09663586701700311,39477.02285714286,39040.848666666665,39893.736777777776,0.506893491525196,92.07000000000698,29.898885301821277,0
2021-05-05,39456.64,39801.78,39805.18,39456.64,349.56M,-0.87%,2021,5,5,2,349560000.0,-0.87,-0.8671471476903836,39499.14,39076.657,39911.103777777775,0.46409769805515383,348.5400000000009,-18.041780966448616,0
2021-05-06,39114.73,39433.81,39450.68,39037.63,402.51M,-0.87%,2021,5,6,3,402510000.0,-0.87,-0.8665461630792626,39469.851428571434,39089.719000000005,39914.55922222222,0.4710301464162223,413.0500000000029,15.147614143494682,1
2021-05-07,39198.75,39114.73,39199.15,39109.37,238.93M,0.21%,2021,5,7,4,238930000.0,0.21,0.21480398816506874,39454.21142857143,39106.17833333334,39918.98966666667,0.47189497722296336,89.77999999999884,-40.63998409977392,1
2021-05-10,39312.74,39198.75,39409.17,39198.75,324.19M,0.29%,2021,5,10,0,324190000.0,0.29,0.2908000892885454,39455.08142857143,39113.74366666667,39921.24044444445,0.44015959564648416,210.41999999999825,35.68409157493826,1
2021-05-11,39382.96,39312.86,39436.28,39280.91,295.87M,0.18%,2021,5,11,1,295870000.0,0.18,0.17861894134065803,39443.98285714286,39116.73766666666,39919.803222222225,0.4306785772674878,155.36999999999534,-8.735618001789069,1
2021-05-14,39494.7,39382.96,39494.7,39377.01,219.55M,0.28%,2021,5,14,4,219550000.0,0.28,0.28372676914076855,39394.614285714284,39126.00433333333,39911.18077777778,0.4317538542649691,117.68999999999505,-25.79511271842363,0
2021-05-17,39307.19,39483.51,39483.51,39303.31,357.45M,-0.47%,2021,5,17,0,357450000.0,-0.47,-0.4747725644200229,39323.95857142857,39119.79833333334,39890.73411111112,0.4212012339582141,180.20000000000437,62.81029378273742,0
2021-05-18,39023.28,39306.47,39308.06,38850.57,204.65M,-0.72%,2021,5,18,1,204650000.0,-0.72,-0.7222851595344304,39262.049999999996,39111.670666666665,39875.48011111111,0.42883906011130807,457.48999999999796,-42.74723737585676,0
2021-05-19,38446.09,39022.52,39105.55,38416.5,153.64M,-1.48%,2021,5,19,2,153640000.0,-1.48,-1.479091455151904,39166.530000000006,39091.70266666667,39853.19144444445,0.4960942105745367,689.0500000000029,-24.925482531150745,0
2021-05-20,38328.13,38445.09,38453.56,38284.56,156.99M,-0.31%,2021,5,20,3,156990000.0,-0.31,-0.3068192370147327,39042.15571428572,39071.617666666665,39828.050111111115,0.4963316063433626,169.0,2.18042176516533,0
2021-05-21,38324.07,38328.13,38331.63,38282.64,174.27M,-0.01%,2021,5,21,4,174270000.0,-0.01,-0.010592742197435001,38900.91714285714,39056.86633333333,39808.05411111111,0.49139531926292,48.98999999999796,11.00707051404548,1
2021-05-24,38341.66,38324.07,38382.35,38324.07,141.09M,0.05%,2021,5,24,0,141090000.0,0.05,0.0458980478847959,38752.159999999996,39042.454000000005,39787.95277777778,0.49152517303680016,58.279999999998836,-19.039421587192283,0
2021-05-25,38256.76,38287.58,38288.39,38246.33,250.20M,-0.22%,2021,5,25,1,250200000.0,-0.22,-0.22143016238733715,38575.311428571425,39021.80433333334,39765.29511111111,0.48929512410532494,42.05999999999767,77.3336168403147,0
2021-05-26,38233.68,38256.76,38271.94,38226.89,203.09M,-0.06%,2021,5,26,2,203090000.0,-0.06,-0.060329207178033695,38421.95285714285,39000.71400000001,39741.879888888885,0.4892702197131767,45.05000000000291,-18.828936850519582,0
2021-05-27,38056.21,38233.68,38300.48,38056.21,214.17M,-0.46%,2021,5,27,3,214170000.0,-0.46,-0.46417190288772225,38283.8,38978.836,39709.58066666666,0.4910749890896989,244.27000000000407,5.455709291447142,1
2021-05-28,38256.99,38044.58,38257.1,37563.79,228.66M,0.53%,2021,5,28,4,228660000.0,0.53,0.5275880073186467,38256.78571428572,38967.34133333333,39677.14566666667,0.5003029635720235,693.3099999999977,6.765653452864551,1
2021-05-31,38437.88,38256.24,38441.83,38256.24,201.86M,0.47%,2021,5,31,0,201860000.0,0.47,0.47282862556621286,38272.46428571428,38960.73233333334,39647.76233333334,0.5082617337476484,185.59000000000378,-11.720458322400074,0
2021-06-01,38414.37,38437.88,38457.39,38395.37,274.85M,-0.06%,2021,6,1,1,274850000.0,-0.06,-0.06116362296774147,38285.364285714284,38955.48166666667,39618.459444444445,0.5075506635134116,62.0199999999968,36.158723868027344,1
2021-06-02,38482.52,38414.37,38488.3,38370.69,156.91M,0.18%,2021,6,2,2,156910000.0,0.18,0.17740756909456756,38305.48714285714,38944.632,39588.84611111111,0.495158895744858,117.61000000000058,-42.91067855193742,1
2021-06-03,38551.06,38482.52,38551.06,38438.16,249.69M,0.18%,2021,6,3,3,249690000.0,0.18,0.17810683915711056,38347.52999999999,38934.509666666665,39560.534,0.495862492438026,112.89999999999418,59.12943725702633,1
2021-06-04,38726.1,38548.24,38726.1,38529.7,199.06M,0.45%,2021,6,4,4,199060000.0,0.45,0.45404717795050065,38417.875714285714,38924.86033333333,39535.24633333333,0.4971378934215865,196.40000000000146,-20.277143658136087,0
2021-06-07,38688.98,38726.1,38726.1,38669.01,210.65M,-0.10%,2021,6,7,0,210650000.0,-0.1,-0.09585266783899149,38508.27142857143,38910.215,39508.57988888889,0.4937462463263386,57.08999999999651,5.822365116045414,1
2021-06-08,38881.7,38686.4,38881.7,38661.48,218.51M,0.50%,2021,6,8,1,218510000.0,0.5,0.498126339851801,38597.51571428571,38901.878333333334,39478.54388888889,0.5032829236497588,220.2199999999939,3.731307856634225,1
2021-06-09,39170.95,38881.7,39177.51,38881.7,181.49M,0.74%,2021,6,9,2,181490000.0,0.74,0.7439232338092294,38702.24,38897.515999999996,39447.87966666667,0.5159336944168883,295.81000000000495,-16.942016383689527,1
2021-06-10,39210.1,39170.95,39210.1,39159.5,158.36M,0.10%,2021,6,10,3,158360000.0,0.1,0.09994651648734809,38815.91571428572,38893.861,39414.99844444444,0.5162302716983201,50.599999999998545,-12.744503829412091,0
2021-06-11,39157.29,39210.1,39262.71,39130.07,289.07M,-0.13%,2021,6,11,4,289070000.0,-0.13,-0.13468468583348603,38912.311428571425,38888.829666666665,39378.827666666664,0.5167384055454696,132.63999999999942,82.53978277342765,0
2021-06-15,38501.03,39156.28,39168.59,38491.86,284.62M,-1.68%,2021,6,15,1,284620000.0,-1.68,-1.6759586784478753,38905.16428571428,38861.975666666665,39335.97355555556,0.599443072394669,676.7299999999959,-1.5394195177638625,1
2021-06-16,38557.11,38507.29,38557.23,38455.41,296.46M,0.15%,2021,6,16,2,296460000.0,0.15,0.1456584408261241,38881.02285714286,38831.85766666666,39297.23266666666,0.594608374199084,101.81999999999971,4.15993254163447,1
2021-06-17,38614.45,38570.72,38624.53,38570.72,157.74M,0.15%,2021,6,17,3,157740000.0,0.15,0.14871446537356725,38870.375714285714,38790.996666666666,39259.615333333335,0.5633945513683393,53.80999999999767,-46.79214733859543,1
2021-06-18,38641.33,38615.11,38648.91,38607.39,220.61M,0.07%,2021,6,18,4,220610000.0,0.07,0.06961124656703621,38836.037142857145,38752.31500000001,39224.67677777777,0.5642719189299951,41.520000000004075,39.85672625839989,1
2021-06-21,38678.48,38648.91,38678.48,38623.99,209.21M,0.10%,2021,6,21,0,209210000.0,0.1,0.09614058315281504,38765.68428571429,38726.37633333333,39191.003333333334,0.5460514617359773,54.49000000000524,-5.1674901409727525,0
2021-06-22,37847.07,38545.3,38545.3,37831.2,218.27M,-2.15%,2021,6,22,1,218270000.0,-2.15,-2.1495415538563156,38570.96571428572,38684.121,39149.672333333336,0.6511304254769811,714.1000000000058,4.330576932269015,0
2021-06-23,37804.46,37847.07,37851.38,37804.46,208.36M,-0.11%,2021,6,23,2,208360000.0,-0.11,-0.11258467300110375,38377.70428571429,38637.64466666666,39108.49788888889,0.6482762790527951,46.919999999998254,-4.540248316305496,1
2021-06-24,37941.85,37804.46,37965.04,37800.89,149.40M,0.36%,2021,6,24,3,149400000.0,0.36,0.3634227284293967,38297.82142857143,38591.948333333334,39077.89611111111,0.6499910932321555,164.15000000000146,-28.297177961220964,0
2021-06-25,37653.12,37954.35,38036.47,37639.93,191.23M,-0.76%,2021,6,25,4,191230000.0,-0.76,-0.7609802895746975,38168.68,38534.287000000004,39040.549666666666,0.6578855871173873,396.5400000000009,27.99866131191433,1
2021-06-28,37656.68,37658.26,37671.53,37634.8,157.73M,0.01%,2021,6,28,0,157730000.0,0.01,0.009454727788815731,38031.85571428571,38473.01966666667,39009.625555555554,0.6535779148686666,36.729999999995925,-17.518171834963137,0
2021-06-29,37612.72,37585.25,37612.72,37555.3,215.99M,-0.12%,2021,6,29,1,215990000.0,-0.12,-0.11673891591079677,37884.91142857143,38416.53733333333,38976.730111111116,0.6508316657721722,57.419999999998254,36.93653712039562,1
2021-06-30,37907.28,37640.75,37907.42,37640.75,213.70M,0.78%,2021,6,30,2,213700000.0,0.78,0.7831393209531079,37774.74,38379.33733333334,38947.98488888889,0.66269165829559,266.66999999999825,-1.0602342701050982,0
2021-07-01,37898.59,37907.43,37911.82,37892.2,205.45M,-0.02%,2021,7,1,3,205450000.0,-0.02,-0.02292435648245661,37782.1,38361.08733333334,38919.46566666666,0.6089302517396351,19.62000000000262,-3.8605521759475847,1
2021-07-02,38219.88,37898.56,38219.88,37890.5,194.57M,0.85%,2021,7,2,4,194570000.0,0.85,0.8477624101582704,37841.44571428571,38357.479,38897.328888888886,0.6280625986826354,329.3799999999974,-5.295692382574835,1
2021-07-05,38224.74,38212.01,38243.0,38189.99,270.28M,0.01%,2021,7,5,0,270280000.0,0.01,0.01271589549731722,37881.85857142857,38354.168,38875.52933333333,0.62807306545628,53.01000000000204,38.911445752171446,1
2021-07-06,38413.33,38220.01,38416.78,38220.01,274.47M,0.49%,2021,7,6,1,274470000.0,0.49,0.49337157034947676,37990.46,38356.557,38856.18755555555,0.6346449999615554,196.7699999999968,1.550244191209127,1
2021-07-07,38478.26,38421.6,38497.97,38403.3,280.26M,0.17%,2021,7,7,2,280260000.0,0.17,0.16902986541391662,38107.82857142857,38363.94033333333,38837.447555555555,0.6337768168099658,94.66999999999825,2.109520166138368,0
2021-07-08,38467.64,38501.31,38501.31,38425.98,220.16M,-0.03%,2021,7,8,3,220160000.0,-0.03,-0.027600000623739795,38229.96,38371.738999999994,38817.96244444445,0.633659789393674,75.32999999999447,-21.444373082138014,0
2021-07-09,37994.19,38468.5,38472.14,37980.21,241.84M,-1.23%,2021,7,9,4,241840000.0,-1.23,-1.2307747498936705,38242.375714285714,38369.67166666666,38794.61466666667,0.6684557267692849,491.9300000000003,9.847383720930235,0
2021-07-12,37857.89,37994.19,37994.27,37852.03,187.24M,-0.36%,2021,7,12,0,187240000.0,-0.36,-0.35873905984047383,38236.561428571425,38356.36833333333,38773.036888888884,0.6637546828288564,142.23999999999796,-22.57691035395303,0
2021-07-13,37857.24,37857.89,37881.58,37846.94,197.27M,0.00%,2021,7,13,1,197270000.0,0.0,-0.0017169472466660451,38184.75571428571,38337.013666666666,38749.98811111111,0.6569084646387289,34.63999999999942,5.35676137577441,1
2021-07-14,37872.55,37857.24,37872.55,37805.95,197.23M,0.04%,2021,7,14,2,197230000.0,0.04,0.040441405659796814,38134.442857142865,38318.953,38729.70955555556,0.6571034721205357,66.60000000000582,-0.020276778019967523,0
2021-07-15,37866.9,37872.55,37889.44,37855.92,159.99M,-0.01%,2021,7,15,3,159990000.0,-0.01,-0.014918456771462196,38056.381428571425,38298.43233333333,38711.31888888889,0.6557932886362688,33.520000000004075,-18.88150889824063,1
2021-07-16,37947.18,37868.05,37954.67,37868.05,266.75M,0.21%,2021,7,16,4,266750000.0,0.21,0.2120057358801386,37980.51285714285,38278.30299999999,38695.569,0.656231874015418,86.61999999999534,66.72917057316081,1
2021-07-19,37952.65,37947.18,37953.35,37912.5,462.79M,0.01%,2021,7,19,0,462790000.0,0.01,0.014414773377091628,37906.94285714285,38252.52133333334,38680.24722222222,0.6494495458757319,40.849999999998545,73.49203373945643,1
2021-07-22,38585.52,37952.65,38597.88,37933.38,203.11M,1.67%,2021,7,22,3,203110000.0,1.67,1.6675251925754697,37991.41857142857,38249.072666666674,38671.235555555555,0.7222904666271462,664.5,-56.11184338468852,1
2021-07-23,38667.9,38585.52,38667.9,38578.85,230.25M,0.21%,2021,7,23,4,230250000.0,0.21,0.21349977919178365,38107.13428571429,38241.945999999996,38671.025,0.7172869213054184,89.05000000000291,13.362217517601295,1
2021-07-26,38849.08,38667.9,38852.1,38662.82,246.50M,0.47%,2021,7,26,0,246500000.0,0.47,0.4685540202596927,38248.82571428572,38231.217,38670.112,0.7089419834458739,189.27999999999884,7.057546145494031,0
2021-07-27,38802.15,38849.08,38882.79,38794.38,243.07M,-0.12%,2021,7,27,1,243070000.0,-0.12,-0.12080080146041894,38381.625714285714,38217.61866666667,38671.159555555554,0.7087453553137962,88.41000000000349,-1.391480730223127,0
2021-07-28,38791.03,38813.36,38829.61,38788.73,237.45M,-0.03%,2021,7,28,2,237450000.0,-0.03,-0.028658205795306646,38513.64428571429,38205.41,38672.743444444444,0.708482108566602,40.87999999999738,-2.312091167153496,0
2021-07-29,38484.82,38791.03,38791.03,38356.43,259.97M,-0.79%,2021,7,29,3,259970000.00000003,-0.79,-0.7893835250056491,38590.450000000004,38204.86966666667,38671.88766666667,0.6537889929914871,434.59999999999854,9.484101916192888,1
2021-07-30,38547.08,38484.82,38560.99,38484.59,387.13M,0.16%,2021,7,30,4,387130000.0,0.16,0.16177807249715404,38675.368571428575,38204.535333333326,38669.95733333333,0.6539188728103233,76.40000000000146,48.91333615417162,1
2021-08-02,38604.72,38547.08,38658.71,38532.78,244.28M,0.15%,2021,8,2,0,244280000.0,0.15,0.1495314301368511,38678.111428571436,38204.211,38668.830555555556,0.6539252444815209,125.93000000000029,-36.899749438173224,1
2021-08-03,38917.99,38604.72,38927.75,38604.72,231.42M,0.81%,2021,8,3,1,231420000.0,0.81,0.8114810831421515,38713.83857142857,38213.433,38668.86555555555,0.6704195000840302,323.02999999999884,-5.2644506304241006,1
2021-08-04,38927.83,38917.99,38931.12,38894.15,206.26M,0.03%,2021,8,4,2,206260000.0,0.03,0.025283936811759666,38725.08857142857,38221.74466666666,38674.92600000001,0.6702885423393155,36.970000000001164,-10.872007605219947,0
2021-08-05,38801.51,38927.83,38950.74,38797.27,139.78M,-0.32%,2021,8,5,3,139780000.0,-0.32,-0.32449792346503914,38724.99714285714,38253.55933333333,38675.79977777778,0.5355278042791467,153.47000000000116,-32.231164549597594,1
2021-08-06,38811.11,38803.85,38894.87,38803.85,167.68M,0.02%,2021,8,6,4,167680000.0,0.02,0.024741305170850048,38727.86571428571,38287.11433333333,38676.979111111104,0.5343713165251059,91.02000000000407,19.95993704392618,0
2021-08-09,38567.26,38810.75,38837.34,38551.25,194.95M,-0.63%,2021,8,9,0,194950000.0,-0.63,-0.6282994740423486,38739.642857142855,38307.96133333333,38671.217777777776,0.5473284055078402,286.0899999999965,16.263120229007644,1
2021-08-10,39176.62,38565.04,39198.5,38544.57,224.56M,1.58%,2021,8,10,1,224560000.0,1.58,1.5799929785004219,38829.57714285714,38358.74466666666,38669.923111111115,0.5919026099159321,653.9300000000003,15.188509874326762,1
2021-08-11,39448.46,39176.62,39451.5,39176.62,181.40M,0.69%,2021,8,11,2,181400000.0,0.69,0.6938832395444017,38950.111428571436,38418.47066666666,38672.498222222224,0.6000709805085475,274.8799999999974,-19.219807623797646,1
2021-08-12,39490.06,39448.46,39582.3,39356.59,570.20M,0.11%,2021,8,12,3,570200000.0,0.11,0.10545405321271684,39031.83571428571,38481.04866666666,38672.461444444445,0.5979457939627758,225.7100000000064,214.3329658213892,1
2021-08-13,39533.97,39490.06,39534.46,39489.7,188.74M,0.11%,2021,8,13,4,188740000.0,0.11,0.11119253807161389,39118.427142857145,38535.27166666666,38675.426555555554,0.5864364210193449,44.76000000000204,-66.89933356716942,0
2021-08-16,39508.41,39522.34,39524.53,39474.46,141.24M,-0.06%,2021,8,16,0,141240000.0,-0.06,-0.06465325895678165,39219.41285714286,38588.93233333333,38680.57411111111,0.5868899431024186,50.06999999999971,-25.16689625940447,1
2021-08-17,39550.36,39505.4,39550.36,39257.85,110.77M,0.11%,2021,8,17,1,110770000.0,0.11,0.10617992472994331,39325.020000000004,38633.28166666666,38687.459444444445,0.5714851432656624,292.51000000000204,-21.573208722741434,0
2021-08-18,39545.67,39550.36,39550.38,39538.29,132.08M,-0.01%,2021,8,18,2,132080000.00000001,-0.01,-0.011858299140643513,39464.79285714286,38677.31266666667,38696.115666666665,0.5716554339803218,12.089999999996508,19.238060846799687,1
2021-08-19,39670.29,39539.65,39670.29,39462.39,201.84M,0.32%,2021,8,19,3,201840000.0,0.32,0.31512931757131657,39535.317142857144,38719.211333333325,38706.07411111111,0.5685035937317046,207.90000000000146,52.816474863718945,0
2021-08-20,39483.08,39666.88,39678.04,39472.65,280.57M,-0.47%,2021,8,20,4,280570000.0,-0.47,-0.4719148763470016,39540.26285714285,38752.70533333333,38712.816666666666,0.5781296369610973,205.38999999999942,39.006143479984146,0
2021-08-23,39434.69,39483.15,39494.93,39424.95,210.93M,-0.12%,2021,8,23,0,210930000.0,-0.12,-0.12255882773076765,39532.352857142854,38784.94033333333,38719.131111111106,0.5790412097754694,69.9800000000032,-24.82090031008305,1
2021-08-24,39460.68,39434.69,39466.71,39429.68,196.81M,0.07%,2021,8,24,1,196810000.0,0.07,0.06590643922901318,39521.88285714285,38833.82333333334,38727.443666666666,0.5231851092599717,37.029999999998836,-6.694163940643816,0
2021-08-25,39450.0,39460.9,39481.65,39438.3,197.40M,-0.03%,2021,8,25,2,197400000.0,-0.03,-0.02706491626601748,39513.53857142857,38886.89366666667,38736.86777777778,0.5160080096596023,43.349999999998545,0.2997815151669192,1
2021-08-26,39477.18,39449.82,39482.35,39449.82,186.32M,0.07%,2021,8,26,3,186320000.0,0.07,0.06889733840305112,39503.08428571429,38940.89166666667,38746.212555555554,0.5155062643764957,32.529999999998836,-5.612968591691992,1
2021-08-27,39485.65,39477.41,39511.75,39462.4,232.85M,0.02%,2021,8,27,4,232850000.0,0.02,0.02145543324016952,39494.51,38994.66166666666,38756.36544444445,0.5156456626172441,49.349999999998545,24.973164448261052,0
2021-08-30,39326.67,39485.65,39534.81,39294.21,301.01M,-0.40%,2021,8,30,0,301010000.0,-0.4,-0.4026272835827793,39445.42142857143,39043.320666666674,38762.128333333334,0.5244562023820747,240.59999999999854,29.27206356023191,0
2021-08-31,39219.61,39326.67,39334.88,39204.49,425.66M,-0.27%,2021,8,31,1,425660000.0,-0.27,-0.2722325587190544,39407.782857142854,39085.735,38766.182555555555,0.5291955622979009,130.38999999999942,41.41058436596792,0
2021-09-01,39184.22,39220.18,39233.36,39170.92,169.30M,-0.09%,2021,9,1,2,169300000.0,-0.09,-0.09023547148989675,39372.00142857143,39126.78733333333,38768.056333333334,0.5302004994760247,62.44000000000233,-60.22647183197858,1
2021-09-02,39252.19,39184.18,39252.19,39158.88,262.14M,0.17%,2021,9,2,3,262140000.0,0.17,0.17346268472360205,39342.217142857146,39149.009666666665,38769.43244444444,0.4413769754179531,93.31000000000495,54.837566450088595,1
2021-09-03,39261.01,39252.19,39261.01,39220.04,180.29M,0.02%,2021,9,3,4,180290000.0,0.02,0.022470083834802423,39315.21857142857,39168.780000000006,38770.86811111111,0.4404340352565377,40.970000000001164,-31.223773556115052,0
2021-09-06,39252.98,39261.01,39290.84,39237.81,210.95M,-0.02%,2021,9,6,0,210950000.0,-0.02,-0.020452861503050812,39283.19,39182.24333333333,38770.32544444445,0.4334678572718978,53.029999999998836,17.005934882689,0
2021-09-07,39251.29,39252.89,39273.75,39241.54,355.94M,0.00%,2021,9,7,1,355940000.0,0.0,-0.004305405602333945,39249.71,39197.21466666667,38769.56477777778,0.4325412344680906,32.20999999999913,68.7319269969187,0
2021-09-08,39204.52,39251.29,39258.21,39195.82,354.05M,-0.12%,2021,9,8,2,354050000.0,-0.12,-0.11915531948123448,39232.26,39210.99766666666,38768.412444444446,0.4333461226101991,62.38999999999942,-0.5309883688262018,0
2021-09-09,39201.33,39204.52,39216.34,39177.84,350.50M,-0.01%,2021,9,9,3,350500000.0,-0.01,-0.008136816877224451,39229.648571428566,39234.88133333333,38767.24222222222,0.4045357657703982,38.5,-1.002683236830959,0
2021-09-10,38921.78,39201.33,39201.33,38887.11,154.56M,-0.71%,2021,9,10,4,154560000.0,-0.71,-0.7131135601776806,39192.15714285714,39247.371333333336,38761.25477777777,0.4279733003558718,314.22000000000116,-55.90299572039943,0
2021-09-13,38915.62,38921.78,38943.24,38911.36,201.10M,-0.02%,2021,9,13,0,201100000.0,-0.02,-0.015826614301805986,39144.07571428572,39257.73466666667,38750.980777777775,0.4274870374588495,31.87999999999738,30.11128364389235,1
2021-09-14,38920.5,38915.62,38936.99,38897.68,228.48M,0.01%,2021,9,14,1,228480000.0,0.01,0.012539951823975493,39095.43142857143,39257.81833333333,38741.188777777774,0.40103839335576663,39.30999999999767,13.615116857284937,1
2021-09-15,38968.34,38920.5,38968.34,38858.01,141.37M,0.12%,2021,9,15,2,141370000.0,0.12,0.12291722870980681,39054.76857142857,39259.16866666667,38735.763222222224,0.4016380509489811,110.32999999999447,-38.125875350140056,0
2021-09-16,38911.31,38968.34,38968.34,38908.1,130.18M,-0.15%,2021,9,16,3,130180000.0,-0.15,-0.14634957506529656,39006.200000000004,39262.82866666667,38733.503,0.3979096345542869,60.23999999999796,-7.9153993067836215,1
2021-09-17,38943.87,38911.31,38943.87,38873.71,155.10M,0.08%,2021,9,17,4,155100000.0,0.08,0.08367747063773301,38968.96428571428,39267.25399999999,38730.671,0.3981294261106317,70.16000000000349,19.142725457059463,0
2021-09-20,38906.42,38943.87,38961.46,38900.92,181.95M,-0.10%,2021,9,20,0,181950000.0,-0.1,-0.09616404327562611,38926.83428571428,39278.55933333333,38726.15633333333,0.3800556270314408,60.54000000000087,17.311411992263046,0
2021-09-21,38873.85,38906.42,38906.82,38849.57,184.44M,-0.08%,2021,9,21,1,184440000.0,-0.08,-0.0837136904397795,38919.98714285714,39268.467,38720.49955555556,0.2425885890653924,57.25,1.368507831821919,0
2021-09-22,38852.69,38873.85,38874.92,38846.86,155.38M,-0.05%,2021,9,22,2,155380000.0,-0.05,-0.05443247838842202,38910.99714285714,39248.60800000001,38713.36611111111,0.2009612081553607,28.05999999999767,-15.75580134461071,1
2021-09-23,38874.13,38852.69,38889.58,38848.18,125.80M,0.06%,2021,9,23,3,125800000.0,0.06,0.05518279429299611,38904.37285714286,39228.077000000005,38708.55433333333,0.19982216525024313,41.400000000001455,-19.037199124726477,1
2021-09-24,38962.28,38874.69,38962.28,38832.05,633.52M,0.23%,2021,9,24,4,633520000.0,0.23,0.22675748627687398,38903.50714285714,39209.02066666667,38707.87655555556,0.2041476272238551,130.22999999999593,403.59300476947533,0
2021-09-27,38864.33,38962.28,38965.3,38511.97,139.42M,-0.25%,2021,9,27,0,139420000.0,-0.25,-0.2513969921678072,38896.79571428571,39187.55133333334,38712.52366666667,0.2074820051148978,453.33000000000175,-77.99280212147998,0
2021-09-28,38858.99,38864.33,38864.56,38841.84,526.30M,-0.01%,2021,9,28,1,526299999.99999994,-0.01,-0.013740105644444167,38884.67,39164.50566666667,38718.42211111111,0.20542327741720628,22.720000000001164,277.4924687993114,1
2021-09-29,39592.29,38858.99,39592.29,38854.32,474.37M,1.89%,2021,9,29,2,474370000.0,1.89,1.8870794119970835,38982.65142857143,39166.05966666666,38732.51344444444,0.410504583920281,737.9700000000012,-9.86699600988029,1
2021-09-30,40221.17,39590.91,40221.17,39073.9,282.81M,1.59%,2021,9,30,3,282810000.0,1.59,1.5883900628127279,39175.125714285714,39184.422333333336,38753.396888888885,0.49980979107433376,1147.2699999999968,-40.38198031072792,1
2021-10-04,40243.05,40221.17,40266.46,40221.17,202.35M,0.05%,2021,10,4,0,202350000.0,0.05,0.05439921315069096,39373.74857142857,39209.75466666667,38775.46677777778,0.4901036853314949,45.29000000000087,-28.450196244828685,1
2021-10-05,40716.66,40243.05,40722.95,40241.49,432.99M,1.18%,2021,10,5,1,432990000.0,1.18,1.1768740192405813,39636.967142857146,39252.487,38803.05544444444,0.5288691104045696,481.4599999999991,113.98072646404742,1
2021-10-06,40765.2,40716.66,40883.39,40716.66,400.64M,0.12%,2021,10,6,2,400640000.0,0.12,0.11921410056716653,39894.52714285714,39295.971,38833.155333333336,0.5288122322709055,166.72999999999593,-7.471304187163675,1
2021-10-07,40829.15,40820.31,40842.93,40764.21,339.29M,0.16%,2021,10,7,3,339290000.0,0.16,0.15687400037287524,40175.21571428572,39341.94266666667,38861.73488888889,0.5282365122362742,78.72000000000116,-15.312999201277954,1
2021-10-08,40868.36,40829.15,40884.8,40808.72,331.04M,0.10%,2021,10,8,4,331040000.0,0.1,0.09603432841487347,40462.26857142857,39388.31533333333,38888.74022222222,0.5281764025194529,76.08000000000175,-2.431548233074954,0
2021-10-11,40714.22,40868.36,40877.68,40596.68,191.25M,-0.38%,2021,10,11,0,191250000.0,-0.38,-0.3771621861019092,40622.544285714284,39429.26766666667,38914.29411111111,0.5356204583853899,281.0,-42.22752537457709,1
2021-10-12,40897.19,40714.0,40914.83,40714.0,563.88M,0.45%,2021,10,12,1,563880000.0,0.45,0.4494007253485366,40719.118571428575,39481.618333333325,38941.12377777778,0.5304184832819353,200.83000000000175,194.8392156862745,1
2021-10-13,41051.19,40896.96,41072.67,40896.96,446.17M,0.38%,2021,10,13,2,446170000.0,0.38,0.3765539881835478,40834.56714285714,39542.671,38968.903,0.5265826926191574,175.70999999999913,-20.87500886713485,1
2021-10-14,41129.98,41051.19,41144.99,41041.35,908.05M,0.19%,2021,10,14,3,908050000.0,0.19,0.19193109870871972,40893.612857142856,39607.52966666667,38995.61277777778,0.5245936674730284,103.63999999999942,103.52107940919382,1
2021-10-15,41438.15,41129.98,41438.15,41023.53,728.96M,0.75%,2021,10,15,4,728960000.0,0.75,0.7492588131577049,40989.74857142857,39680.395,39026.15911111111,0.5354116318455121,414.6200000000026,-19.72248224216728,0
2021-10-18,41144.67,41438.15,41438.93,41125.06,338.72M,-0.71%,2021,10,18,0,338720000.0,-0.71,-0.7082362508944118,41034.822857142855,39743.183666666664,39051.303222222225,0.5590277570106839,313.8700000000026,-53.53380158033363,1
2021-10-20,41249.71,41144.67,41278.17,41083.89,499.51M,0.26%,2021,10,20,2,499510000.0,0.26,0.2552943066501667,41089.30142857142,39809.74133333333,39074.400555555556,0.5582617401411699,194.27999999999884,47.469886632026444,1
2021-10-21,41704.11,41249.71,41744.32,41230.41,216.18M,1.10%,2021,10,21,3,216180000.0,1.1,1.101583502041592,41230.71428571428,39891.502,39102.111777777776,0.5825424583691571,513.9099999999962,-56.72158715541231,1
2021-10-22,41763.26,41704.11,41770.57,41691.69,510.18M,0.14%,2021,10,22,4,510180000.0,0.14,0.14183254360302655,41354.438571428575,39976.793333333335,39131.067,0.579492673246642,78.87999999999738,135.9977796280877,1
2021-10-25,41814.74,41763.26,41868.43,41738.33,674.50M,0.12%,2021,10,25,0,674500000.0,0.12,0.12326623927345626,41463.51714285714,40063.907,39167.886,0.5782621226636633,130.09999999999854,32.2082402289388,1
2021-10-26,41814.94,41814.74,41856.59,41744.38,348.33M,0.00%,2021,10,26,1,348330000.0,0.0,0.00047830023577333236,41561.368571428575,40160.34566666667,39204.08411111111,0.552800803728252,112.20999999999913,-48.35730170496664,0
2021-10-27,41790.26,41814.94,41814.94,41766.41,284.60M,-0.06%,2021,10,27,2,284600000.0,-0.06,-0.05902196678986282,41611.67,40256.166999999994,39239.370888888894,0.5535478878063206,48.529999999998836,-18.295868859989096,1
2021-10-28,41961.14,41779.27,41975.68,41778.54,558.89M,0.41%,2021,10,28,3,558890000.0,0.41,0.40889910711250366,41728.30857142858,40357.52166666666,39276.257666666665,0.5526781564560106,197.13999999999942,96.37737174982432,1
2021-10-29,42038.6,41961.14,42054.18,41950.82,334.74M,0.18%,2021,10,29,4,334740000.0,0.18,0.1845993697978665,41841.00714285714,40459.86366666667,39313.592333333334,0.5522939737550802,103.36000000000058,-40.10628209486661,0
2021-11-01,41976.79,42038.6,42047.5,41976.79,377.93M,-0.15%,2021,11,1,0,377930000.0,-0.15,-0.1470315376820297,41879.96142857143,40562.04633333333,39359.47811111111,0.5523110585286712,70.70999999999913,12.902551233793403,1
2021-11-02,42013.39,41977.1,42151.04,41969.42,318.91M,0.09%,2021,11,2,1,318910000.0,0.09,0.08719104057266502,41915.694285714286,40664.36366666667,39406.244,0.552273945072682,181.62000000000262,-15.61664858571693,0
2021-11-03,41975.45,42013.39,42042.45,41964.97,292.94M,-0.09%,2021,11,3,2,292940000.0,-0.09,-0.09030454338486704,41938.65285714286,40766.664666666664,39451.06177777777,0.5521466112707129,77.47999999999593,-8.143363331347398,0
2021-11-04,41943.83,41975.45,41985.99,41930.73,160.88M,-0.08%,2021,11,4,3,160880000.0,-0.08,-0.07532974631598854,41957.065714285716,40868.99733333334,39498.736333333334,0.5519714250828437,55.25999999999476,-45.08090393937325,1
2021-11-05,42014.5,41943.83,42014.5,41943.83,277.04M,0.17%,2021,11,5,4,277040000.0,0.17,0.16848723638256402,41989.1,40974.390999999996,39547.15655555556,0.5491534163084513,70.66999999999825,72.20288413724516,1
2021-11-08,43246.87,42013.72,43246.87,41976.3,443.60M,2.93%,2021,11,8,0,443600000.0,2.93,2.933201632769644,42172.775714285715,41120.149,39609.75822222222,0.7324646469248279,1270.5699999999997,60.12128212532486,1
2021-11-09,43730.55,43246.87,43895.46,43245.14,280.70M,1.12%,2021,11,9,1,280700000.0,1.12,1.1184161998313513,42414.48285714286,41279.09133333333,39674.46122222223,0.7449189168450628,650.3199999999997,-36.72227231740307,0
2021-11-10,43707.3,43730.55,44068.7,43685.97,270.68M,-0.05%,2021,11,10,2,270680000.0,-0.05,-0.053166493446799024,42661.69857142858,41440.52366666667,39739.00244444445,0.7399118801769226,382.7299999999959,-3.569647310295687,0
2021-11-11,43609.06,43707.3,43709.28,43589.26,161.30M,-0.22%,2021,11,11,3,161300000.0,-0.22,-0.22476794494284968,42889.65142857143,41598.859333333334,39798.88222222222,0.7449163557398675,120.0199999999968,-40.40933944140682,0
2021-11-12,43253.01,43549.28,43616.34,43247.79,314.85M,-0.82%,2021,11,12,4,314850000.0,-0.82,-0.8164587817302116,43072.159999999996,41720.88333333334,39854.75188888889,0.7204145621500916,368.54999999999563,95.19528828270303,0
2021-11-15,43230.34,43253.01,43298.86,43176.42,293.43M,-0.05%,2021,11,15,0,293430000.0,-0.05,-0.052412537300883244,43255.94714285714,41821.189,39908.27422222222,0.6802089225033003,122.44000000000233,-6.80323963792282,1
2021-11-16,43455.82,43230.34,43469.31,43175.64,423.82M,0.52%,2021,11,16,1,423820000.0,0.52,0.5215781323949953,43461.85,41928.28133333333,39963.580444444444,0.6810895092171233,293.66999999999825,44.43649251951061,0
2021-11-17,43349.9,43444.2,43495.91,43346.72,264.79M,-0.24%,2021,11,17,2,264790000.00000003,-0.24,-0.24374180489517006,43476.56857142857,42016.056,40017.82777777778,0.6642176028446396,149.19000000000233,-37.52300504931338,0
2021-11-18,43285.97,43355.54,43362.77,43285.03,209.64M,-0.15%,2021,11,18,3,209640000.0,-0.15,-0.14747438863758067,43413.05714285715,42100.081666666665,40076.62533333334,0.6672689847148346,77.73999999999796,-20.82782582423809,0
2021-11-19,43199.27,43285.97,43288.25,43150.47,199.52M,-0.20%,2021,11,19,4,199520000.0,-0.2,-0.20029584643709297,43340.48142857143,42179.08566666666,40135.974,0.6712822260465404,137.77999999999884,-4.82732302995611,1
2021-11-22,43266.27,43199.27,43290.2,43199.27,433.59M,0.16%,2021,11,22,0,433590000.0,0.16,0.15509521341448007,43291.51142857142,42259.015999999996,40196.07433333334,0.6710824474193987,90.93000000000029,117.3165597433841,0
2021-11-23,43255.14,43260.13,43285.89,43234.57,217.97M,-0.03%,2021,11,23,1,217970000.0,-0.03,-0.02572442690345067,43291.81571428571,42343.71333333334,40255.88088888889,0.6638255380328337,51.31999999999971,-49.729006665282874,0
2021-11-24,43245.02,43265.36,43302.59,43233.98,243.17M,-0.02%,2021,11,24,2,243170000.0,-0.02,-0.02339606345049816,43293.91285714286,42421.97433333333,40315.637777777774,0.6634133256490737,68.6099999999933,11.56122402165436,0
2021-11-25,43108.77,43250.34,43250.34,43094.14,266.11M,-0.32%,2021,11,25,3,266110000.0,-0.32,-0.3150651797594217,43244.33428571428,42490.560333333335,40372.98877777778,0.6686438279916475,156.1999999999971,9.433729489657438,1
2021-11-26,43308.29,43108.77,43334.93,43069.97,305.32M,0.46%,2021,11,26,4,305320000.0,0.46,0.46282925724858703,43238.39,42563.170666666665,40432.49588888889,0.6708416336886772,264.9599999999991,14.73450828604712,0
2021-11-29,43270.94,43303.76,43319.46,43248.91,213.12M,-0.09%,2021,11,29,0,213120000.0,-0.09,-0.08624214902042127,43236.24285714286,42624.26366666667,40484.55611111111,0.6634521724210969,70.54999999999563,-30.197825232542908,0
2021-11-30,43248.05,43270.94,43275.21,43200.59,224.91M,-0.05%,2021,11,30,1,224910000.0,-0.05,-0.05289924369564769,43243.21142857143,42694.376333333326,40535.44666666667,0.6448684790420454,74.62000000000262,5.532094594594605,0
2021-12-01,42463.16,43248.05,43248.3,42463.16,335.47M,-1.81%,2021,12,1,2,335470000.0,-1.81,-1.8148563923691352,43128.48142857143,42734.82466666667,40575.60311111111,0.7391130205607896,785.1399999999994,49.15744075407942,0
2021-12-02,42247.98,42463.16,42465.57,42241.65,324.01M,-0.51%,2021,12,2,3,324010000.0,-0.51,-0.5067451409645485,42984.60142857143,42752.95366666667,40613.89011111111,0.7220391844253761,223.91999999999825,-3.4161027811726807,0
2021-12-03,42167.91,42248.76,42263.97,42137.26,180.70M,-0.19%,2021,12,3,4,180700000.0,-0.19,-0.18952385415823558,42830.72857142857,42766.442,40651.411,0.723051591175038,126.70999999999913,-44.230116354433505,0
2021-12-06,42008.6,42164.51,42192.71,41980.53,422.18M,-0.38%,2021,12,6,0,422180000.0,-0.38,-0.3777991368317912,42673.561428571425,42772.904,40690.56411111111,0.7267120063718108,212.1800000000003,133.6358605423354,1
2021-12-07,42018.92,42008.6,42041.37,41927.22,639.43M,0.02%,2021,12,7,1,639430000.0,0.02,0.02456639830892282,42489.36571428571,42779.70333333333,40729.14011111111,0.7267053430227466,114.15000000000146,51.45909327774882,1
2021-12-08,42435.16,42018.14,42445.32,42000.96,649.76M,0.99%,2021,12,8,2,649760000.0,0.99,0.9906013767131627,42369.96857142857,42801.2,40771.70055555556,0.7477929490914766,444.3600000000006,1.6155013058505308,0
2021-12-09,41685.22,42435.16,42446.44,41527.21,473.37M,-1.77%,2021,12,9,3,473370000.0,-1.77,-1.767260922310654,42146.70714285714,42792.00266666667,40802.447555555555,0.8147072561105674,919.2300000000032,-27.1469465648855,1
2021-12-10,41882.97,41685.22,41882.97,41684.07,444.93M,0.47%,2021,12,10,4,444930000.0,0.47,0.47438876417109643,42063.822857142855,42786.814999999995,40835.28244444444,0.8189091298370048,198.90000000000146,-6.0079852969136205,1
2021-12-13,42411.12,41882.97,42582.94,41816.06,229.62M,1.26%,2021,12,13,0,229620000.0,1.26,1.2610137246714004,42087.12857142858,42801.29266666667,40875.38922222223,0.850475266759881,766.8800000000047,-48.391881869058054,0
2021-12-14,42317.52,42411.12,42411.12,42301.42,270.09M,-0.22%,2021,12,14,1,270090000.0,-0.22,-0.22069683611281032,42108.50142857143,42811.43033333333,40914.34933333334,0.8517154403170346,109.70000000000437,17.624771361379675,1
2021-12-15,42357.36,42317.52,42374.92,42294.66,226.18M,0.09%,2021,12,15,2,226180000.0,0.09,0.09414540360588308,42158.32428571429,42824.16066666667,40956.46155555556,0.851501183252039,80.25999999999476,-16.2575437817024,0
2021-12-16,42270.23,42357.36,42386.83,42262.85,249.43M,-0.21%,2021,12,16,3,249430000.0,-0.21,-0.20570214952017052,42194.22571428572,42835.04066666667,40990.835,0.8524089270420266,123.9800000000032,10.279423468034299,1
2021-12-17,42353.31,42270.23,42404.62,42270.23,341.68M,0.20%,2021,12,17,4,341680000.0,0.2,0.19654494427874258,42182.532857142854,42846.33433333333,41023.11111111111,0.8525822416624392,134.38999999999942,36.98432425931122,1
2021-12-20,42394.71,42353.31,42464.09,42351.93,142.07M,0.10%,2021,12,20,0,142070000.0,0.1,0.09774914876783392,42283.88857142858,42817.929000000004,41055.385,0.6536253280100294,112.15999999999622,-58.420159213298994,0
2021-12-21,42388.57,42391.31,42408.73,42377.62,275.93M,-0.01%,2021,12,21,1,275930000.0,-0.01,-0.01448293902706066,42356.11714285715,42773.19633333334,41087.10277777778,0.6144963305680774,31.110000000000582,94.22115858379672,0
2021-12-22,42244.22,42388.57,42390.74,42240.71,224.02M,-0.34%,2021,12,22,2,224020000.0,-0.34,-0.34053991441560516,42332.274285714295,42724.427,41117.50066666667,0.6159468863042625,150.02999999999884,-18.812742362193312,0
2021-12-23,42230.48,42244.22,42263.82,42207.99,211.08M,-0.03%,2021,12,23,3,211080000.0,-0.03,-0.03252515965497249,42319.840000000004,42678.47433333333,41147.27977777778,0.615728749724385,55.830000000001746,-5.77626997589501,1
2021-12-24,42262.85,42230.48,42269.66,42217.46,111.84M,0.08%,2021,12,24,4,111840000.0,0.08,0.07665079819125786,42306.33857142857,42645.469,41177.47066666667,0.601580892673294,52.200000000004366,-47.01534963047186,0
2021-12-29,41807.1,42262.85,42295.21,41745.37,180.15M,-1.08%,2021,12,29,2,180150000.0,-1.08,-1.0783702471556023,42240.177142857145,42598.02766666667,41201.212999999996,0.6287756855033089,549.8399999999965,61.078326180257505,1
2021-12-30,41813.27,41807.1,41815.32,41753.53,359.96M,0.01%,2021,12,30,3,359960000.0,0.01,0.014758258764646648,42163.02857142857,42543.276,41227.104,0.6179476015883391,61.79000000000087,99.81126838745489,1
2021-12-31,42716.44,41822.29,42725.8,41768.16,455.21M,2.16%,2021,12,31,4,455210000.0,2.16,2.1600080548591416,42208.99,42522.16066666667,41263.567888888894,0.7449992054977459,957.6399999999994,26.461273474830538,1
2022-01-04,43026.23,42716.44,43052.31,42651.87,216.65M,0.73%,2022,1,4,1,216650000.0,0.73,0.7252242930356534,42300.08428571429,42513.50266666667,41303.18511111111,0.7578428598652593,400.43999999999505,-52.40658157773335,1
2022-01-05,43476.75,43026.23,43476.75,42479.57,1.24B,1.05%,2022,1,5,2,1240000000.0,1.05,1.0470822100844046,42476.159999999996,42522.752,41347.92677777778,0.7813111818837108,997.1800000000003,472.3517193630279,1
2022-01-06,43607.94,43476.75,43607.94,43145.77,174.61M,0.30%,2022,1,6,3,174610000.0,0.3,0.30174748572513455,42672.94,42534.140999999996,41393.82411111111,0.7826154697015327,462.17000000000553,-85.91854838709678,1
2022-01-07,43854.42,43605.21,43857.6,43605.21,395.15M,0.57%,2022,1,7,4,395150000.0,0.57,0.5652181689848046,42900.30714285715,42554.117,41442.366,0.7885998296237994,252.38999999999942,126.30433537598074,1
2022-01-10,43897.13,43854.42,44345.64,43854.42,310.90M,0.10%,2022,1,10,0,310900000.0,0.1,0.09739041127438952,43198.88285714285,42575.854,41493.148888888885,0.7885264297182176,491.22000000000116,-21.321017335189175,0
2022-01-11,43859.3,43897.13,44083.08,43855.54,294.54M,-0.09%,2022,1,11,1,294540000.0,-0.09,-0.08617875473861947,43491.172857142854,42600.87166666667,41544.701,0.7859463658862516,227.54000000000087,-5.262142167899642,1
2022-01-12,44608.82,43859.3,44609.24,43858.36,266.31M,1.71%,2022,1,12,2,266310000.0,1.71,1.7089192029968503,43761.51285714285,42644.222666666676,41604.97433333333,0.8390718806908659,750.8799999999974,-9.584436748828685,0
2022-01-13,44604.74,44608.82,44621.66,44582.61,321.75M,-0.01%,2022,1,13,3,321750000.0,-0.01,-0.00914617333522827,43987.014285714286,42688.68266666667,41664.447111111105,0.8385931571312277,39.05000000000291,20.817843866171003,0
2022-01-14,44454.67,44604.74,44614.64,44334.33,405.73M,-0.34%,2022,1,14,4,405730000.0,-0.34,-0.3364440640165167,44126.717142857146,42728.903333333335,41722.15444444445,0.842020848590593,280.3099999999977,26.10101010101009,0
2022-01-17,44399.66,44454.67,44768.94,44390.49,214.31M,-0.12%,2022,1,17,0,214310000.0,-0.12,-0.1237440295923764,44239.82,42793.45333333333,41779.33977777778,0.7626020835005335,378.45000000000437,-47.17915855371799,1
2022-01-18,44655.89,44402.39,44663.47,44401.63,235.23M,0.58%,2022,1,18,1,235230000.0,0.58,0.5770990138212584,44354.315714285716,42873.717,41839.39088888889,0.7559842443415836,261.8400000000038,9.761560356492938,1
2022-01-19,45430.14,44655.89,45430.4,44352.61,252.94M,1.73%,2022,1,19,2,252940000.0,1.73,1.7338138373235834,44573.317142857144,42982.458,41908.56444444445,0.8029848416604436,1077.7900000000009,7.528801598435564,1
2022-01-20,45890.52,45430.14,45890.52,45395.57,355.91M,1.01%,2022,1,20,3,355910000.0,1.01,1.0133801040454582,44863.491428571426,43111.85533333333,41982.88877777778,0.8055379153122364,494.9499999999971,40.709259112833074,1
2022-01-21,45957.35,45890.52,45957.35,45875.04,281.59M,0.15%,2022,1,21,4,281590000.0,0.15,0.14562920620642128,45056.13857142858,43243.136333333336,42061.06177777778,0.8044224526792105,82.30999999999767,-20.881683571689468,0
2022-01-24,45928.27,45957.35,45966.26,45921.75,278.44M,-0.06%,2022,1,24,0,278440000.0,-0.06,-0.06327605921577772,45245.214285714275,43359.573333333334,42138.98011111111,0.7962940575686055,44.51000000000204,-1.1186476792499733,1
2022-01-25,45939.51,45928.27,45939.66,45898.24,247.68M,0.02%,2022,1,25,1,247680000.0,0.02,0.02447294444141157,45457.33428571428,43501.383,42216.96911111112,0.6997967171553287,41.42000000000553,-11.047263324235024,1
2022-01-26,46529.99,45939.51,46905.63,45939.51,328.98M,1.29%,2022,1,26,2,328980000.0,1.29,1.2853423991679325,45761.66714285714,43656.28366666667,42300.98744444444,0.7210347083025067,966.1199999999953,32.82461240310077,0
2022-01-27,46009.23,46529.99,46769.16,46000.72,279.44M,-1.12%,2022,1,27,3,279440000.0,-1.12,-1.1191921597232146,45955.00142857143,43776.22066666667,42379.85322222222,0.748212479530062,768.4400000000023,-15.058666180314917,1
2022-01-28,46205.05,46009.23,46207.24,46009.23,313.44M,0.43%,2022,1,28,4,313440000.0,0.43,0.4256102525515004,46065.70285714285,43905.80500000001,42460.533,0.7427472639233436,198.00999999999476,12.167191525908972,1
2022-01-31,46624.67,46206.65,46628.34,46183.34,435.79M,0.91%,2022,1,31,0,435790000.0,0.91,0.9081691286991322,46170.58142857143,44048.04866666666,42546.291333333334,0.7499513801951437,445.0,39.034583971413994,1
2022-02-01,47111.21,46630.13,47126.27,46626.42,341.50M,1.04%,2022,2,1,1,341500000.0,1.04,1.0435248120790996,46335.41857142857,44209.414666666664,42637.81755555556,0.7542423114313103,499.84999999999854,-21.636568071777695,0
2022-02-02,46930.66,47113.95,47131.29,46901.44,434.94M,-0.38%,2022,2,2,2,434940000.0,-0.38,-0.38324212008139513,46478.61714285715,44361.992999999995,42727.57277777778,0.7660384305457681,229.84999999999854,27.36163982430453,1
2022-02-03,47329.8,46930.66,47335.63,46860.85,346.70M,0.85%,2022,2,3,3,346700000.0,0.85,0.8504887849435816,46677.23,44526.496,42821.524666666664,0.7699618228449182,474.77999999999884,-20.28785579620177,0
2022-02-04,47279.92,47329.8,47329.8,47263.54,225.69M,-0.11%,2022,2,4,4,225690000.0,-0.11,-0.10538814869279767,46784.36285714286,44689.541000000005,42913.94288888889,0.7717063880028057,66.26000000000204,-34.90337467551197,0
2022-02-07,47203.39,47279.92,47324.09,47198.42,285.47M,-0.16%,2022,2,7,0,285470000.0,-0.16,-0.16186575611802922,46954.95714285714,44854.846666666665,43006.59911111111,0.7667265282533913,125.66999999999825,26.4876600646905,0
2022-02-08,47057.24,47203.39,47203.39,47037.24,238.22M,-0.31%,2022,2,8,1,238220000.0,-0.31,-0.3096175931432077,47076.69857142858,45015.738666666664,43097.69077777778,0.7734261945602684,166.15000000000146,-16.551651662171153,1
2022-02-09,47157.23,47057.24,47157.23,47057.24,297.00M,0.21%,2022,2,9,2,297000000.0,0.21,0.2124859001505497,47152.77857142857,45178.884666666665,43181.74566666667,0.7720807793792333,99.99000000000524,24.67467047267231,1
2022-02-10,47286.34,47157.23,47286.34,47154.06,198.08M,0.27%,2022,2,10,3,198080000.0,0.27,0.27378622535716435,47177.79714285715,45361.526,43260.24755555556,0.7225659233512901,132.27999999999884,-33.30639730639731,0
2022-02-11,47202.3,47286.34,47301.44,47129.45,311.49M,-0.18%,2022,2,11,4,311490000.0,-0.18,-0.17772574489798298,47216.60285714286,45541.16033333333,43337.572555555555,0.7270726299553247,171.99000000000524,57.25464458804523,0
2022-02-14,47066.77,47202.3,47232.47,47011.74,338.02M,-0.29%,2022,2,14,0,338020000.0,-0.29,-0.2871258392070031,47179.027142857136,45686.17133333334,43408.12933333334,0.6576283346835938,220.7300000000032,8.51712735561334,0
2022-02-15,47064.82,47063.28,47107.99,47046.93,274.20M,0.00%,2022,2,15,1,274200000.0,0.0,-0.004143050394145309,47148.29857142857,45820.791,43478.12511111111,0.6558354610599393,61.05999999999767,-18.880539613040646,1
2022-02-16,47109.25,47064.82,47199.41,47051.36,318.25M,0.09%,2022,2,16,2,318250000.0,0.09,0.09440172086072618,47134.84999999999,45941.87433333333,43547.904,0.6413982420780022,148.0500000000029,16.064916119620708,0
2022-02-17,47102.64,47109.25,47128.46,47074.78,357.74M,-0.01%,2022,2,17,3,357740000.0,-0.01,-0.01403121467652424,47141.33571428571,46058.36433333334,43617.173777777774,0.6434439476541004,53.68000000000029,12.408483896307931,1
2022-02-18,47140.48,47102.64,47142.51,47091.67,344.69M,0.08%,2022,2,18,4,344690000.0,0.08,0.08033519989538718,47138.94285714285,46167.899666666664,43688.57666666667,0.6415814556192672,50.84000000000378,-3.6479007100128635,1
2022-02-21,47233.91,47140.48,47243.74,47139.8,421.36M,0.20%,2022,2,21,0,421360000.0,0.2,0.19819484230962914,47131.45285714285,46279.12566666667,43758.98466666667,0.6410556417159611,103.93999999999505,22.243175026835704,1
2022-02-22,47246.9,47233.91,47282.44,47233.91,421.78M,0.03%,2022,2,22,1,421780000.0,0.03,0.027501428528786676,47137.82428571429,46392.04566666667,43827.82588888889,0.6393551634372047,48.529999999998836,0.0996772356179898,0
2022-02-23,47207.27,47246.9,47265.69,47207.27,230.65M,-0.08%,2022,2,23,2,230650000.0,-0.08,-0.08387851901395793,47157.89571428571,46478.66066666666,43895.35133333333,0.5792786690708509,58.42000000000553,-45.31509317653754,1
2022-02-24,47272.04,47207.27,47295.28,47207.27,340.66M,0.14%,2022,2,24,3,340660000.0,0.14,0.13720344345267144,47187.49857142858,46567.57066666666,43960.17233333333,0.5781544195536591,88.01000000000204,47.69564274875353,1
2022-02-25,47328.42,47272.04,47378.54,47264.97,253.29M,0.12%,2022,2,25,4,253290000.0,0.12,0.1192671185757943,47218.80857142858,46663.36233333334,44028.880666666664,0.569622872163157,113.56999999999971,-25.647272940762043,1
2022-02-28,47394.53,47328.42,47394.53,47328.42,300.62M,0.14%,2022,2,28,0,300620000.0,0.14,0.13968351362669829,47260.50714285714,46763.191333333336,44097.156444444445,0.5663121948988159,66.11000000000058,18.68609104188874,1
2022-03-01,47482.73,47394.53,47613.7,47358.48,370.44M,0.19%,2022,3,1,1,370440000.0,0.19,0.1860974251669978,47309.4,46857.41933333334,44161.363333333335,0.5622801910796896,255.2199999999939,23.22533430909455,0
2022-03-02,47360.79,47482.73,47486.15,47313.53,279.95M,-0.26%,2022,3,2,2,279950000.0,-0.26,-0.25680915987771336,47327.525714285715,46921.774333333335,44223.55811111111,0.48841109988939113,172.62000000000262,-24.4277075909729,0
2022-03-03,47296.07,47360.79,47404.02,47202.6,243.42M,-0.14%,2022,3,3,3,243420000.0,-0.14,-0.1366531259296977,47334.549999999996,46968.626000000004,44284.461777777775,0.4619083229519675,201.41999999999825,-13.048758706911945,0
2022-03-04,47268.61,47296.07,47298.15,47253.88,179.28M,-0.06%,2022,3,4,4,179280000.0,-0.06,-0.05805979228294955,47343.31285714286,47012.33466666667,44345.05811111111,0.4627357288555017,44.270000000004075,-26.349519349272864,0
2022-03-07,47262.61,47268.61,47309.8,47223.94,291.88M,-0.01%,2022,3,7,0,291880000.0,-0.01,-0.01269341323978379,47341.96571428572,47056.812666666665,44405.862,0.4622315640238798,85.86000000000058,62.80678268630076,0
2022-03-08,47154.35,47262.61,47283.62,47122.34,754.93M,-0.23%,2022,3,8,1,754930000.0,-0.23,-0.22906056182678824,47317.09857142857,47097.30733333333,44463.564333333336,0.46589775947193784,161.2800000000061,158.6439632725778,1
2022-03-09,47287.09,47154.35,47292.91,47129.66,336.30M,0.28%,2022,3,9,2,336300000.0,0.28,0.28150107042086425,47301.75,47122.543999999994,44521.88088888889,0.40959017685175914,163.25,-55.452823440583884,1
2022-03-10,47363.98,47287.09,47383.77,47180.59,261.56M,0.16%,2022,3,10,3,261560000.0,0.16,0.16260252005357856,47284.78571428572,47167.702333333335,44581.73855555556,0.3446239257869906,203.1800000000003,-22.22420457924472,1
2022-03-11,47437.48,47363.98,47437.48,47234.26,1.15B,0.16%,2022,3,11,4,1150000000.0,0.16,0.15518121576776345,47295.741428571426,47208.78333333333,44642.006222222226,0.33923630528012133,203.22000000000116,339.6696742621196,0
2022-03-14,47428.67,47437.48,47466.61,47358.72,1.28B,-0.02%,2022,3,14,0,1280000000.0,-0.02,-0.01857181283660969,47314.684285714284,47235.583333333336,44702.597555555556,0.30217798997944295,107.88999999999942,11.304347826086957,0
2022-03-15,47340.86,47428.67,47431.39,47334.64,183.26M,-0.19%,2022,3,15,1,183260000.0,-0.19,-0.18514118148368341,47325.00571428572,47243.238333333335,44762.56455555555,0.24099018472160622,96.75,-85.68281250000001,1
2022-03-16,47364.46,47340.86,47373.96,47338.48,145.83M,0.05%,2022,3,16,2,145830000.0,0.05,0.049851227882213855,47339.555714285714,47257.69833333334,44822.008555555556,0.22888681176131911,35.479999999995925,-20.42453344974353,0
2022-03-17,47353.22,47364.46,47398.8,47338.91,239.73M,-0.02%,2022,3,17,3,239730000.0,-0.02,-0.023730873317251433,47367.96571428572,47258.47900000001,44867.634666666665,0.16867812924434805,59.88999999999942,64.39004320098745,0
2022-03-18,47282.67,47353.22,47353.22,47221.34,599.49M,-0.15%,2022,3,18,4,599490000.0,-0.15,-0.14898670037645223,47367.33428571429,47258.57066666666,44907.102666666666,0.16981732830470675,131.88000000000466,150.0688274308597,0
2022-03-21,47251.93,47282.67,47282.67,47196.55,213.56M,-0.07%,2022,3,21,0,213560000.0,-0.07,-0.06501324904029104,47351.32714285714,47260.18866666666,44946.48744444444,0.16753268186779072,86.11999999999534,-64.37638659527265,0
2022-03-22,47156.56,47251.93,47251.93,47125.55,303.46M,-0.20%,2022,3,22,1,303460000.0,-0.2,-0.20183302565631722,47311.19571428571,47263.49933333333,44985.904111111115,0.16163680641083167,126.37999999999738,42.09589810825997,1
2022-03-23,47163.94,47156.56,47167.97,47132.62,267.48M,0.02%,2022,3,23,2,267480000.00000003,0.02,0.015649996522237863,47273.37714285714,47263.723,45029.35888888889,0.15694134382043398,35.349999999998545,-11.856587359124749,0
2022-03-24,46961.62,47016.5,47017.08,46931.38,214.70M,-0.43%,2022,3,24,3,214700000.0,-0.43,-0.428971794977262,47219.2,47252.899,45070.81755555555,0.16689006401286624,85.70000000000437,-19.732316434873642,1
2022-03-25,46964.23,46958.68,46993.74,46957.13,177.09M,0.01%,2022,3,25,4,177090000.0,0.01,0.005557729907956777,47162.024285714295,47244.96333333333,45109.79988888889,0.16435984844785287,36.61000000000058,-17.517466231951563,0
2022-03-28,46898.23,46958.95,46966.36,46754.39,359.89M,-0.14%,2022,3,28,0,359890000.0,-0.14,-0.1405324861069812,47097.025714285715,47239.34533333333,45149.22577777778,0.1581035517004373,211.97000000000116,103.22434920097128,0
2022-03-29,46843.09,46893.86,46905.13,46831.85,214.32M,-0.12%,2022,3,29,1,214320000.0,-0.12,-0.1175737335929461,47034.22857142857,47231.954333333335,45188.74933333333,0.15926530134683048,73.27999999999884,-40.448470365945155,1
2022-03-30,46904.48,46843.09,46916.17,46824.71,201.15M,0.13%,2022,3,30,2,201150000.0,0.13,0.13105454828024055,46984.59285714286,47225.12866666667,45229.918333333335,0.16027576436893778,91.45999999999913,-6.14501679731243,1
2022-03-31,46965.48,46904.48,46983.32,46832.26,256.02M,0.13%,2022,3,31,3,256019999.99999997,0.13,0.13005154305090194,46957.29571428571,47220.556666666664,45271.02066666666,0.16243131868249105,151.05999999999767,27.278150633855326,0
2022-04-01,46842.86,46963.75,46973.78,46780.08,257.29M,-0.26%,2022,4,1,4,257290000.00000003,-0.26,-0.261085375897363,46911.427142857145,47210.636000000006,45310.88422222222,0.167785793644767,193.6999999999971,0.49605499570348766,0
2022-04-04,46687.85,46844.13,46844.13,46654.45,219.50M,-0.33%,2022,4,4,0,219500000.0,-0.33,-0.33091489289936993,46872.317142857144,47192.434,45349.137888888894,0.17171622347472087,189.6800000000003,-14.687706479070318,1
2022-04-05,46777.37,46687.85,46792.3,46675.8,257.40M,0.19%,2022,4,5,1,257399999.99999997,0.19,0.19174153446774866,46845.62285714286,47176.783,45389.900111111114,0.17644960250512787,116.5,17.266514806378108,0
2022-04-06,46766.16,46775.76,46785.41,46751.63,261.59M,-0.02%,2022,4,6,2,261589999.99999997,-0.02,-0.02396457945369468,46826.75571428572,47162.079333333335,45428.32088888889,0.17619434876221923,33.78000000000611,1.6278166278166362,0
2022-04-07,46543.51,46771.62,46806.53,46524.68,244.02M,-0.48%,2022,4,7,3,244020000.0,-0.48,-0.4760921144690955,46783.95857142857,47137.795000000006,45464.68277777778,0.19095008274864855,281.84999999999854,-6.716617607706709,1
2022-04-08,46631.46,46543.51,46631.46,46542.14,154.10M,0.19%,2022,4,8,4,154100000.0,0.19,0.18896297249604288,46744.955714285716,47114.562999999995,45502.27622222222,0.19350724664283425,89.31999999999971,-36.84943857060896,1
2022-04-11,46867.95,46631.46,46871.63,46624.78,224.63M,0.51%,2022,4,11,0,224630000.0,0.51,0.5071468918193878,46731.02285714286,47097.01033333333,45551.21833333334,0.2161810718472711,246.84999999999854,45.76898118105126,1
2022-04-12,47205.03,46872.25,47231.66,46872.25,245.42M,0.72%,2022,4,12,1,245420000.0,0.72,0.7192121695102971,46782.76142857143,47087.753666666664,45606.29666666667,0.2537929084132618,359.4100000000035,9.255219694608918,1
2022-04-13,47367.31,47205.03,47388.15,47188.1,391.89M,0.34%,2022,4,13,2,391890000.0,0.34,0.3437769237727428,46879.82714285714,47087.971000000005,45664.06777777778,0.2580585388023181,200.0500000000029,59.68136256213838,1
2022-04-14,47558.45,47367.31,47600.37,47367.31,385.18M,0.40%,2022,4,14,3,385180000.0,0.4,0.4035272427334258,46991.409999999996,47096.717,45725.73277777778,0.26683474404420143,233.06000000000495,-1.7122151624180293,0
2022-04-19,47545.86,47510.38,47551.72,47459.18,365.45M,-0.03%,2022,4,19,1,365450000.0,-0.03,-0.026472687818879237,47102.795714285705,47105.958666666666,45787.14322222222,0.2665832617450363,92.54000000000087,-5.122280492237397,1
2022-04-20,48138.71,47545.86,48138.71,47503.0,349.48M,1.25%,2022,4,20,2,349480000.0,1.25,1.2469014126571754,47330.68142857143,47135.162000000004,45850.515999999996,0.3480323755832297,635.7099999999991,-4.3699548501846985,1
2022-04-21,48223.86,48138.71,48223.86,48132.09,244.69M,0.18%,2022,4,21,3,244690000.0,0.18,0.17688467347796166,47558.16714285714,47170.81233333333,45923.167555555556,0.34420323381078416,91.77000000000407,-29.98454847201557,1
2022-04-22,48459.65,48236.08,48459.65,48229.1,342.14M,0.49%,2022,4,22,4,342140000.0,0.49,0.488948831553504,47785.55285714286,47209.89766666667,45996.241777777774,0.35051333447164895,230.5500000000029,39.82590216191917,1
2022-04-25,48558.91,48459.65,48562.2,48089.55,328.38M,0.20%,2022,4,25,0,328380000.0,0.2,0.20483020409765018,47978.96428571428,47249.72866666666,46064.55055555555,0.35093158748899417,472.6499999999942,-4.021745484304673,1
2022-04-26,48568.57,48543.36,48662.06,48540.73,464.73M,0.02%,2022,4,26,1,464730000.0,0.02,0.01989336251575491,48150.572857142855,47287.431666666664,46134.00666666666,0.350850324853287,121.32999999999447,41.52201717522384,1
2022-04-27,48571.75,48568.57,48620.21,48551.58,246.70M,0.01%,2022,4,27,2,246700000.0,0.01,0.006547444159865634,48295.33,47325.53433333334,46203.05544444444,0.35063892877471287,68.62999999999738,-46.91541325070471,1
2022-04-28,48837.76,48571.75,48853.68,48571.75,759.65M,0.55%,2022,4,28,3,759650000.0,0.55,0.5476640228116114,48479.887142857144,47375.431,46276.028,0.3569980550377692,281.9300000000003,207.92460478313743,1
2022-04-29,49638.94,48840.49,49638.94,48840.43,319.35M,1.64%,2022,4,29,4,319350000.0,1.64,1.6404929300606774,48694.205714285716,47451.246999999996,46356.97944444444,0.4536495404731012,798.510000000002,-57.96090304745607,1
2022-05-04,50126.41,49640.3,50132.88,49636.44,669.27M,0.98%,2022,5,4,2,669270000.0,0.98,0.9820314454740631,48965.99857142857,47543.68666666667,46442.88722222222,0.47639150531523294,496.43999999999505,109.57256928135273,1
2022-05-05,50835.95,50126.41,50835.95,50113.49,462.40M,1.42%,2022,5,5,3,462400000.0,1.42,1.4155013295386487,49305.469999999994,47662.12933333334,46536.747,0.5213973648782082,722.4599999999991,-30.909797241770885,1
2022-05-06,50937.01,50838.1,50993.59,50838.1,466.28M,0.20%,2022,5,6,4,466280000.0,0.2,0.19879632425479077,49645.19857142858,47784.96533333334,46633.33355555555,0.5182362031330342,155.48999999999796,0.8391003460207713,1
2022-05-09,51903.44,50935.79,51956.75,50922.91,337.43M,1.90%,2022,5,9,0,337430000.0,1.9,1.8973041409380054,50121.60857142857,47943.19466666667,46740.81088888888,0.5914037494031212,1033.8399999999965,-27.633610706013556,0
2022-05-10,51805.41,51902.48,51902.48,51562.68,331.35M,-0.19%,2022,5,10,1,331350000.0,-0.19,-0.18886994773371635,50583.560000000005,48097.91033333333,46846.83933333334,0.5962149077846031,339.8000000000029,-1.8018551995969578,1
2022-05-11,52838.45,51805.41,53064.58,51805.41,417.26M,1.99%,2022,5,11,2,417260000.0,1.99,1.9940774525285976,51155.08714285714,48293.80466666666,46969.4098888889,0.6533314130095083,1259.1699999999983,25.92726724007848,1
2022-05-12,52917.76,52844.84,53069.29,52843.48,426.02M,0.15%,2022,5,12,3,426020000.0,0.15,0.15009902826446098,51623.49,48492.255666666664,47092.79311111111,0.6508823234271107,225.80999999999767,2.0994104395340996,1
2022-05-13,53100.21,52917.76,53100.21,52898.9,303.48M,0.34%,2022,5,13,4,303480000.0,0.34,0.34478027792559374,52048.31857142858,48698.988333333335,47208.16833333333,0.6429502020516988,201.30999999999767,-28.763907797755973,0
2022-05-16,52944.65,53098.46,53098.46,52896.88,374.18M,-0.29%,2022,5,16,0,374180000.0,-0.29,-0.29295552691787075,52349.56142857143,48902.37366666667,47318.37300000001,0.648748155009663,201.58000000000175,23.296428100698563,0
2022-05-17,52756.62,52944.44,52950.34,52756.62,552.47M,-0.36%,2022,5,17,1,552470000.0,-0.36,-0.35514447635407453,52609.50571428572,49097.445,47421.48266666667,0.6619218357006577,193.7199999999939,47.64819071035331,0
2022-05-18,52721.34,52756.62,52793.13,52721.34,611.83M,-0.07%,2022,5,18,2,611830000.0,-0.07,-0.06687312416907565,52726.34857142857,49289.307,47522.742666666665,0.6656039095006605,71.79000000000087,10.744474813112026,1
2022-05-19,53275.49,52721.34,53281.31,52717.88,274.41M,1.05%,2022,5,19,3,274410000.0,1.05,1.0510924039487612,52936.35999999999,49503.728,47627.42122222223,0.6645772339678847,563.4300000000003,-55.14930617982119,0
2022-05-20,52979.96,53275.49,53774.61,52951.38,436.56M,-0.55%,2022,5,20,4,436560000.0,-0.55,-0.5547203789209587,52956.57571428572,49713.465,47728.341555555555,0.6746165299111876,823.2300000000032,59.090412156991356,0
2022-05-23,52911.51,52979.96,53009.5,52909.1,263.24M,-0.13%,2022,5,23,0,263240000.0,-0.13,-0.12919979554533167,52955.68285714286,49917.93633333333,47828.92166666667,0.6809499575931102,100.40000000000146,-39.70130108118014,0
2022-05-24,51949.64,52911.51,52911.51,51940.57,720.12M,-1.82%,2022,5,24,1,720120000.0,-1.82,-1.8178842372859938,52791.31571428571,50090.719000000005,47910.48633333333,0.7906483372818445,970.9400000000023,173.5602492022489,1
2022-05-25,52591.41,51949.64,52594.84,51574.46,382.45M,1.24%,2022,5,25,2,382450000.0,1.24,1.2353694847548669,52740.852857142854,50292.31566666667,47999.227111111104,0.7904322690619788,1020.3799999999974,-46.89079597844804,1
2022-05-26,53151.32,52591.41,53161.43,52587.01,266.18M,1.06%,2022,5,26,3,266180000.0,1.06,1.064641545073619,52797.23857142857,50509.64433333334,48095.856555555554,0.7980795467550379,574.4199999999983,-30.40135965485684,1
2022-05-27,54085.3,53151.32,54290.84,53151.32,208.08M,1.76%,2022,5,27,4,208080000.0,1.76,1.7572094164359564,52992.090000000004,50750.222666666676,48203.474777777774,0.8335388760468369,1139.5199999999968,-21.82733488616726,0
2022-05-30,53772.35,54085.3,54085.3,53735.83,227.55M,-0.58%,2022,5,30,0,227550000.0,-0.58,-0.5786230269592796,53063.07,50969.13333333333,48304.76877777778,0.8542209758966306,349.47000000000116,9.356978085351786,0
2022-05-31,53637.14,53772.14,53787.3,53608.72,318.27M,-0.25%,2022,5,31,1,318270000.0,-0.25,-0.2514489323974134,53156.95285714285,51178.12766666667,48395.95766666667,0.863364342789038,178.58000000000175,39.8681608437706,0
2022-06-01,52974.15,52990.28,53045.12,52952.24,295.34M,-1.24%,2022,6,1,2,295340000.0,-1.24,-1.2360651593280259,53165.90142857143,51358.651,48474.66466666667,0.914732335852733,92.88000000000466,-7.204574732145663,0
2022-06-02,52840.14,52974.15,52989.45,52831.61,274.42M,-0.25%,2022,6,2,3,274420000.0,-0.25,-0.2529724403317557,53293.11571428572,51535.127,48551.14011111111,0.9189925283857613,157.8399999999965,-7.08336154940069,1
2022-06-03,52908.24,52815.78,52925.86,52803.19,280.87M,0.13%,2022,6,3,4,280870000.0,0.13,0.12887929517217955,53338.37714285714,51694.111333333334,48628.69533333334,0.9041942133758186,122.66999999999825,2.3504117775672295,1
2022-06-06,53086.86,52908.24,53090.16,52889.13,755.62M,0.34%,2022,6,6,0,755620000.0,0.34,0.3376033676417922,53329.16857142857,51856.21133333333,48708.11033333333,0.9037970892193362,201.0300000000061,169.02837611706482,1
2022-06-07,53270.88,53086.46,53276.66,53046.72,234.62M,0.35%,2022,6,7,1,234620000.0,0.35,0.346639450892372,53212.822857142855,52016.585666666666,48783.0091111111,0.9032786033224572,229.94000000000233,-68.95000132341653,0
2022-06-08,53193.98,53270.88,53270.88,53190.75,248.94M,-0.14%,2022,6,8,2,248940000.0,-0.14,-0.14435654151009336,53130.19857142858,52171.088,48862.83966666667,0.9070551631126047,80.12999999999738,6.103486488790377,0
2022-06-09,53170.73,53183.99,53206.08,53166.01,318.42M,-0.04%,2022,6,9,3,318420000.0,-0.04,-0.0437079534187923,53063.56857142858,52324.49333333333,48940.23611111111,0.9078265353611695,40.06999999999971,27.910339840925523,1
2022-06-10,53201.38,53170.73,53201.38,53136.98,273.24M,0.06%,2022,6,10,4,273240000.0,0.06,0.057644497263797945,53096.02999999999,52478.81433333333,49013.31066666668,0.9072927330194329,64.39999999999418,-14.188807235726397,0
2022-06-14,53114.65,53201.38,53202.13,53097.77,299.81M,-0.16%,2022,6,14,1,299810000.0,-0.16,-0.16302208702104748,53135.24571428571,52621.37733333334,49080.01555555555,0.9100903371163003,104.36000000000058,9.724052115356475,0
2022-06-15,52775.4,53113.64,53113.64,52773.2,188.09M,-0.64%,2022,6,15,2,188090000.0,-0.64,-0.6387126715510671,53116.26857142857,52725.926,49144.957111111115,0.8878256018428674,340.4400000000023,-37.26360028017744,0
2022-06-16,52411.09,52775.4,52783.52,52374.04,211.61M,-0.69%,2022,6,16,3,211610000.0,-0.69,-0.6903026788996458,53019.729999999996,52802.08200000001,49201.415888888885,0.8900636815970849,409.4799999999959,12.504652028284324,0
2022-06-17,51778.08,52411.09,52451.43,51755.18,241.19M,-1.21%,2022,6,17,4,241190000.0,-1.21,-1.2077787353783287,52806.47285714286,52833.48633333333,49251.395444444446,0.8905625496023536,696.25,13.97854543736119,0
2022-06-20,50756.74,51778.08,51804.21,50750.6,196.26M,-1.97%,2022,6,20,0,196260000.0,-1.97,-1.9725335508771313,52458.29571428571,52827.47733333333,49290.87711111111,0.9644839732609408,1053.6100000000006,-18.628467183548235,1
2022-06-21,51091.75,50755.98,51213.17,50532.29,166.96M,0.66%,2022,6,21,1,166960000.0,0.66,0.660030569339165,52161.29857142857,52800.420999999995,49335.705,0.9048407580866917,680.8799999999974,-14.929175583409759,1
2022-06-22,51377.21,51093.23,51377.21,50628.4,229.26M,0.56%,2022,6,22,2,229260000.0,0.56,0.5587203413466968,51900.70285714285,52786.14766666667,49382.593666666675,0.9111163127563112,748.8099999999977,37.31432678485864,1
2022-06-23,51618.73,51377.21,51740.21,51375.06,223.25M,0.47%,2022,6,23,3,223250000.0,0.47,0.4700917001915883,51687.0,52745.49033333334,49430.73133333334,0.8339559387561519,365.15000000000146,-2.6214777981331205,1
2022-06-24,51705.61,51618.73,51708.52,51618.73,156.09M,0.17%,2022,6,24,4,156090000.0,0.17,0.1683109987401732,51534.172857142854,52705.085333333336,49480.76811111111,0.8341316423494882,89.7899999999936,-30.08286674132139,1
2022-06-27,51962.85,51705.61,51986.94,51703.49,266.51M,0.50%,2022,6,27,0,266510000.0,0.5,0.49750887766337737,51470.13857142858,52667.17333333333,49535.169,0.8372350279901937,283.45000000000437,70.74123902876546,0
2022-06-28,51803.98,51962.85,51975.06,51779.76,314.60M,-0.31%,2022,6,28,1,314600000.0,-0.31,-0.30573765680672604,51473.83857142857,52629.151,49587.82633333334,0.8373563037859416,195.29999999999563,18.04435105624553,0
2022-06-29,51802.48,51803.98,51810.45,51789.9,416.47M,0.00%,2022,6,29,2,416470000.0,0.0,-0.0028955304206323973,51623.229999999996,52597.34633333333,49639.97333333333,0.8356761128744822,20.549999999995634,32.38080101716465,1
2022-06-30,51817.59,51802.48,51991.27,51759.56,223.10M,0.03%,2022,6,30,3,223100000.0,0.03,0.029168487686281885,51726.92142857143,52567.221333333335,49692.361666666664,0.8358226650558791,231.70999999999913,-46.43071529762047,1
2022-07-01,51829.67,51817.59,51829.67,51769.02,127.03M,0.02%,2022,7,1,4,127030000.0,0.02,0.023312546955578384,51791.55857142857,52519.02733333334,49744.46377777777,0.809606974360769,60.650000000001455,-43.06140744060959,0
2022-07-04,51791.45,51829.67,51871.89,51713.99,194.08M,-0.07%,2022,7,4,0,194080000.0,-0.07,-0.07374154610669814,51816.23285714286,52479.41033333333,49795.1031111111,0.8048041039263839,157.90000000000146,52.78280721089506,0
2022-07-05,51586.5,51795.23,51807.97,51571.37,234.48M,-0.40%,2022,7,5,1,234480000.0,-0.4,-0.39572168765307225,51799.217142857146,52435.24333333333,49843.32088888889,0.806920278053783,236.59999999999854,20.81615828524319,0
2022-07-06,51556.54,51586.5,51612.97,51553.86,135.26M,-0.06%,2022,7,6,2,135260000.0,-0.06,-0.05807721012279776,51741.172857142854,52422.14,49891.646111111106,0.7372884779722982,59.11000000000058,-42.31490958717161,1
2022-07-07,51563.73,51556.54,51570.71,51530.4,143.28M,0.01%,2022,7,7,3,143280000.0,0.01,0.013945854395980284,51706.851428571434,52387.884,49939.33155555555,0.698104449890544,40.30999999999767,5.929321307112234,0
2022-07-08,51557.41,51563.73,51581.17,51546.84,115.13M,-0.01%,2022,7,8,4,115130000.0,-0.01,-0.012256677319499865,51671.841428571424,52334.753666666664,49986.32033333334,0.6650026307956886,34.330000000001746,-19.646845337800112,1
2022-07-13,51567.69,51557.41,51584.83,51507.55,198.79M,0.02%,2022,7,13,2,198790000.0,0.02,0.019938937972252546,51636.14142857143,52250.833333333336,50032.68877777778,0.566039673574427,77.27999999999884,72.66568227221401,0
2022-07-14,51338.27,51390.25,51390.25,51304.74,115.25M,-0.44%,2022,7,14,3,115250000.0,-0.44,-0.4448909772766685,51565.94142857143,52169.69733333334,50075.52811111111,0.5631255282812349,85.51000000000204,-42.02424669248956,1
2022-07-15,52215.12,51339.01,52542.93,51330.29,190.10M,1.71%,2022,7,15,4,190100000.0,1.71,1.7079850957190557,51626.46571428572,52122.29666666666,50129.465111111116,0.6570783074862183,1212.6399999999994,64.94577006507592,1
2022-07-18,52319.94,52215.12,52510.17,52215.12,116.28M,0.20%,2022,7,18,0,116280000.0,0.2,0.2007464504534262,51731.24285714286,52100.48966666667,50185.28588888888,0.6218904095449977,295.04999999999563,-38.83219358232509,0
2022-07-19,52308.88,52319.94,52333.28,52250.79,205.60M,-0.02%,2022,7,19,1,205600000.0,-0.02,-0.021139167973061035,51838.72000000001,52082.780999999995,50241.28888888889,0.6205858218231789,82.48999999999796,76.81458548331615,0
2022-07-20,52186.52,52308.88,52310.53,52142.18,238.27M,-0.23%,2022,7,20,2,238270000.0,-0.23,-0.23391821809222169,51927.689999999995,52058.723666666665,50295.999,0.6208813041217325,168.34999999999854,15.890077821011683,0
2022-07-21,52122.0,52186.52,52204.52,52098.87,151.94M,-0.12%,2022,7,21,3,151940000.0,-0.12,-0.12363345936843295,52008.34571428572,52026.56166666667,50351.19511111112,0.6168057602704391,105.64999999999418,-36.232005707810465,0
2022-07-22,51979.92,52122.0,52129.19,51979.92,205.06M,-0.27%,2022,7,22,4,205060000.0,-0.27,-0.27259122827213433,52067.235714285714,51983.52966666666,50403.33766666667,0.6131035035795458,149.27000000000407,34.9611688824536,0
2022-07-25,51400.53,51979.92,51979.92,51327.74,98.75M,-1.11%,2022,7,25,0,98750000.0,-1.11,-1.1146419617421466,52076.13,51923.748,50448.18822222222,0.6415524301627153,652.1800000000003,-51.843362918170286,0
2022-07-26,50442.37,51400.53,51405.6,50409.9,156.17M,-1.86%,2022,7,26,1,156170000.0,-1.86,-1.8641052922995116,51822.88,51832.80266666666,50481.57588888889,0.7165502875678903,995.6999999999971,58.14683544303798,0
2022-07-27,50188.55,50442.37,50447.87,50163.4,192.41M,-0.50%,2022,7,27,2,192410000.0,-0.5,-0.5031880936601452,51518.39571428572,51732.375,50512.241222222234,0.7176420125802759,284.47000000000116,23.205481206377666,0
2022-07-28,49667.14,50182.73,50182.73,49603.12,206.21M,-1.04%,2022,7,28,3,206210000.0,-1.04,-1.0389022994288566,51141.00428571428,51617.458,50538.08877777778,0.7340665682844559,579.6100000000006,7.1721843979003275,1
2022-07-29,50370.25,49702.07,50370.25,49687.77,243.29M,1.42%,2022,7,29,4,243290000.0,1.42,1.4156442267462932,50881.537142857145,51537.28633333334,50571.48644444445,0.7876091173633372,682.4800000000032,17.981669172203098,0
2022-08-01,49950.32,50370.25,50372.43,49886.94,176.05M,-0.83%,2022,8,1,0,176050000.0,-0.83,-0.8336865510891855,50571.29714285715,51455.26066666666,50600.34311111112,0.7914119898418442,485.48999999999796,-27.637798512063792,1
2022-08-02,50626.04,49950.32,50626.04,49950.32,129.16M,1.35%,2022,8,2,1,129160000.0,1.35,1.3527841263079043,50377.885714285716,51416.859333333334,50637.49166666667,0.8120027786724514,675.7200000000012,-26.634478841238284,0
2022-08-03,50594.97,50626.04,50647.19,50242.94,121.16M,-0.06%,2022,8,3,2,121160000.0,-0.06,-0.06137157873694621,50262.805714285714,51411.467,50674.63655555555,0.7284042334073493,404.25,-6.1938680706100975,0
2022-08-04,50582.3,50594.97,50720.86,50372.55,130.44M,-0.03%,2022,8,4,3,130440000.0,-0.03,-0.02504201504616166,50282.79571428571,51394.48533333334,50712.700333333334,0.71739194758442,348.3099999999977,7.6592934962033565,1
2022-08-05,50722.33,50582.3,50722.33,50556.7,148.81M,0.28%,2022,8,5,4,148810000.0,0.28,0.27683596831302726,50359.049999999996,51372.655999999995,50752.238,0.711222319210103,165.63000000000466,14.083103342532954,0
2022-08-08,50489.73,50722.33,50740.18,50489.07,207.20M,-0.46%,2022,8,8,0,207200000.0,-0.46,-0.4585751482630962,50476.56285714287,51335.022666666664,50791.439222222216,0.7084458185388363,251.11000000000058,39.237954438545785,0
2022-08-09,49350.71,50489.73,50489.73,49342.6,140.58M,-2.26%,2022,8,9,1,140580000.0,-2.26,-2.255943931567872,50330.91428571429,51256.526,50817.955666666676,0.811012485562452,1147.1300000000047,-32.15250965250965,1
2022-08-10,50075.47,49350.71,50127.02,49337.73,279.22M,1.47%,2022,8,10,2,279220000.0,1.47,1.4685908267581205,50348.792857142864,51193.61333333333,50853.25833333333,0.8559660314624951,789.2899999999936,98.62000284535495,0
2022-08-11,50014.6,50075.47,50256.83,50009.12,133.59M,-0.12%,2022,8,11,3,133590000.0,-0.12,-0.1215565225848203,50261.444285714286,51133.967333333334,50888.49733333333,0.8552459127429146,247.70999999999913,-52.15600601676098,0
2022-08-12,49664.07,50017.51,50017.51,49371.37,272.07M,-0.70%,2022,8,12,4,272070000.0,-0.7,-0.7008553502377279,50128.45857142857,51062.687000000005,50919.15944444445,0.8616012882379129,646.1399999999994,103.66045362676846,0
2022-08-15,49657.33,49664.07,49724.7,49373.13,210.83M,-0.01%,2022,8,15,0,210830000.0,-0.01,-0.013571179325411187,49996.32000000001,50990.67833333333,50949.06888888889,0.8613526452585367,351.5699999999997,-22.508913147351784,1
2022-08-16,49709.46,49629.43,49737.86,49629.43,204.16M,0.10%,2022,8,16,1,204160000.0,0.1,0.10497946627416876,49851.624285714286,50920.00466666666,50980.92,0.8620096705626036,108.43000000000029,-3.1636863823933936,0
2022-08-17,49691.17,49709.46,49712.96,49681.24,128.79M,-0.04%,2022,8,17,2,128789999.99999999,-0.04,-0.03679380142129762,49737.54428571429,50849.99533333334,51014.290222222226,0.8621273839230074,31.720000000001164,-36.917123824451416,0
2022-08-18,49546.38,49691.17,49694.34,49487.74,146.99M,-0.29%,2022,8,18,3,146990000.0,-0.29,-0.29137973607785694,49765.49714285714,50781.99133333333,51045.057,0.8612463917765022,206.59999999999854,14.131531951238463,0
2022-08-19,49370.62,49395.43,49432.87,49367.26,132.20M,-0.35%,2022,8,19,4,132199999.99999999,-0.35,-0.3547383280069982,49664.80428571429,50709.12733333334,51073.995444444445,0.862085042804473,65.61000000000058,-10.061908973399557,0
2022-08-22,49346.4,49370.62,49381.15,49334.23,122.73M,-0.05%,2022,8,22,0,122730000.0,-0.05,-0.0490575163933582,49569.34714285714,50635.21633333333,51105.13866666667,0.8617719778357223,46.919999999998254,-7.1633888048411425,0
2022-08-23,48567.14,49344.67,49344.67,48511.58,204.15M,-1.58%,2022,8,23,1,204150000.0,-1.58,-1.5791628163351334,49412.642857142855,50535.540666666675,51126.646222222225,0.9002126028854719,833.0899999999965,66.34074798337815,1
2022-08-24,48675.33,48554.76,48681.0,48554.76,167.57M,0.22%,2022,8,24,2,167570000.0,0.22,0.22276378637902106,49272.357142857145,50439.128666666664,51146.72822222222,0.9026411919256331,126.23999999999796,-17.918197403869705,1
2022-08-25,49661.87,48675.24,49662.09,48670.87,226.47M,2.03%,2022,8,25,3,226470000.0,2.03,2.0267761923750793,49265.55857142858,50383.24866666667,51174.02644444444,0.9872473368059692,991.2199999999939,35.149489765471145,1
2022-08-26,49682.15,49661.87,49728.46,49628.73,193.51M,0.04%,2022,8,26,4,193510000.0,0.04,0.040836158606194495,49264.27,50298.816333333336,51199.74688888888,0.9266885053505444,99.72999999999593,-14.553804035854634,0
2022-08-29,49676.75,49682.15,49686.95,49624.28,232.94M,-0.01%,2022,8,29,0,232940000.0,-0.01,-0.010869094835874726,49282.89428571429,50210.71,51223.28355555555,0.9246394642664967,62.669999999998254,20.376207947909663,0
2022-08-30,49642.69,49676.75,49682.93,49625.32,125.95M,-0.07%,2022,8,30,1,125950000.0,-0.07,-0.06856326148549918,49321.76142857143,50121.83699999999,51246.58166666667,0.924419325209072,57.61000000000058,-45.93028247617412,1
2022-08-31,49836.51,49642.69,49836.51,49642.69,367.34M,0.39%,2022,8,31,2,367340000.0,0.39,0.39043009152002206,49391.77714285714,50043.50333333333,51265.446111111116,0.9299445008103706,193.8199999999997,191.65541881699087,1
2022-09-01,49889.88,49836.51,49934.2,49836.51,229.12M,0.11%,2022,9,1,3,229120000.0,0.11,0.10709016341632349,49580.74,49969.09933333333,51283.957444444444,0.9311172900865503,97.68999999999505,-37.62726629280775,1
2022-09-02,50045.83,49889.8,50056.3,49889.8,240.02M,0.31%,2022,9,2,4,240020000.0,0.31,0.3125884447908067,49776.525714285715,49904.62966666667,51301.581666666665,0.9344021043150058,166.5,4.7573324022346375,0
2022-09-05,49991.41,50045.83,50084.83,49988.28,200.92M,-0.11%,2022,9,5,0,200920000.0,-0.11,-0.108740328614787,49823.602857142854,49857.659,51317.49833333333,0.9154121242645159,96.55000000000291,-16.290309140904924,0
2022-09-06,49644.92,49991.41,49994.14,49639.64,138.94M,-0.69%,2022,9,6,1,138940000.0,-0.69,-0.6930990744209997,49818.28428571429,49831.077333333335,51329.45777777778,0.8604048356007006,354.5,-30.84809874576946,0
2022-09-07,49635.76,49644.92,49654.72,49616.03,128.94M,-0.02%,2022,9,7,2,128940000.0,-0.02,-0.018451031847765975,49812.42857142857,49812.651,51341.28011111111,0.8561324801974154,38.69000000000233,-7.197351374694117,1
2022-09-08,49652.25,49599.73,49658.07,49577.38,161.88M,0.03%,2022,9,8,3,161880000.0,0.03,0.033222015740252964,49813.79428571429,49812.15466666666,51350.33,0.8348227538208607,80.69000000000233,25.54676593764542,1
2022-09-09,49695.12,49652.25,49697.61,49652.25,319.09M,0.09%,2022,9,9,4,319090000.0,0.09,0.08634049816473865,49793.59571428572,49789.65033333333,51350.95422222222,0.791370393022973,45.36000000000058,97.11514702248579,0
2022-09-12,49626.05,49695.12,49703.85,49626.05,86.59M,-0.14%,2022,9,12,0,86590000.0,-0.14,-0.13898749011975742,49755.90571428572,49778.84133333334,51345.39466666666,0.7774453189634897,77.79999999999563,-72.86345545144005,1
2022-09-13,49627.72,49625.71,49655.34,49612.4,147.46M,0.00%,2022,9,13,1,147460000.0,0.0,0.0033651680921620297,49696.17571428571,49745.564000000006,51331.96988888889,0.7331276690914545,42.93999999999505,70.29680101628364,0
2022-09-14,49576.05,49627.72,49637.12,49573.6,197.26M,-0.10%,2022,9,14,2,197260000.0,-0.1,-0.1041152001341139,49636.838571428576,49711.600000000006,51316.84811111111,0.7331643917878632,63.520000000004075,33.77187033771871,0
2022-09-15,49540.48,49578.83,49579.34,49534.65,167.60M,-0.07%,2022,9,15,3,167600000.0,-0.07,-0.07174835429607507,49621.91857142857,49676.87266666667,51290.593,0.7331257883370172,44.68999999999505,-15.035993105545975,0
2022-09-16,49475.42,49540.48,49543.81,49470.28,107.49M,-0.13%,2022,9,16,4,107490000.0,-0.13,-0.13132694717532534,49599.01285714286,49635.309,51264.70422222222,0.7303116450136093,73.52999999999884,-35.86515513126491,0
2022-09-19,49440.21,49475.42,49479.45,49400.12,67.37M,-0.07%,2022,9,19,0,67370000.0,-0.07,-0.07116665204660588,49568.72142857143,49600.325,51226.946,0.7268099036094642,79.32999999999447,-37.324402269978606,1
2022-09-20,49445.31,49440.21,49446.01,49378.93,147.59M,0.01%,2022,9,20,1,147590000.0,0.01,0.010315490164791719,49533.03428571428,49603.47833333334,51188.36322222223,0.5978298883166709,67.08000000000175,119.07377170847559,0
2022-09-21,49421.91,49446.18,49455.99,49318.55,51.88M,-0.05%,2022,9,21,2,51880000.0,-0.05,-0.047325014242993735,49503.87142857142,49581.693,51147.49322222223,0.5303891485862872,137.43999999999505,-64.8485669760824,0
2022-09-22,49190.34,49421.91,49424.82,49164.75,126.74M,-0.47%,2022,9,22,3,126740000.0,-0.47,-0.4685573665607179,49441.38857142858,49554.21766666667,51105.778666666665,0.5359290676321222,260.0699999999997,144.2945258288358,0
2022-09-23,49026.62,49190.34,49309.63,48994.15,169.18M,-0.33%,2022,9,23,4,169180000.0,-0.33,-0.33282957588826045,49362.898571428566,49532.96933333333,51064.33422222222,0.5247062706139096,315.4799999999959,33.48587659775919,1
2022-09-26,49218.35,49053.91,49226.12,49053.91,119.28M,0.39%,2022,9,26,0,119280000.0,0.39,0.3910732577526277,49316.88,49518.33666666667,51025.41211111111,0.5306225333750557,172.20999999999913,-29.495212200023644,0
2022-09-27,49161.45,49189.32,49223.31,49154.5,206.20M,-0.12%,2022,9,27,1,206200000.0,-0.12,-0.11560728874495663,49272.02714285714,49500.06966666667,50979.70055555555,0.5302410836864871,68.80999999999767,72.87055667337357,1
2022-09-28,49171.7,49161.45,49258.73,49119.51,101.57M,0.02%,2022,9,28,2,101570000.0,0.02,0.020849669812417204,49233.66857142857,49482.75399999999,50937.38655555555,0.5303410059093565,139.22000000000116,-50.7419980601358,0
2022-09-29,48964.83,49171.7,49218.17,48947.91,220.78M,-0.42%,2022,9,29,3,220780000.0,-0.42,-0.4207094731318972,49165.02857142857,49463.369,50893.53455555556,0.5330269393208363,270.25999999999476,117.3673328738801,1
2022-09-30,49024.16,48967.56,49024.16,48945.43,356.73M,0.12%,2022,9,30,4,356730000.0,0.12,0.12116860203539304,49108.20714285714,49451.82033333333,50861.029222222234,0.5303498131583972,78.7300000000032,61.5771356101096,0
2022-10-04,48879.74,49035.07,49038.76,48865.47,173.46M,-0.29%,2022,10,4,1,173460000.0,-0.29,-0.2945894432459517,49063.83571428571,49436.265,50819.78844444444,0.5326693652905993,173.29000000000087,-51.374989487847955,0
2022-10-05,48836.7,48879.74,48919.32,48818.2,135.52M,-0.09%,2022,10,5,2,135520000.0,-0.09,-0.08805284152493265,49036.70428571429,49445.25033333334,50771.84822222222,0.44561509346333444,101.12000000000262,-21.87247780468119,0
2022-10-06,47260.89,48836.7,48890.97,47238.35,140.66M,-3.23%,2022,10,6,3,140660000.0,-3.23,-3.2266922212188742,48757.067142857144,49398.102333333336,50696.02144444445,0.7394723928018029,1652.6200000000026,3.7927981109799225,1
2022-10-07,47351.43,47260.89,47351.62,47257.3,137.28M,0.19%,2022,10,7,4,137280000.0,0.19,0.19157489416725682,48498.49285714286,49321.087666666666,50624.67788888889,0.6248741365010605,94.31999999999971,-2.402957486136781,1
2022-10-11,47565.92,47351.43,47664.66,47195.25,125.65M,0.45%,2022,10,11,1,125650000.0,0.45,0.45297470424863207,48269.095714285715,49250.54666666667,50557.21988888889,0.6338341724533019,469.4100000000035,-8.471736596736601,0
2022-10-12,47531.84,47565.92,47572.78,47529.93,155.18M,-0.07%,2022,10,12,2,155180000.0,-0.07,-0.07164793616942777,48064.38285714285,49179.049666666666,50496.749777777775,0.6334942674231699,42.849999999998545,23.501790688420222,0
2022-10-13,47524.38,47531.84,47550.47,47486.8,86.54M,-0.02%,2022,10,13,3,86540000.0,-0.02,-0.01569474272403726,47850.12857142858,49108.439333333336,50437.68577777778,0.6337878197038748,63.669999999998254,-44.23250418868411,1
2022-10-14,47569.04,47524.38,47579.14,47428.96,124.41M,0.09%,2022,10,14,4,124410000.0,0.09,0.09397281984531158,47662.885714285716,49032.857,50378.36133333333,0.6274589398505157,150.1800000000003,43.760110931361226,0
2022-10-17,46365.95,47569.04,47588.29,46343.39,137.88M,-2.53%,2022,10,17,0,137880000.0,-2.53,-2.5291450069204746,47309.92142857143,48915.39266666667,50303.68455555556,0.7602937892795952,1244.9000000000015,10.827103930552195,0
2022-10-18,45366.32,46365.95,46365.95,44937.92,420.16M,-2.16%,2022,10,18,1,420160000.0,-2.16,-2.1559571193947247,47039.26857142857,48759.409,50215.85611111112,0.8288059173075745,1428.0299999999988,204.7287496373658,0
2022-10-19,44318.15,45366.32,45505.22,44302.24,165.35M,-2.31%,2022,10,19,2,165350000.0,-2.31,-2.310458507544799,46605.94285714285,48570.30033333333,50117.23577777777,0.9032842346123704,1202.9800000000032,-60.64594440213252,1
2022-10-20,44332.21,44318.15,44341.65,44294.21,119.22M,0.03%,2022,10,20,3,119220000.0,0.03,0.03172515098215367,46143.98428571429,48393.21,50019.03,0.9047756038133857,47.44000000000233,-27.898397338977922,1
2022-10-21,44396.73,44332.21,44403.55,44332.21,95.08M,0.15%,2022,10,21,4,95080000.0,0.15,0.14553752226655892,45696.11142857142,48218.575666666664,49921.20055555555,0.9074800250185034,71.34000000000378,-20.2482804898507,1
2022-10-24,44461.63,44396.73,44491.61,44368.24,72.32M,0.15%,2022,10,24,0,72320000.0,0.15,0.1461819372732931,45258.57571428572,48045.55500000001,49825.05588888889,0.9094305028824167,123.37000000000262,-23.93773664282709,1
2022-10-25,44788.14,44461.63,44824.37,44266.04,159.21M,0.73%,2022,10,25,1,159210000.0,0.73,0.7343635399781778,44861.30428571429,47881.988999999994,49736.30855555555,0.9279856788014896,558.3300000000017,120.14657079646018,1
2022-10-26,44859.78,44788.14,44887.55,44767.49,93.51M,0.16%,2022,10,26,2,93510000.0,0.16,0.1599530590017828,44646.13714285714,47723.11333333333,49652.40511111111,0.9318346733615388,120.06000000000495,-41.26625211984172,0
2022-10-27,44625.18,44859.78,44883.39,44615.15,150.97M,-0.52%,2022,10,27,3,150970000.0,-0.52,-0.5229628856851298,44540.26,47556.361999999994,49572.92844444444,0.930261062085343,268.23999999999796,61.44797347877233,0
2022-10-28,43912.64,44625.18,44625.18,43671.26,122.79M,-1.60%,2022,10,28,4,122790000.0,-1.6,-1.5967218507577985,44482.33,47367.581666666665,49496.88288888889,0.9562476454182651,953.9199999999983,-18.66596012452805,0
2022-10-31,43839.08,43910.65,43912.82,43650.2,160.91M,-0.17%,2022,10,31,0,160910000.0,-0.17,-0.16751441042942572,44411.88285714285,47177.534999999996,49416.297666666665,0.9552767041376544,262.6200000000026,31.044873361022884,0
2022-11-01,43745.73,43835.94,43968.82,43657.95,172.87M,-0.21%,2022,11,1,1,172870000.0,-0.21,-0.21293786274712012,44318.88285714285,46986.54533333333,49331.50344444444,0.9545945681145227,310.8700000000026,7.432726368777587,1
2022-11-02,44283.02,43745.73,44283.02,43626.57,155.41M,1.23%,2022,11,2,2,155410000.0,1.23,1.2282113019944862,44293.36714285715,46814.638999999996,49249.995555555564,0.9987204029163008,656.4499999999971,-10.100075201018111,0
2022-11-03,44236.7,44283.02,44286.16,44209.17,215.11M,-0.10%,2022,11,3,3,215110000.0,-0.1,-0.10459991211078101,44214.590000000004,46641.01866666667,49167.00766666666,0.9974641481314579,76.99000000000524,38.414516440383494,1
2022-11-04,44269.18,44236.7,44275.32,44171.5,356.73M,0.07%,2022,11,4,4,356730000.0,0.07,0.07342319838505862,44130.21857142857,46469.261000000006,49081.52244444445,0.9990346138854301,103.81999999999971,65.83608386406954,1
2022-11-07,44269.43,44269.18,44272.07,44217.38,103.26M,0.00%,2022,11,7,0,103260000.0,0.0,0.0005647269725850279,44079.397142857146,46305.23066666666,48997.80522222222,1.0009699904999565,54.69000000000233,-71.05373812126818,0
2022-11-08,43461.6,44269.43,44293.1,43439.72,249.91M,-1.82%,2022,11,8,1,249910000.0,-1.82,-1.8248032558810912,44014.962857142855,46119.73,48905.128777777776,1.0367275311477582,853.3799999999974,142.02014332752276,1
2022-11-09,43477.48,43461.6,44071.41,43448.58,133.40M,0.04%,2022,11,9,2,133400000.0,0.04,0.036538001362140804,43963.305714285714,45928.367666666665,48812.46088888889,1.0294466007402339,622.8300000000017,-46.62078348205354,1
2022-11-10,43942.82,43477.48,44287.55,43393.2,404.99M,1.07%,2022,11,10,3,404990000.0,1.07,1.0703012226099595,43991.46142857143,45754.41333333333,48724.82922222223,1.0632505910894332,894.3500000000058,203.59070464767615,1
2022-11-11,43968.75,43943.46,43994.65,43924.32,209.71M,0.06%,2022,11,11,4,209710000.0,0.06,0.05900850241291611,43946.56571428571,45580.981666666674,48637.91033333334,1.0637543156462663,70.33000000000175,-48.21847453023531,0
2022-11-14,43818.12,43956.76,43956.76,43770.82,187.08M,-0.34%,2022,11,14,0,187080000.0,-0.34,-0.34258422174839875,43886.76857142857,45409.424666666666,48551.59500000001,1.0637128255015296,185.94000000000233,-10.791092461017593,0
2022-11-15,43808.25,43818.12,43857.81,43788.18,103.42M,-0.02%,2022,11,15,1,103420000.0,-0.02,-0.022524928043476944,43820.92142857143,45235.561,48465.5028888889,1.0617747595733222,69.62999999999738,-44.718836861235836,1
2022-11-16,44050.44,43808.25,44050.44,43808.25,159.43M,0.55%,2022,11,16,2,159430000.0,0.55,0.5528410744551682,43789.637142857144,45074.58433333333,48382.021888888885,1.0750060004405013,242.19000000000233,54.157803132856316,0
2022-11-17,44011.22,44046.94,44052.82,43969.57,97.70M,-0.09%,2022,11,17,3,97700000.0,-0.09,-0.08903429795480422,43868.154285714285,44913.73499999999,48298.175333333325,1.074998067674871,83.25,-38.71918710405821,1
2022-11-18,44492.73,44011.22,44492.73,44001.7,146.68M,1.09%,2022,11,18,4,146680000.0,1.09,1.0940619233004822,44013.189999999995,44821.463,48219.56466666667,0.9580671759917161,491.0300000000061,50.13306038894576,1
2022-11-21,44701.84,44492.73,44701.84,44492.73,159.56M,0.47%,2022,11,21,0,159560000.0,0.47,0.46998689448813913,44121.62142857143,44733.14333333333,48145.826555555555,0.9632902333901981,209.1099999999933,8.781019907281152,1
2022-11-22,44929.33,44662.96,44976.21,44662.96,126.08M,0.51%,2022,11,22,1,126080000.0,0.51,0.5089052262725824,44258.84714285714,44645.257,48064.87333333333,0.964625212347953,313.25,-20.982702431687137,1
2022-11-23,46232.37,44934.73,46233.18,44899.66,185.59M,2.90%,2022,11,23,2,185590000.0,2.9,2.90019904592389,44603.74,44601.941333333336,47997.23366666667,1.1172309111565752,1333.5199999999968,47.20019035532994,1
2022-11-24,46604.94,46232.6,46604.94,46186.63,138.60M,0.81%,2022,11,24,3,138600000.0,0.81,0.8058639433799364,45003.26714285714,44571.293333333335,47933.856555555554,1.1290280242679895,418.31000000000495,-25.31925211487688,1
2022-11-25,47554.34,46604.94,47562.29,46424.6,98.98M,2.04%,2022,11,25,4,98980000.0,2.04,2.0371231032590087,45503.82428571428,44570.80333333333,47882.387888888894,1.1920799578738965,1137.6900000000023,-28.58585858585858,0
2022-11-28,47436.45,47554.34,47576.0,47389.79,279.28M,-0.25%,2022,11,28,0,279280000.0,-0.25,-0.24790586936964676,45993.142857142855,44606.486666666664,47830.32622222222,1.0934807008023721,186.20999999999913,182.1580117195393,0
2022-11-29,47322.97,47436.45,47450.71,47299.16,120.94M,-0.24%,2022,11,29,1,120940000.0,-0.24,-0.2392253214563822,46397.46285714286,44671.708333333336,47778.58233333333,1.0111104134176088,151.54999999999563,-56.69578917215697,1
2022-11-30,47660.04,47322.97,47662.71,47318.9,107.02M,0.71%,2022,11,30,2,107020000.0,0.71,0.7122756665526309,46820.06285714286,44783.104666666666,47737.021333333345,0.9027010438197987,343.8099999999977,-11.509839589879277,0
2022-12-01,47656.64,47660.04,47769.38,47537.87,172.89M,-0.01%,2022,12,1,3,172890000.0,-0.01,-0.007133858888919153,47209.67857142857,44893.919,47706.068777777786,0.9030477297546566,231.50999999999476,61.54924313212484,1
2022-12-02,48154.65,47656.64,48198.48,47656.64,159.81M,1.04%,2022,12,2,4,159810000.0,1.04,1.0449960383275059,47484.28999999999,45019.183,47683.46988888889,0.9144821601225134,541.8400000000038,-7.565504077737295,1
2022-12-05,48270.23,48154.65,48373.03,48154.65,185.11M,0.24%,2022,12,5,0,185110000.0,0.24,0.2400183575210324,47722.188571428575,45146.13633333333,47667.94866666666,0.9141859819251771,218.37999999999738,15.83129966835617,1
2022-12-06,48366.69,48270.23,48399.33,48269.48,184.62M,0.20%,2022,12,6,1,184620000.0,0.2,0.19983331341077992,47838.23857142858,45265.42133333334,47645.68688888889,0.9101921613415235,129.84999999999854,-0.2647074712333164,1
2022-12-07,48426.49,48366.69,48426.49,48348.67,146.21M,0.12%,2022,12,7,2,146210000.0,0.12,0.12363881009842537,47979.67285714286,45384.31166666667,47628.75544444444,0.9103546767201762,77.81999999999971,-20.80489654425306,0
2022-12-08,48365.14,48426.49,48572.14,48183.06,148.16M,-0.13%,2022,12,8,3,148160000.0,-0.13,-0.12668686084826852,48128.55428571429,45508.977,47603.634333333335,0.9014436198727408,389.08000000000175,1.3336981054647534,1
2022-12-09,48881.93,48365.14,48881.93,48365.14,100.82M,1.07%,2022,12,9,4,100820000.0,1.07,1.0685175314286255,48303.11,45674.619999999995,47584.60055555555,0.840116761507793,516.7900000000009,-31.951943844492437,1
2022-12-12,48899.08,48881.93,48901.96,48853.33,236.58M,0.04%,2022,12,12,0,236580000.0,0.04,0.035084539419782956,48480.60142857143,45843.28666666667,47565.89811111111,0.8365252601407579,48.62999999999738,134.6558222574886,0
2022-12-13,48853.54,48899.08,49101.57,48820.32,162.87M,-0.09%,2022,12,13,1,162870000.0,-0.09,-0.09313058650591843,48580.442857142865,46013.547000000006,47545.13377777778,0.8339375519353805,281.25,-31.156479837687044,1
2022-12-14,48988.04,48853.54,49045.36,48853.54,88.02M,0.28%,2022,12,14,2,88020000.0,0.28,0.2753126999599287,48682.98714285714,46170.38100000001,47528.44833333334,0.818205055957179,191.8199999999997,-45.95689813962056,1
2022-12-15,49233.02,48988.04,49249.96,48979.1,222.74M,0.50%,2022,12,15,3,222740000.0,0.5,0.5000812443200386,48806.74857142857,46336.925,47527.14066666666,0.8143043754739261,270.8600000000006,153.05612360827087,1
2022-12-16,49316.29,49233.02,49340.28,49222.58,103.66M,0.17%,2022,12,16,4,103660000.0,0.17,0.16913445488415668,48933.862857142856,46505.162,47518.70533333333,0.813327683582279,117.69999999999709,-53.4614348567837,1
2022-12-19,49414.96,49316.2,49414.96,49316.2,76.74M,0.20%,2022,12,19,0,76740000.0,0.2,0.2000758775649869,49083.83714285714,46676.67966666667,47512.04266666667,0.8110684968160173,98.76000000000204,-25.969515724483895,1
2022-12-20,49416.18,49414.96,49446.36,49382.43,100.06M,0.00%,2022,12,20,1,100060000.0,0.0,0.0024688879642909,49160.15857142857,46875.16566666667,47509.28833333334,0.70178195983408,63.93000000000029,30.388324211623676,1
2022-12-21,49475.43,49416.51,49492.97,49416.51,411.15M,0.12%,2022,12,21,2,411150000.0,0.12,0.11990000036425918,49242.49428571429,47075.09733333333,47507.26722222222,0.7003286487518922,76.45999999999913,310.9034579252449,1
2022-12-22,49499.43,49475.43,49525.32,49398.37,132.51M,0.05%,2022,12,22,3,132509999.99999999,0.05,0.04850892655203776,49334.764285714286,47260.31766666667,47504.93355555555,0.6931279411648888,126.94999999999709,-67.77088653775995,1
2022-12-23,49706.09,49499.43,49737.1,49493.53,140.32M,0.42%,2022,12,23,4,140320000.0,0.42,0.4174997570679073,49437.34285714286,47451.56233333333,47505.09933333334,0.6901304332974916,243.5699999999997,5.893894800392441,1
2022-12-28,49934.6,49706.09,49934.6,49695.81,498.73M,0.46%,2022,12,28,2,498730000.0,0.46,0.4597223398581596,49537.56857142857,47655.445,47509.41288888889,0.675268670228794,238.79000000000087,255.42331812998862,1
2022-12-29,50300.0,49934.6,50313.18,49934.6,297.94M,0.73%,2022,12,29,3,297940000.0,0.73,0.7317571383369526,49678.09857142857,47871.83666666667,47519.73933333333,0.671536186477059,378.58000000000175,-40.26026106310028,1
2022-12-30,51251.06,50294.6,51346.08,50247.57,890.15M,1.89%,2022,12,30,4,890150000.0,1.89,1.89077534791251,49940.398571428566,48111.85733333333,47540.90222222221,0.7203079918608873,1098.510000000002,198.76820836410016,1
2023-01-03,51595.66,51251.06,51595.66,51241.36,129.17M,0.67%,2023,1,3,1,129169999.99999999,0.67,0.6723763371918601,50251.75285714286,48364.672000000006,47574.55244444444,0.711895682725577,354.3000000000029,-85.48896253440432,1
2023-01-04,51657.56,51598.35,51668.24,51198.49,265.73M,0.12%,2023,1,4,2,265730000.00000003,0.12,0.11997133092200851,50563.485714285714,48603.49966666668,47607.68833333334,0.7076625687458957,469.75,105.72114268018895,0
2023-01-05,50868.52,51657.56,51785.05,50842.95,138.72M,-1.53%,2023,1,5,3,138720000.0,-1.53,-1.527443417768859,50759.07,48809.05566666667,47621.09555555555,0.7988085349138517,942.1000000000058,-47.79663568283596,1
2023-01-06,51222.34,50868.52,51222.34,50830.51,195.71M,0.70%,2023,1,6,4,195710000.0,0.7,0.6955578813773178,50975.677142857145,49018.82266666667,47638.20877777778,0.8001318309506695,391.82999999999447,41.0827566320646,1
2023-01-09,51700.36,51222.34,51841.05,51207.13,229.22M,0.93%,2023,1,9,0,229220000.0,0.93,0.9332256199150679,51227.92857142857,49201.08900000001,47660.693333333336,0.6599808813213733,633.9200000000055,17.12227275049818,0
2023-01-10,51446.6,51693.08,51712.97,51220.23,345.49M,-0.49%,2023,1,10,1,345490000.0,-0.49,-0.490828303710078,51391.72857142857,49362.47766666666,47680.736777777776,0.6731472681338485,492.73999999999796,50.72419509641393,1
2023-01-11,51729.87,51446.6,51746.32,51369.76,281.80M,0.55%,2023,1,11,2,281800000.0,0.55,0.5506097584680125,51460.130000000005,49501.662000000004,47701.77411111111,0.5932936493849227,376.5599999999977,-18.434686966337665,1
2023-01-12,52048.85,51729.87,52495.11,51696.17,211.69M,0.62%,2023,1,12,3,211690000.0,0.62,0.6166263321365273,51524.87142857142,49655.40866666667,47725.76266666668,0.5876044178179237,798.9400000000023,-24.879347054648683,1
2023-01-13,52512.48,52048.85,52512.48,52048.85,216.92M,0.89%,2023,1,13,4,216920000.0,0.89,0.8907593539530634,51647.00285714285,49828.39233333333,47753.169888888886,0.5873048303138895,463.63000000000466,2.4705937928102495,0
2023-01-16,52348.82,52512.48,52519.61,52348.82,220.65M,-0.31%,2023,1,16,0,220650000.0,-0.31,-0.3116592474779356,51858.474285714285,49984.685000000005,47779.363333333335,0.5951723747768645,170.79000000000087,1.7195279365664673,1
2023-01-17,52701.31,52343.41,52737.72,52329.29,228.49M,0.67%,2023,1,17,1,228490000.0,0.67,0.6733485110075099,52069.75571428571,50152.84066666666,47813.32322222222,0.595439630807226,408.4300000000003,3.5531384545660627,0
2023-01-18,52615.51,52701.31,52718.7,52558.62,217.95M,-0.16%,2023,1,18,2,217950000.0,-0.16,-0.16280430220804165,52200.491428571426,50301.536,47846.43155555555,0.5867337040421459,160.07999999999447,-4.612893343253532,1
2023-01-19,52626.42,52615.51,52631.8,52603.89,129.03M,0.02%,2023,1,19,3,129030000.0,0.02,0.020735330703813837,52369.037142857145,50446.742333333335,47879.4778888889,0.5888354454984216,27.910000000003492,-40.79834824501032,0
2023-01-20,52594.68,52626.42,52642.34,52586.87,443.75M,-0.06%,2023,1,20,4,443750000.0,-0.06,-0.06031191177359174,52492.58142857143,50587.675333333325,47911.695222222224,0.5921169593182127,55.46999999999389,243.91226846469812,1
2023-01-23,52657.69,52594.68,52657.69,52585.64,143.73M,0.12%,2023,1,23,0,143730000.0,0.12,0.11980299148126594,52579.55857142857,50728.71533333333,47945.38011111111,0.5921526198914249,72.05000000000291,-67.61014084507042,0
2023-01-24,52612.55,52657.69,52691.04,52533.14,182.39M,-0.09%,2023,1,24,1,182390000.0,-0.09,-0.0857234717284383,52593.85428571429,50870.29566666667,47978.544888888886,0.5912259059147286,157.90000000000146,26.897655325958404,0
2023-01-25,52599.65,52612.55,52636.48,52477.59,119.79M,-0.02%,2023,1,25,2,119790000.0,-0.02,-0.024518864795564088,52629.68714285714,50994.21966666667,48012.14044444444,0.5745723324846435,158.8900000000067,-34.32205713032512,1
2023-01-26,52752.96,52599.65,52752.96,52599.65,139.68M,0.29%,2023,1,26,3,139680000.0,0.29,0.29146581773833447,52637.065714285716,51122.68233333333,48047.83466666667,0.5732286109524625,153.30999999999767,16.604057099924873,0
2023-01-27,52657.88,52752.96,52753.28,52213.7,171.11M,-0.18%,2023,1,27,4,171110000.0,-0.18,-0.1802363317622402,52643.118571428575,51249.49366666667,48083.19533333334,0.57526857554037,539.5800000000017,22.501431844215357,1
2023-01-30,53157.83,52649.24,53167.11,52639.28,201.36M,0.95%,2023,1,30,0,201360000.0,0.95,0.9494305505652889,52719.03428571428,51388.486666666664,48124.50222222221,0.5892126063727197,527.8300000000017,17.67868622523523,1
2023-01-31,53238.67,53157.49,53299.54,53157.49,250.19M,0.15%,2023,1,31,1,250190000.0,0.15,0.15207543272552915,52811.03285714286,51522.00833333333,48166.65066666666,0.5880396554235575,142.0500000000029,24.250099324592767,1
2023-02-01,53499.68,53238.67,53499.68,53234.31,200.37M,0.49%,2023,2,1,2,200370000.0,0.49,0.4902639378481899,52931.317142857144,51661.45466666667,48211.95922222222,0.589198577276734,265.3700000000026,-19.912866221671532,1
2023-02-02,53998.12,53499.31,53998.12,53483.4,2.87B,0.93%,2023,2,2,3,2870000000.0,0.93,0.9316691240022434,53129.25571428571,51814.22666666666,48265.379,0.6010773366231521,514.7200000000012,1332.350152218396,1
2023-02-03,54213.09,53998.12,54213.09,53994.01,267.99M,0.40%,2023,2,3,4,267990000.0,0.4,0.3981064525950151,53359.74714285714,51974.12366666667,48323.00644444444,0.5987089910975457,219.07999999999447,-90.6623693379791,1
2023-02-06,54367.74,54213.09,54367.74,54206.4,191.64M,0.29%,2023,2,6,0,191640000.0,0.29,0.28526320857196197,53590.43,52137.200666666664,48380.2218888889,0.5976490030576569,161.3399999999965,-28.48986902496362,0
2023-02-07,54299.76,54367.86,54369.44,54236.37,200.04M,-0.13%,2023,2,7,1,200040000.0,-0.13,-0.1250373843017849,53824.98428571429,52297.21166666667,48437.31422222222,0.60116236728419,133.0699999999997,4.383218534752653,1
2023-02-08,54427.05,54299.57,54441.81,54285.38,151.58M,0.23%,2023,2,8,2,151580000.0,0.23,0.23442092561736239,54006.30142857144,52454.577000000005,48495.707,0.6009705559921449,156.4300000000003,-24.2251549690062,0
2023-02-09,54359.9,54427.05,54429.93,54358.2,225.38M,-0.12%,2023,2,9,3,225380000.0,-0.12,-0.12337615211553965,54166.47714285714,52602.08699999999,48555.65222222223,0.6051965851071028,71.7300000000032,48.68716189470908,0
2023-02-10,54327.3,54359.9,54383.13,54301.52,175.66M,-0.06%,2023,2,10,4,175660000.0,-0.06,-0.05997067691441149,54284.70857142857,52736.33033333333,48614.576,0.602308069853232,81.61000000000058,-22.060520010648688,1
2023-02-13,54364.67,54327.3,54378.64,54327.3,140.64M,0.07%,2023,2,13,0,140640000.0,0.07,0.06878677939083921,54337.072857142855,52840.117333333335,48675.519666666674,0.5180417971964044,51.33999999999651,-19.93624046453376,1
2023-02-14,54496.31,54364.67,54542.1,54338.99,177.90M,0.24%,2023,2,14,1,177900000.0,0.24,0.24214255324275236,54377.53285714286,52936.80566666667,48738.40422222222,0.5103572645049128,203.11000000000058,26.493174061433457,1
2023-02-15,54507.66,54496.31,54513.44,54475.44,134.43M,0.02%,2023,2,15,2,134430000.0,0.02,0.020827098201703365,54397.521428571425,53031.808999999994,48818.92388888888,0.5111049256897331,38.0,-24.43507588532884,1
2023-02-16,54521.49,54507.66,54547.2,54506.43,125.85M,0.03%,2023,2,16,3,125850000.0,0.03,0.025372580661131572,54429.19714285714,53153.574666666675,48898.591222222225,0.3983770468524944,40.7699999999968,-6.382503905378267,0
2023-02-17,53804.46,54520.2,54553.73,53804.46,172.90M,-1.32%,2023,2,17,4,172900000.0,-1.32,-1.3151328035972631,54340.25571428571,53239.645333333334,48967.90833333333,0.4787628721985414,749.2700000000041,37.38577671831544,1
2023-02-20,54224.35,53804.46,54229.61,53796.91,154.61M,0.78%,2023,2,20,0,154610000.0,0.78,0.7803999891458746,54320.89142857143,53323.77833333333,49042.269555555555,0.47105988713826424,432.6999999999971,-10.578368999421627,0
2023-02-21,54189.31,54224.35,54224.54,54182.61,129.11M,-0.06%,2023,2,21,1,129110000.00000001,-0.06,-0.06462041499806226,54301.17857142857,53415.202000000005,49116.32433333334,0.45696810436720003,41.93000000000029,-16.49311170040747,1
2023-02-22,54315.53,54189.31,54315.53,54182.36,129.85M,0.23%,2023,2,22,2,129850000.0,0.23,0.2329241689920103,54294.15857142857,53501.390666666666,49191.28533333333,0.4515961421461384,133.16999999999825,0.5731546743087179,1
2023-02-23,54646.38,54315.53,54646.38,54315.42,142.04M,0.61%,2023,2,23,3,142040000.0,0.61,0.609125971890534,54315.59714285714,53587.975,49283.29011111111,0.45133875060519896,330.9599999999991,9.387755102040817,1
2023-02-24,54949.21,54811.59,54955.12,54787.29,119.09M,0.55%,2023,2,24,4,119090000.0,0.55,0.5541629655980929,54378.67571428571,53669.19933333333,49389.76666666667,0.43657740854627924,167.83000000000175,-16.157420444945082,1
2023-02-27,55328.42,54949.21,55334.96,54941.76,149.77M,0.69%,2023,2,27,0,149770000.0,0.69,0.6901100125006332,54493.95142857143,53768.51933333334,49512.103,0.43818053550198727,393.1999999999971,25.762028717776463,1
2023-02-28,55806.26,55328.42,55819.41,55322.01,237.09M,0.86%,2023,2,28,1,237090000.0,0.86,0.8636429523922962,54779.92285714286,53872.01766666667,49639.592444444446,0.4467773854245198,497.40000000000146,58.3027308539761,0
2023-03-01,55508.61,55806.26,55985.47,55385.9,232.58M,-0.53%,2023,3,1,2,232580000.0,-0.53,-0.5333631029923902,54963.388571428564,53968.45433333333,49763.05777777778,0.4617938991266896,599.5699999999997,-1.9022312202117364,1
2023-03-02,55670.24,55510.1,55670.24,55281.94,205.66M,0.29%,2023,3,2,3,205660000.0,0.29,0.2911800529683539,55174.950000000004,54069.915,49887.597888888886,0.46122478528321886,388.29999999999563,-11.574511995872383,0
2023-03-03,55529.21,55670.08,55710.62,55529.21,184.24M,-0.25%,2023,3,3,4,184240000.0,-0.25,-0.2533310436599545,55348.33285714286,54167.73266666667,50006.94311111111,0.46613732465191765,181.4100000000035,-10.415248468345817,1
2023-03-06,55605.57,55529.21,55645.51,55515.15,123.54M,0.14%,2023,3,6,0,123540000.0,0.14,0.13751321151516116,55485.36,54265.99533333333,50126.340777777776,0.46606679210106877,130.36000000000058,-32.94615718627877,0
2023-03-07,55603.94,55605.57,55623.29,55522.41,159.46M,0.00%,2023,3,7,1,159460000.0,0.0,-0.0029313610129255707,55578.892857142855,54365.708333333336,50248.327000000005,0.4646650458148811,100.87999999999738,29.07560304354866,1
2023-03-08,55801.14,55603.94,55820.42,55596.67,152.74M,0.35%,2023,3,8,2,152740000.0,0.35,0.3546511272402686,55646.42428571428,54472.424666666666,50380.421444444444,0.46391036103562333,223.75,-4.214223002633888,1
2023-03-09,55822.14,55801.14,55830.28,55629.24,311.47M,0.04%,2023,3,9,3,311470000.0,0.04,0.037633639742851166,55648.69285714285,54574.73066666666,50513.566555555546,0.4644648148241315,201.04000000000087,103.92169700144036,0
2023-03-10,55794.51,55822.14,55827.87,55779.25,275.92M,-0.05%,2023,3,10,4,275920000.0,-0.05,-0.04949649010230761,55689.53571428572,54679.284999999996,50647.4418888889,0.4614775945722391,48.62000000000262,-11.413619289177124,0
2023-03-13,55788.37,55794.51,55926.89,55788.37,179.03M,-0.01%,2023,3,13,0,179030000.0,-0.01,-0.011004666946623498,55706.41142857143,54766.96966666667,50775.2791111111,0.4400879895343076,138.5199999999968,-35.115250797332564,0
2023-03-14,55722.9,55788.37,55788.37,55693.39,199.27M,-0.12%,2023,3,14,1,199270000.0,-0.12,-0.11735420841297861,55734.08142857143,54849.777333333324,50902.90355555556,0.4430381908893475,94.9800000000032,11.30536781544993,0
2023-03-15,55490.2,55722.9,55722.99,55441.6,181.04M,-0.42%,2023,3,15,2,181040000.0,-0.42,-0.41760209895752576,55717.59999999999,54916.128,51027.58155555555,0.4501618155364625,281.3899999999994,-9.148391629447483,0
2023-03-16,54915.61,55490.2,55490.2,54844.29,137.28M,-1.04%,2023,3,16,3,137280000.0,-1.04,-1.0354801388353208,55619.26714285715,54946.711,51145.87244444445,0.4710652632694022,645.9099999999962,-24.1714538223597,1
2023-03-17,54935.2,54915.61,54948.43,54913.86,156.97M,0.04%,2023,3,17,4,156970000.0,0.04,0.03567291704489328,55495.561428571425,54970.78133333333,51273.35688888889,0.466648998944925,34.56999999999971,14.342948717948723,0
2023-03-20,54888.48,54915.39,54997.28,54856.36,1.17B,-0.09%,2023,3,20,0,1170000000.0,-0.09,-0.08504565378845141,55362.18142857143,54988.13933333333,51400.145777777776,0.46497380355870593,140.91999999999825,645.3653564375359,1
2023-03-21,54904.68,54886.04,54921.85,54880.02,127.74M,0.03%,2023,3,21,1,127740000.0,0.03,0.029514389904772287,55235.06285714286,55008.30333333334,51521.94422222221,0.4640196188002216,41.830000000001746,-89.08205128205128,1
2023-03-22,54936.11,54904.68,54959.44,54904.68,134.15M,0.06%,2023,3,22,2,134150000.0,0.06,0.05724466475354184,55113.311428571425,55025.272,51643.80377777778,0.462558379424823,54.76000000000204,5.0180053233129795,0
2023-03-23,54924.08,54936.11,54951.96,54919.5,117.85M,-0.02%,2023,3,23,3,117850000.0,-0.02,-0.021898164977462997,54999.194285714286,55044.078,51767.20333333333,0.46175275227967505,32.45999999999913,-12.150577711516963,0
2023-03-24,54892.53,54924.08,54944.3,54314.52,137.56M,-0.06%,2023,3,24,4,137560000.0,-0.06,-0.057442928493300904,54913.81285714286,55062.919,51890.361999999994,0.4617349691794509,629.7800000000061,16.724649978786598,0
2023-03-27,53750.77,54780.44,54780.44,53750.77,100.88M,-2.08%,2023,3,27,0,100880000.0,-2.08,-2.079991576267304,54747.40714285714,55042.45566666667,51998.143444444446,0.6018144054190541,1029.6700000000055,-26.664728118639136,0
2023-03-28,53498.27,53750.77,53876.52,53498.27,202.85M,-0.47%,2023,3,28,1,202850000.0,-0.47,-0.4697607122651437,54542.13142857143,55009.18766666667,52103.55511111111,0.6044948314901256,378.25,101.08049167327518,1
2023-03-29,53603.8,53124.63,53668.06,53124.16,236.06M,0.20%,2023,3,29,2,236060000.0,0.2,0.19725871509490567,54358.60571428571,54979.059,52204.78922222222,0.6061623922969124,543.8999999999942,16.371703228986934,1
2023-03-30,54413.21,53603.8,54413.21,53603.8,973.58M,1.51%,2023,3,30,3,973580000.0,1.51,1.5099862323193491,54288.39571428572,54975.44966666666,52312.693333333336,0.6700911673411293,809.4099999999962,312.4290434635262,1
2023-03-31,54857.96,54413.21,54869.86,54413.21,557.93M,0.82%,2023,3,31,4,557930000.0,0.82,0.8173566676180188,54277.23142857143,55010.566333333336,52423.01144444445,0.638628021543392,456.65000000000146,-42.69294767764333,0
2023-04-03,54190.28,54232.34,54236.59,54186.51,292.56M,-1.22%,2023,4,3,0,292560000.0,-1.22,-1.217106870178919,54172.40285714286,55009.430666666674,52511.43266666666,0.6652212241902445,50.07999999999447,-47.563314394278855,0
2023-04-04,54082.96,54187.48,54206.0,54051.37,296.68M,-0.20%,2023,4,4,1,296680000.0,-0.2,-0.19804289625371396,54056.75,55005.88566666667,52594.52177777778,0.6661139131433842,154.62999999999738,1.4082581350834067,0
2023-04-05,53018.97,54035.39,54041.08,53003.51,197.21M,-1.97%,2023,4,5,2,197210000.0,-1.97,-1.9673294509028327,53952.20714285714,54962.667,52655.239888888886,0.7543652686432539,1037.5699999999997,-33.52770661992719,0
2023-04-06,52994.13,53018.97,53031.41,52991.04,266.95M,-0.05%,2023,4,6,3,266950000.0,-0.05,-0.04685115535062456,53880.18714285714,54907.592,52716.99188888889,0.7431937297300252,40.37000000000262,35.36331829014756,0
2023-04-11,51952.99,52994.13,52997.1,51945.98,1.72B,-1.96%,2023,4,11,1,1720000000.0,-1.96,-1.9646326866768038,53644.357142857145,54807.71799999999,52768.436555555556,0.8063800815136121,1051.1199999999953,544.3154148716987,1
2023-04-12,51953.41,51952.99,51960.77,51935.95,255.16M,0.00%,2023,4,12,2,255160000.0,0.0,0.0008084231533311836,53292.95714285714,54695.21766666667,52816.14066666666,0.7902872928369494,24.81999999999971,-85.16511627906976,0
2023-04-13,51944.58,51953.41,51981.35,51941.27,302.92M,-0.02%,2023,4,13,3,302920000.0,-0.02,-0.016995996990387674,52876.76,54566.494999999995,52863.78444444444,0.7651200168870618,40.080000000001746,18.717667345978995,0
2023-04-14,51903.61,51944.58,51954.9,51886.65,260.70M,-0.08%,2023,4,14,4,260700000.0,-0.08,-0.07887252144497259,52550.09285714285,54446.32833333334,52905.43955555555,0.7635248047379057,68.25,-13.937673313085963,0
2023-04-17,51120.94,51709.5,51710.82,51095.23,226.59M,-1.51%,2023,4,17,0,226590000.0,-1.51,-1.5079297952493076,52126.94714285714,54294.685000000005,52937.114111111114,0.7920514145522527,615.5899999999965,-13.08400460299195,1
2023-04-18,51134.85,51127.38,51144.76,51105.04,1.03B,0.03%,2023,4,18,1,1030000000.0,0.03,0.027209984792908593,51857.787142857145,54148.20633333333,52967.87144444444,0.7940394874980418,39.720000000001164,354.56551480647863,1
2023-04-19,51209.01,51138.92,51209.01,51138.92,216.53M,0.15%,2023,4,19,2,216530000.0,0.15,0.145028292837468,51602.770000000004,54001.65433333334,52998.78833333334,0.794174101646779,70.09000000000378,-78.97766990291262,1
2023-04-20,51355.74,51237.16,51363.29,51019.11,600.77M,0.29%,2023,4,20,3,600770000.0,0.29,0.28653160840250713,51517.44857142858,53860.047666666665,53032.01722222222,0.7992866656311366,344.1800000000003,177.45347065071812,1
2023-04-25,51681.01,51407.96,51681.55,51407.96,541.96M,0.63%,2023,4,25,1,541960000.0,0.63,0.6333663968234315,51478.53428571428,53722.71,53063.11811111111,0.8082644373712833,273.5900000000038,-9.789103983221537,1
2023-04-26,52097.62,51608.39,52108.38,51605.13,1.48B,0.81%,2023,4,26,2,1480000000.0,0.81,0.8061181466848311,51500.397142857146,53598.55933333333,53098.65744444444,0.8296604855545501,503.25,173.08288434570818,1
2023-04-27,52235.88,52097.62,52308.3,52084.74,2.33B,0.27%,2023,4,27,3,2330000000.0,0.27,0.2653864034479758,51547.86428571429,53479.93833333334,53136.238999999994,0.8339584176149945,223.56000000000495,57.432432432432435,1
2023-04-28,52403.51,52235.88,52468.51,52223.82,472.13M,0.32%,2023,4,28,4,472130000.0,0.32,0.3209096888958429,51731.08857142857,53367.10966666667,53174.18866666666,0.8389593398687598,244.69000000000233,-79.73690987124463,0
2023-05-02,52299.24,52406.88,52426.46,52088.98,418.40M,-0.20%,2023,5,2,1,418400000.0,-0.2,-0.19897522131628875,51897.43,53252.98766666667,53208.25777777778,0.8387976451228905,337.4799999999959,-11.380340160548997,0
2023-05-03,52207.77,52296.48,52300.31,52172.84,670.08M,-0.17%,2023,5,3,2,670080000.0,-0.17,-0.17489737900588942,52040.10999999999,53143.57333333334,53240.38533333334,0.8378734564811091,127.47000000000116,60.1529636711281,1
2023-05-04,52290.75,52207.77,52308.82,52207.77,770.12M,0.16%,2023,5,4,3,770120000.0,0.16,0.15894185865437116,52173.682857142856,53056.078,53272.338555555565,0.8250662738986985,101.05000000000291,14.929560649474682,1
2023-05-05,52466.52,52290.75,52469.78,52273.06,482.58M,0.34%,2023,5,5,4,482580000.0,0.34,0.33613975703159493,52285.89857142857,52973.788666666675,53306.23122222222,0.8293338073562243,196.72000000000116,-37.33703838362853,1
2023-05-08,52579.52,52465.33,52622.37,52465.33,511.37M,0.22%,2023,5,8,0,511370000.0,0.22,0.2153754432350441,52354.74142857142,52896.823333333334,53340.72111111112,0.8319522810962267,157.04000000000087,5.965850221724889,1
2023-05-09,52606.51,52576.26,52658.89,52551.76,640.95M,0.05%,2023,5,9,1,640950000.0,0.05,0.05133177328360272,52407.68857142857,52820.21766666666,53375.24422222223,0.83211489621549,107.12999999999738,25.33977354948471,0
2023-05-10,52209.31,52605.41,52684.07,52077.15,554.31M,-0.76%,2023,5,10,2,554310000.0,-0.76,-0.7550396329275677,52379.94571428571,52729.32433333333,53403.05777777777,0.8386965726325882,606.9199999999983,-13.517435057336769,0
2023-05-11,52161.24,52202.53,52251.68,52100.03,477.27M,-0.09%,2023,5,11,3,477270000.0,-0.09,-0.09207170138811893,52360.23142857143,52637.229666666666,53427.79822222222,0.838378225123332,151.65000000000146,-13.898360123396658,1
2023-05-12,52214.62,52162.14,52215.66,52159.75,1.42B,0.10%,2023,5,12,4,1420000000.0,0.1,0.10233652420841288,52361.21,52547.966,53449.071777777775,0.8396144959752863,55.91000000000349,197.52550966957907,1
2023-05-15,52231.29,52214.62,52250.73,52212.44,626.39M,0.03%,2023,5,15,0,626390000.0,0.03,0.03192592419516416,52352.71571428572,52497.316666666666,53459.96322222223,0.7579170622012453,38.29000000000087,-55.88802816901408,1
2023-05-16,52419.33,52231.29,52436.45,52231.29,576.85M,0.36%,2023,5,16,1,576850000.0,0.36,0.3600140835120058,52345.974285714285,52461.35199999999,53469.11511111112,0.7588243394142463,205.15999999999622,-7.908810804770194,1
2023-05-17,52580.86,52417.09,52636.93,52417.09,680.80M,0.31%,2023,5,17,2,680800000.0,0.31,0.308149684477077,52346.16571428572,52427.254,53479.37399999999,0.7604147740229861,219.84000000000378,18.020282569125424,0
2023-05-18,52109.43,52063.21,52139.51,52044.02,334.24M,-0.90%,2023,5,18,3,334240000.0,-0.9,-0.896580999245733,52275.154285714285,52350.46133333333,53493.16188888889,0.7144792213043776,95.49000000000524,-50.9048178613396,1
2023-05-19,52187.93,52109.45,52187.93,52064.86,584.66M,0.15%,2023,5,19,4,584660000.0,0.15,0.15064451866004802,52272.1,52261.46033333333,53503.890666666666,0.6936885597308516,123.06999999999971,74.9222115844902,1
2023-05-22,52369.13,52187.93,52369.13,52145.28,315.68M,0.35%,2023,5,22,0,315680000.0,0.35,0.34720672002126474,52301.798571428575,52200.75533333333,53511.32144444444,0.6701808690475004,223.84999999999854,-46.00622584065953,1
2023-05-23,52621.19,52374.89,52621.19,52361.95,350.97M,0.48%,2023,5,23,1,350970000.0,0.48,0.48131408713492085,52359.88,52152.02966666666,53524.37244444445,0.6785874429481762,259.24000000000524,11.179042067916889,1
2023-05-24,52927.6,52621.19,52942.62,52581.88,455.18M,0.58%,2023,5,24,2,455180000.0,0.58,0.5822939390006221,52459.352857142854,52148.984000000004,53537.680555555555,0.5889798003378135,360.74000000000524,29.6919964669345,0
2023-05-25,52821.64,52927.6,52928.28,52723.15,377.14M,-0.20%,2023,5,25,3,377140000.0,-0.2,-0.2001980063331743,52516.82571428571,52143.234333333334,53546.26711111111,0.5900284622660622,205.12999999999738,-17.14486576738873,1
2023-05-26,52973.88,52821.6,52991.18,52415.13,461.78M,0.29%,2023,5,26,4,461780000.0,0.29,0.2882152087666956,52572.97142857143,52177.264,53551.39377777778,0.4620534864104939,576.0500000000029,22.442594262077755,1
2023-05-30,55745.74,52973.88,55745.74,52973.88,1.08B,5.23%,2023,5,30,1,1080000000.0,5.23,5.232503263872679,53092.444285714286,52303.675,53589.137333333325,1.049930500624891,2771.8600000000006,133.87760405387846,1
2023-05-31,55769.28,55741.49,55800.21,55436.5,661.51M,0.04%,2023,5,31,2,661510000.0,0.04,0.04222744195341299,53604.065714285716,52431.16500000001,53623.22588888889,1.0494856000066817,363.7099999999991,-38.74907407407407,1
2023-06-01,55808.25,55769.91,55832.68,55713.6,390.22M,0.07%,2023,6,1,3,390220000.0,0.07,0.06987717969462182,54095.368571428575,52561.31966666667,53658.70077777778,1.0482666302951154,119.08000000000175,-41.01071790297954,1
2023-06-02,55822.82,55808.25,55828.59,55570.81,455.76M,0.03%,2023,6,2,4,455760000.0,0.03,0.02610725116805046,54552.74428571428,52718.049,53694.21633333333,0.9957988546095163,257.77999999999884,16.795653733791195,0
2023-06-05,55807.09,55820.5,55820.5,55694.52,369.75M,-0.03%,2023,6,5,0,369750000.0,-0.03,-0.028178440286608097,54964.1,52873.79033333333,53729.90977777778,0.9963701422896404,125.9800000000032,-18.871774618220115,1
2023-06-06,56038.85,55806.71,56038.85,55768.37,322.49M,0.42%,2023,6,6,1,322490000.0,0.42,0.415287734945502,55423.701428571425,53034.784999999996,53767.47822222222,0.9961748295978147,270.4799999999959,-12.7816091954023,0
2023-06-07,56025.56,56038.85,56089.52,56006.8,397.62M,-0.02%,2023,6,7,2,397620000.0,-0.02,-0.02371569009713692,55859.65571428571,53190.44566666666,53805.400555555556,0.9979877218384974,82.71999999999389,23.29684641384229,0
2023-06-08,55956.59,56024.83,56030.97,55361.68,531.78M,-0.12%,2023,6,8,3,531780000.0,-0.12,-0.12310452586283827,55889.77714285714,53332.965,53842.69988888889,0.9987052535853531,669.2900000000009,33.74075750716765,0
2023-06-09,55930.97,55956.59,55998.75,55867.98,574.63M,-0.05%,2023,6,9,4,574630000.0,-0.05,-0.04578549193221537,55912.87571428571,53460.74333333333,53878.01111111111,0.9950400090092861,130.7699999999968,8.057843469103766,1
2023-06-13,58163.55,55930.97,58195.59,55930.97,1.19B,3.99%,2023,6,13,1,1190000000.0,3.99,3.991670446623763,56249.34714285714,53658.33233333333,53939.18522222222,1.2079156435003164,2264.6199999999953,107.0897795102936,1
2023-06-14,59985.1,58163.76,60072.73,58163.76,1.30B,3.13%,2023,6,14,2,1300000000.0,3.13,3.1317723900965433,56843.958571428564,53911.051999999996,54015.043777777784,1.309092644125065,1908.9700000000012,9.243697478991585,0
2023-06-15,59195.21,59985.1,60442.12,59121.7,1.17B,-1.32%,2023,6,15,3,1170000000.0,-1.32,-1.316810341234742,57327.97571428572,54140.91766666667,54081.22755555556,1.3439263649027005,1320.4200000000055,-9.999999999999998,0
2023-06-16,59000.96,59195.21,59233.16,58897.65,622.42M,-0.33%,2023,6,16,4,622420000.0,-0.33,-0.32815155145154984,57751.13428571429,54367.35733333333,54142.35288888888,1.346563098476113,335.51000000000204,-46.8017094017094,1
2023-06-19,59016.12,59000.96,59227.72,58925.92,892.95M,0.03%,2023,6,19,0,892950000.0,0.03,0.025694497174288955,58178.357142857145,54591.53633333333,54198.10844444444,1.3476633697677238,301.8000000000029,43.4642203014042,1
2023-06-20,59110.02,59014.85,59125.75,59012.15,588.84M,0.16%,2023,6,20,1,588840000.0,0.16,0.15910907053868772,58628.84714285714,54812.98633333333,54252.518777777776,1.3483974644408723,113.59999999999854,-34.05677809507811,1
2023-06-21,59323.95,59110.6,59399.54,59097.09,643.03M,0.36%,2023,6,21,2,643030000.0,0.36,0.3619183346579735,59113.55857142858,55037.80066666667,54307.58777777777,1.3479455219646093,302.45000000000437,9.202839481013525,1
2023-06-22,59361.6,59324.99,59373.28,59279.36,615.91M,0.06%,2023,6,22,3,615910000.0,0.06,0.06346509293464475,59284.708571428564,55262.97033333334,54363.83044444444,1.347835493364605,93.91999999999825,-4.217532619006892,0
2023-06-23,59206.63,59211.26,59252.78,59164.94,627.87M,-0.26%,2023,6,23,4,627870000.0,-0.26,-0.2610610226139509,59173.49857142857,55496.21433333333,54416.93688888889,1.3360515908093105,87.83999999999651,1.9418421522624962,1
2023-06-26,59338.76,59208.11,59500.39,59197.74,552.68M,0.22%,2023,6,26,0,552680000.0,0.22,0.22316757430713707,59194.00571428571,55735.465,54472.25755555555,1.3330521515347367,302.65000000000146,-11.975408922229125,1
2023-06-27,60109.41,59332.61,60109.41,59315.04,763.69M,1.30%,2023,6,27,1,763690000.0,1.3,1.2987295319282,59352.35571428571,55998.62466666666,54536.50322222222,1.3405067099698071,794.3700000000026,38.17941666063545,1
2023-06-30,60968.27,60109.02,60968.82,60109.02,998.08M,1.43%,2023,6,30,4,998080000.0,1.43,1.4288278657201836,59631.23428571429,56289.85733333333,54609.87655555555,1.34868078128174,859.8000000000029,30.69177283976483,1
2023-07-03,61948.99,60991.12,61962.7,60991.12,1.21B,1.61%,2023,7,3,0,1210000000.0,1.61,1.6085744273209635,60036.80142857142,56607.51266666667,54692.68411111111,1.3625912094097734,971.5799999999945,21.232766912471956,0
2023-07-04,60715.04,61949.24,61949.24,60713.56,1.11B,-1.99%,2023,7,4,1,1110000000.0,-1.99,-1.9918807392985682,60235.528571428564,56878.652,54761.655,1.4401628807684355,1235.6800000000003,-8.264462809917351,1
2023-07-05,61523.57,60720.02,61572.41,60705.92,846.32M,1.33%,2023,7,5,2,846320000.0,1.33,1.3316799264234902,60544.381428571425,57192.456666666665,54839.45588888889,1.4235260494247632,866.4900000000052,-23.754954954954954,1
2023-07-06,62019.88,61536.76,62048.05,61509.0,5.44B,0.81%,2023,7,6,3,5440000000.0,0.81,0.8066989610648445,60946.27428571428,57520.18833333334,54930.738333333335,1.4219840813934264,539.0500000000029,542.7828717270064,1
2023-07-07,63040.87,62023.17,63040.87,62023.17,1.23B,1.65%,2023,7,7,4,1230000000.0,1.65,1.6462302087653313,61475.14714285714,57875.91299999999,55028.699666666675,1.434169573404443,1017.7000000000044,-77.38970588235294,1
2023-07-10,64603.69,63040.41,64674.08,63040.41,1.84B,2.48%,2023,7,10,0,1840000000.0,2.48,2.4790584267000204,62117.18714285714,58275.329666666665,55144.41499999999,1.4728903603726835,1633.6699999999983,49.59349593495934,1
2023-07-11,65669.29,64603.69,65999.97,64516.55,844.72M,1.65%,2023,7,11,1,844720000.0,1.65,1.6494413863975765,62788.76142857142,58700.05266666666,55270.567888888894,1.4828900465726393,1483.4199999999983,-54.09130434782609,0
2023-07-12,64046.93,65669.29,65669.29,63880.87,1.16B,-2.47%,2023,7,12,2,1160000000.0,-2.47,-2.4705002901660666,63088.467142857146,59074.22900000001,55375.01844444444,1.5864223155679715,1788.419999999991,37.32361019035893,0
2023-07-13,62748.94,64046.61,64095.69,62729.77,798.47M,-2.03%,2023,7,13,3,798470000.0,-2.03,-2.026623290140528,63379.02428571428,59400.06433333333,55461.682111111106,1.6595557294307646,1365.9200000000055,-31.166379310344826,0
2023-07-14,62569.73,62748.94,63076.58,62441.33,600.49M,-0.29%,2023,7,14,4,600490000.0,-0.29,-0.2855984499499087,63528.47571428572,59627.530666666666,55542.1411111111,1.4135962864471647,635.25,-24.79492028504515,1
2023-07-17,62943.35,62569.73,63272.79,62439.22,710.02M,0.60%,2023,7,17,0,710020000.0,0.6,0.5971257986889134,63660.4,59866.66633333333,55621.442111111115,1.4124473907091069,833.5699999999997,18.240103915135975,1
2023-07-18,63766.72,62943.35,63766.72,62895.72,868.80M,1.31%,2023,7,18,1,868800000.0,1.31,1.308112771245895,63764.09285714286,60131.94866666666,55713.19888888888,1.4201227064704611,871.0,22.3627503450607,0
2023-07-19,63757.23,63766.72,63835.33,63580.77,473.49M,-0.01%,2023,7,19,2,473490000.0,-0.01,-0.014882371243174486,63643.17,60396.429000000004,55803.05433333334,1.4205692695440024,254.56000000000495,-45.5006906077348,1
2023-07-20,63930.72,63757.23,63930.72,63745.52,1.36B,0.27%,2023,7,20,3,1360000000.0,0.27,0.2721103159594618,63394.802857142866,60667.21666666667,55896.40444444445,1.418112772265671,185.20000000000437,187.22887494984053,1
2023-07-21,65003.39,63938.12,65015.76,63938.12,770.78M,1.68%,2023,7,21,4,770780000.0,1.68,1.677863161872728,63531.439999999995,60966.03466666667,56000.82466666667,1.4352582375103384,1077.6399999999994,-43.325,1
2023-07-24,65268.28,65012.97,65268.28,64892.11,831.50M,0.41%,2023,7,24,0,831500000.0,0.41,0.4075018241356254,63891.345714285715,61274.12533333334,56108.206222222216,1.431928073809195,376.16999999999825,7.877734243234125,1
2023-07-25,65991.02,65268.28,66017.94,65072.82,553.52M,1.11%,2023,7,25,1,553520000.0,1.11,1.1073372854317753,64380.101428571434,61608.60633333333,56221.427111111116,1.4304891919194587,945.1200000000026,-33.43114852675887,0
2023-07-26,65687.16,65992.29,66009.8,65549.37,500.40M,-0.46%,2023,7,26,2,500400000.0,-0.46,-0.46045658939656287,64772.07428571429,61933.812666666665,56331.03844444444,1.4385369278219244,460.43000000000757,-9.596762537939007,0
2023-07-27,65482.91,65687.16,65730.63,65436.85,509.25M,-0.31%,2023,7,27,3,509250000.0,-0.31,-0.310943569489075,65017.24428571429,62177.791333333334,56438.68733333333,1.2901269681366523,293.7800000000061,1.7685851318944845,0
2023-07-28,65056.39,65482.91,65482.91,64957.85,459.77M,-0.65%,2023,7,28,4,459770000.0,-0.65,-0.6513455190064188,65202.83857142857,62346.83433333333,56541.665333333345,1.1957355015680042,525.060000000005,-9.716249386352482,0
2023-07-31,64337.52,65056.39,65075.94,64296.31,673.42M,-1.10%,2023,7,31,0,673420000.0,-1.1,-1.1049952203004199,65260.95285714285,62518.24466666666,56637.38333333333,1.186585331446052,779.6300000000047,46.46888661722166,0
2023-08-01,64192.2,64337.3,64340.24,64003.17,762.10M,-0.23%,2023,8,1,1,762100000.0,-0.23,-0.22587131117269843,65145.06857142858,62691.28599999999,56734.072222222225,1.1849089814607625,337.0699999999997,13.168602061120849,1
2023-08-02,64267.36,64193.38,64301.59,63773.76,330.77M,0.12%,2023,8,2,2,330770000.0,0.12,0.11708587647720758,65002.08,62866.327333333335,56837.98055555554,1.1843279320469366,527.8299999999945,-56.59755937541004,1
2023-08-03,65263.06,64267.36,65323.2,64267.36,445.28M,1.55%,2023,8,3,3,445280000.0,1.55,1.5493090116040165,64898.08571428571,63071.42866666667,56952.73455555556,1.2059758636574573,1055.8399999999965,34.619221815763225,0
2023-08-04,65198.08,65263.06,65309.66,64910.29,363.14M,-0.10%,2023,8,4,4,363140000.0,-0.1,-0.09956627838166865,64828.217142857146,63267.233,57067.28566666666,1.2085962752653079,399.3700000000026,-18.44681997844053,1
2023-08-07,65336.8,65198.08,65340.27,65192.01,334.33M,0.21%,2023,8,7,0,334330000.0,0.21,0.21276700172765395,64807.34428571428,63466.40633333333,57183.19811111111,1.2078008900108157,148.25999999999476,-7.933579335793361,0
2023-08-08,65309.65,65336.71,65393.68,65212.96,317.81M,-0.04%,2023,8,8,1,317810000.0,-0.04,-0.041553917547232366,64843.524285714295,63669.84033333334,57298.45966666667,1.2047750006004299,180.72000000000116,-4.941225735052191,0
2023-08-09,64167.39,65385.45,65396.93,64167.39,238.04M,-1.75%,2023,8,9,2,238040000.0,-1.75,-1.7489911521498036,64819.22000000001,63830.79466666667,57401.163111111106,1.2634409880332145,1229.5400000000009,-25.099902457443125,1
2023-08-10,65205.35,64167.39,65205.35,64154.19,361.20M,1.62%,2023,8,10,3,361200000.0,1.62,1.6175817654419111,64963.955714285716,64000.65933333334,57515.75,1.2737028943475954,1051.1599999999962,51.73920349521089,1
2023-08-11,65325.37,65204.82,65352.7,65189.91,489.69M,0.18%,2023,8,11,4,489690000.0,0.18,0.18406465113676163,65115.1,64145.89599999999,57644.35666666666,1.2551093294151672,162.7899999999936,35.57308970099668,0
2023-08-14,65210.49,65325.37,65358.76,65183.22,259.04M,-0.18%,2023,8,14,0,259040000.00000003,-0.18,-0.17585816965139944,65107.590000000004,64254.61266666666,57774.49244444445,1.229946291960294,175.54000000000087,-47.10122730707182,0
2023-08-15,64928.98,65023.8,65028.46,64860.22,280.47M,-0.43%,2023,8,15,1,280470000.0,-0.43,-0.4316943485626279,65069.147142857146,64395.07733333333,57900.32777777778,1.1663518721518202,168.23999999999796,8.272853613341557,0
2023-08-16,64625.28,64928.98,65128.21,64549.58,291.68M,-0.47%,2023,8,16,2,291680000.0,-0.47,-0.4677418311515247,64967.50142857143,64498.46766666667,58013.795222222216,1.1539728728504732,578.6299999999974,3.996862409526858,1
2023-08-17,64663.78,64625.28,64663.78,64452.84,320.35M,0.06%,2023,8,17,3,320350000.0,0.06,0.05957420996860474,64875.23428571429,64586.59766666666,58122.74877777777,1.1478154727629748,210.94000000000233,9.829264947888095,1
2023-08-18,64743.96,64469.75,64784.47,64450.4,537.58M,0.12%,2023,8,18,4,537580000.0,0.12,0.12399522576627131,64957.60142857143,64643.367333333335,58240.01188888889,1.112287502089708,334.0699999999997,67.81020758545341,1
2023-08-21,65202.41,64721.09,65202.41,64690.33,231.60M,0.71%,2023,8,21,0,231600000.0,0.71,0.7080969406258131,64957.18142857143,64663.324666666675,58363.56133333334,1.0249557575195574,512.0800000000017,-56.91804010565868,1
2023-08-22,65488.67,65198.74,65672.68,65191.01,293.46M,0.44%,2023,8,22,1,293460000.0,0.44,0.43903285169979434,64980.51,64657.304000000004,58502.11355555555,0.982177827897035,481.669999999991,26.709844559585495,1
2023-08-23,65492.92,65488.67,65567.61,65416.76,348.32M,0.01%,2023,8,23,2,348320000.0,0.01,0.006489672182996564,65020.857142857145,64705.503666666664,58640.988999999994,0.864829725196891,150.84999999999854,18.694200231718128,0
2023-08-24,65401.82,65493.1,66185.04,65374.39,583.09M,-0.14%,2023,8,24,3,583090000.0,-0.14,-0.13909900490006732,65088.40571428572,64793.933,58790.42044444444,0.7698785231671275,810.6499999999942,67.40066605420303,1
2023-08-25,65558.91,65401.82,65585.28,65401.82,356.02M,0.24%,2023,8,25,4,356020000.0,0.24,0.24019209251364693,65221.78142857143,64893.57233333333,58941.59266666668,0.765806587929072,183.45999999999913,-38.942530312644706,1
2023-08-28,66151.38,65558.91,66151.38,65558.91,311.12M,0.90%,2023,8,28,0,311120000.0,0.9,0.9037215536377818,65434.295714285705,65000.506666666675,59099.446,0.7738652749923792,592.4700000000012,-12.611651030840964,1
2023-08-29,66490.34,66153.23,66554.58,66153.23,436.95M,0.51%,2023,8,29,1,436950000.0,0.51,0.5124004971627016,65683.77857142857,65091.293999999994,59261.520777777776,0.7466237604252954,401.3500000000058,40.444201594240155,0
2023-08-30,66439.53,66490.34,66649.93,66359.67,637.19M,-0.08%,2023,8,30,2,637190000.0,-0.08,-0.07641711562912379,65860.51,65180.704,59431.727333333336,0.7471545335952655,290.25999999999476,45.82675363313879,1
2023-08-31,66548.99,66439.53,66548.99,66225.71,620.95M,0.16%,2023,8,31,3,620950000.0,0.16,0.16475131597109005,66011.9842857143,65267.979666666666,59602.99555555555,0.7467577080137409,323.27999999999884,-2.5486903435396058,1
2023-09-01,67527.19,66548.99,67527.19,66120.9,503.75M,1.47%,2023,9,1,4,503750000.0,1.47,1.4698945844257016,66302.5942857143,65352.10633333334,59784.30866666667,0.7327909593683974,1406.2900000000081,-18.874305499637657,1
2023-09-04,68279.14,67568.03,68302.55,67568.03,744.76M,1.11%,2023,9,4,0,744760000.0,1.11,1.1135514449809092,66713.64,65452.46833333334,59972.34644444444,0.7530798796571033,734.5200000000041,47.84317617866005,1
2023-09-05,68334.68,68279.5,68457.06,68156.5,557.80M,0.08%,2023,9,5,1,557800000.0,0.08,0.08134255938196944,67110.17857142857,65530.59033333333,60157.38722222223,0.731234182973064,300.5599999999977,-25.103389011225097,0
2023-09-06,68286.28,68325.27,68347.52,67624.46,378.65M,-0.07%,2023,9,6,2,378650000.0,-0.07,-0.07082787246532884,67415.16428571429,65617.22766666667,60337.26122222222,0.7240123247718105,723.0599999999977,-32.11724632484761,0
2023-09-07,68082.11,68286.28,68316.4,67969.08,378.09M,-0.30%,2023,9,7,3,378090000.0,-0.3,-0.29899124685075495,67642.56,65703.86766666667,60513.330444444444,0.7237634418570369,347.31999999999243,-0.14789383335533923,1
2023-09-08,68143.34,68082.11,68195.76,68082.11,483.49M,0.09%,2023,9,8,4,483490000.0,0.09,0.08993552050604592,67885.96142857143,65806.766,60688.217444444446,0.7085793491453056,113.64999999999418,27.8769605120474,0
2023-09-11,67296.18,68143.34,68162.71,67284.52,520.13M,-1.24%,2023,9,11,0,520130000.0,-1.24,-1.2432029307633097,67992.70285714285,65905.388,60854.85011111111,0.7174614204622605,878.1900000000023,7.578233262321876,0
2023-09-12,66760.2,67198.77,67198.77,66485.44,645.51M,-0.80%,2023,9,12,1,645510000.0,-0.8,-0.7964493675569617,67883.13285714285,65990.988,61016.54377777777,0.735180596215535,713.3300000000017,24.10551208351759,1
2023-09-13,67414.4,66780.64,67421.4,66780.64,569.63M,0.98%,2023,9,13,2,569630000.0,0.98,0.9799251649935004,67759.59857142856,66095.88933333333,61184.58433333333,0.7512212337454087,640.7599999999948,-11.755046397422198,0
2023-09-14,67347.73,67419.5,67471.13,67243.92,788.54M,-0.10%,2023,9,14,3,788540000.0,-0.1,-0.09889578487681794,67618.60571428572,66165.37833333333,61349.93111111111,0.7051348480931835,227.2100000000064,38.430209083089025,1
2023-09-15,67395.74,67335.3,67395.74,67199.04,408.87M,0.07%,2023,9,15,4,408870000.0,0.07,0.07128673824643439,67491.3857142857,66238.63366666666,61514.55577777777,0.7040959184647432,196.70000000001164,-48.14847693205164,1
2023-09-18,67877.17,67395.74,67877.17,67395.74,515.28M,0.71%,2023,9,18,0,515280000.0,0.71,0.7143329830639145,67462.10857142857,66323.31266666666,61684.22977777777,0.7124527936498141,481.429999999993,26.02538704233619,1
2023-09-19,68359.22,67878.2,68370.9,67878.2,676.74M,0.71%,2023,9,19,1,676740000.0,0.71,0.710179873439043,67492.94857142857,66424.965,61863.67322222222,0.7194082916819406,492.6999999999971,31.334420121099214,0
2023-09-20,68335.72,68375.47,68495.83,68113.02,566.63M,-0.03%,2023,9,20,2,566630000.0,-0.03,-0.03437722080503747,67641.45428571428,66563.90933333333,62043.38966666667,0.6248442269929944,382.8099999999977,-16.27065047137749,0
2023-09-21,68271.14,68336.4,68377.26,68215.4,1.12B,-0.09%,2023,9,21,3,1120000000.0,-0.09,-0.0945040163475297,67857.30285714286,66666.10233333333,62221.79544444444,0.5675929143675004,161.86000000000058,97.65984857843743,0
2023-09-22,67324.59,68272.66,68310.05,67277.43,1.03B,-1.39%,2023,9,22,4,1030000000.0,-1.39,-1.3864570007180221,67844.47285714286,66732.743,62389.49877777777,0.6334133799598913,1032.62000000001,-8.03571428571429,0
2023-09-25,66882.64,67227.17,67281.98,66882.64,408.19M,-0.66%,2023,9,25,0,408190000.0,-0.66,-0.6564466267080071,67778.03142857143,66788.48133333333,62550.20222222222,0.6466346465959223,399.3399999999965,-60.36990291262136,0
2023-09-26,66652.17,66882.64,66937.3,66218.36,363.94M,-0.34%,2023,9,26,1,363940000.0,-0.34,-0.3445886705429113,67671.80714285714,66845.921,62706.55011111112,0.6444195972246537,718.9400000000023,-10.840539944633631,0
2023-09-28,66448.63,66665.16,66710.95,66399.02,273.80M,-0.31%,2023,9,28,3,273800000.0,-0.31,-0.30537640409906697,67467.73,66906.69933333334,62865.87455555556,0.6402477581324532,311.929999999993,-24.767818871242508,0
2023-09-29,66382.14,66448.63,66508.55,65865.33,292.94M,-0.10%,2023,9,29,4,292940000.0,-0.1,-0.10006225861993734,67185.29000000001,66963.978,63023.587999999996,0.6412130112388195,643.2200000000012,6.990504017531052,1
2023-10-03,66770.97,66382.14,66966.66,66382.14,364.32M,0.59%,2023,10,3,1,364320000.0,0.59,0.5857449006615445,66961.75428571428,67031.545,63183.60844444444,0.647581172080491,584.5200000000041,24.366764525158736,0
2023-10-04,66482.28,66770.97,66891.05,66449.33,657.51M,-0.43%,2023,10,4,2,657510000.0,-0.43,-0.4323585534252383,66706.20285714287,67074.20733333334,63337.62055555555,0.6444133205694701,441.72000000000116,80.47595520421606,1
2023-10-05,66570.19,66481.99,66570.19,66474.7,357.45M,0.13%,2023,10,5,3,357450000.0,0.13,0.13223072373571565,66598.43142857144,67110.258,63489.2048888889,0.640726648006822,95.49000000000524,-45.635807820413376,0
2023-10-06,66454.57,66532.84,67188.68,66210.45,374.09M,-0.17%,2023,10,6,4,374090000.0,-0.17,-0.17368134295545623,66537.27857142857,67142.31300000001,63640.68188888888,0.642055535010123,978.2299999999959,4.655196530983363,1
2023-10-09,67101.57,66454.57,67123.22,66454.57,268.65M,0.97%,2023,10,9,0,268650000.0,0.97,0.973597451612429,66601.47857142858,67198.97133333333,63797.65622222222,0.6625320031998776,668.6499999999942,-28.185730706514477,0
2023-10-10,66984.62,67101.39,67118.93,66956.31,257.42M,-0.17%,2023,10,10,1,257420000.00000003,-0.17,-0.17428802336519889,66678.04857142858,67246.49500000001,63922.53266666667,0.6635628302161286,162.61999999999534,-4.1801600595570365,1
2023-10-11,67100.49,66984.32,67190.54,66981.09,410.32M,0.17%,2023,10,11,2,410320000.0,0.17,0.1729800064552256,66780.67,67278.132,64048.435000000005,0.6452082454869712,209.4499999999971,59.39709424287156,1
2023-10-12,67133.19,67100.49,67152.93,67100.49,309.32M,0.05%,2023,10,12,3,309320000.0,0.05,0.048732878105650634,66832.41571428571,67299.56033333334,64174.26766666667,0.6392636192755752,52.439999999987776,-24.614934685123803,1
2023-10-13,67200.69,67122.84,67214.3,67121.04,224.07M,0.10%,2023,10,13,4,224070000.0,0.1,0.10054639143470823,66935.04571428572,67324.93233333333,64300.688444444444,0.6390255367498475,93.26000000000931,-27.56045519203414,0
2023-10-16,67037.93,67200.03,67303.23,67022.94,216.07M,-0.24%,2023,10,16,0,216070000.0,-0.24,-0.24219989407848752,67001.86571428571,67341.23033333334,64425.47555555555,0.640602330535909,280.2899999999936,-3.5703128486633595,1
2023-10-17,67326.12,67037.93,67326.12,67037.21,377.97M,0.43%,2023,10,17,1,377970000.0,0.43,0.4298909587453048,67126.37285714285,67334.52799999999,64550.88966666667,0.5855682253290294,288.90999999998894,74.92942102096542,1
2023-10-18,67353.23,67326.12,67440.22,67326.12,397.56M,0.04%,2023,10,18,2,397560000.0,0.04,0.04026668995629201,67162.32428571428,67303.66433333333,64676.75266666667,0.5461231740022123,114.10000000000582,5.1829510278593505,0
2023-10-19,67098.8,67353.23,67355.6,67083.2,298.69M,-0.38%,2023,10,19,3,298690000.0,-0.38,-0.37775471198633337,67178.6357142857,67262.46833333334,64800.555,0.548913296874704,272.40000000000873,-24.86920213301137,0
2023-10-20,66915.41,67077.79,67081.18,66909.15,205.88M,-0.27%,2023,10,20,4,205880000.0,-0.27,-0.27331338265363936,67152.19571428571,67216.77266666667,64922.60433333334,0.5503023030758294,172.02999999999884,-31.072349258428467,0
2023-10-23,66876.92,66915.41,66924.82,66860.14,314.62M,-0.06%,2023,10,23,0,314620000.0,-0.06,-0.05752038282363925,67115.58571428571,67176.59966666666,65019.41955555556,0.5485417210739089,64.68000000000757,52.817175053429175,1
2023-10-24,67217.77,66876.92,67217.77,66876.92,319.90M,0.51%,2023,10,24,1,319900000.0,0.51,0.5096676102906761,67118.02571428572,67145.74733333333,65099.782555555554,0.5577226715721538,340.8500000000058,1.678214989511151,0
2023-10-25,67206.16,67217.77,67383.6,67206.16,329.56M,-0.02%,2023,10,25,2,329560000.0,-0.02,-0.017272218343455936,67142.05857142857,67142.74666666666,65188.79311111111,0.5096748038381784,177.44000000000233,3.019693654266953,0
2023-10-26,67084.95,67193.43,67211.19,67067.33,267.59M,-0.18%,2023,10,26,3,267589999.99999997,-0.18,-0.1803554912228389,67107.60571428572,67153.57166666667,65278.61522222222,0.48858619397904707,143.86000000000058,-18.803859691710166,1
2023-10-27,67136.58,67095.5,67235.67,67083.31,214.15M,0.08%,2023,10,27,4,214150000.0,0.08,0.07696212041599093,67076.65571428572,67144.311,65368.84255555556,0.45381782352351735,152.36000000000058,-19.970850928659512,1
2023-10-30,68111.71,67136.58,68111.71,67134.14,430.39M,1.45%,2023,10,30,0,430390000.0,1.45,1.452457065879731,67221.35714285714,67169.777,65468.86133333334,0.5262689243553021,977.570000000007,100.97595143590942,1
2023-10-31,69236.19,68111.71,69245.88,68111.71,483.27M,1.65%,2023,10,31,1,483270000.0,1.65,1.6509349126603956,67552.89714285715,67231.12533333333,65578.99733333333,0.6030412232847956,1134.1699999999983,12.286530820883378,1
2023-11-01,70581.76,69243.91,70581.76,69222.13,601.73M,1.94%,2023,11,1,2,601730000.0,1.94,1.943448939059178,68082.16,67321.27833333334,65703.66577777779,0.6832300560415915,1359.62999999999,24.512177457735838,0
2023-11-02,70042.28,70582.0,70584.69,70005.39,525.46M,-0.76%,2023,11,2,3,525460000.00000006,-0.76,-0.7643334481883035,68485.66142857143,67377.38033333333,65824.06188888889,0.6932090314901689,579.3000000000029,-12.675120070463485,1
2023-11-03,70196.93,70042.28,70532.21,69807.45,410.36M,0.22%,2023,11,3,4,410360000.0,0.22,0.22079521112103873,68912.91428571429,67439.42066666666,65944.70822222222,0.6932793113594277,724.7600000000093,-21.904616907090933,1
2023-11-06,70479.62,70196.93,70519.31,70196.93,391.01M,0.40%,2023,11,6,0,391010000.0,0.4,0.4027099190805128,69397.86714285714,67513.03666666667,66059.93277777777,0.6946108035885278,322.38000000000466,-4.71537186860318,1
2023-11-07,70613.6,70479.62,70618.64,70456.92,449.28M,0.19%,2023,11,7,1,449280000.0,0.19,0.19009750620109234,69894.58428571429,67622.67033333333,66167.10311111111,0.6346586451830909,161.72000000000116,14.90243216286029,1
2023-11-08,70773.38,70613.6,70773.38,70613.6,558.33M,0.23%,2023,11,8,2,558330000.0,0.23,0.22627369231988936,70274.82285714286,67752.36166666666,66265.15188888888,0.6156279610302985,159.77999999999884,24.272168803418804,1
2023-11-09,70819.58,70775.13,70888.97,70645.15,569.19M,0.07%,2023,11,9,3,569190000.0,0.07,0.06527878137232435,70501.02142857142,67891.27533333334,66377.42455555555,0.6078429227350651,243.82000000000698,1.9450862393208368,1
2023-11-10,70854.18,70819.49,70873.82,70807.93,556.70M,0.05%,2023,11,10,4,556700000.0,0.05,0.048856545040210086,70539.93857142857,68038.12700000001,66481.098,0.6010061448611465,65.89000000001397,-2.1943463518333095,0
2023-11-13,70612.81,70846.27,71131.22,70612.81,474.39M,-0.34%,2023,11,13,0,474390000.0,-0.34,-0.3406573895851972,70621.44285714286,68179.14933333333,66576.575,0.6069442688216544,518.4100000000035,-14.785342195078144,1
2023-11-14,70876.35,70612.81,70876.35,70609.14,327.43M,0.37%,2023,11,14,1,327430000.0,0.37,0.37321840045738686,70718.50285714286,68315.99533333333,66663.63588888888,0.6036134663992418,267.2100000000064,-30.97873058032421,1
2023-11-15,71014.34,70840.72,71023.15,70836.5,297.32M,0.19%,2023,11,15,2,297320000.0,0.19,0.19469117695816163,70794.89142857143,68467.064,66734.86533333334,0.5916696961377014,186.64999999999418,-9.195858656812138,1
2023-11-16,71025.16,71014.12,71080.3,71011.23,483.80M,0.02%,2023,11,16,3,483800000.0,0.02,0.015236359304338087,70853.68571428572,68615.563,66794.375,0.5926647569837016,69.07000000000698,62.72030135880533,1
2023-11-17,71112.99,71025.59,71169.7,71013.7,441.58M,0.12%,2023,11,17,4,441580000.0,0.12,0.12366040428490876,70902.20142857144,68770.84366666667,66872.88677777778,0.5883620267126949,156.0,-8.72674658949979,0
2023-11-20,71008.78,71112.99,71122.32,70959.16,358.45M,-0.15%,2023,11,20,0,358450000.0,-0.15,-0.14654144060037844,70929.23,68901.084,66964.66277777778,0.5747838090592862,163.1600000000035,-18.825580868698765,1
2023-11-21,71066.55,71008.99,71079.86,71007.31,491.40M,0.08%,2023,11,21,1,491400000.0,0.08,0.08135613652284768,70959.56857142858,69037.14833333333,67059.0718888889,0.5710734941667592,72.55000000000291,37.09024968614869,0
2023-11-22,71003.98,71067.29,71089.79,70970.75,428.44M,-0.09%,2023,11,22,2,428440000.0,-0.09,-0.08804423459420896,71015.45,69167.26466666667,67148.63444444444,0.5734660659883836,119.0399999999936,-12.812372812372807,1
2023-11-23,71052.85,71009.71,71055.28,70990.01,563.70M,0.07%,2023,11,23,3,563700000.0,0.07,0.06882712771876243,71040.66428571429,69297.92,67229.59144444445,0.5733068037524116,65.27000000000407,31.570348240126968,1
2023-11-24,71230.49,71072.34,71242.18,71069.65,582.76M,0.25%,2023,11,24,4,582760000.0,0.25,0.2500110832992508,71071.54285714286,69432.24666666667,67312.62766666665,0.5731438980338273,172.52999999999884,3.3812311513216287,1
2023-11-27,71353.81,71241.96,71566.58,70810.51,746.64M,0.17%,2023,11,27,0,746640000.0,0.17,0.17312810848275628,71118.49285714286,69576.10933333334,67395.10644444445,0.5671821085347772,756.070000000007,28.121353558926486,0
2023-11-28,71041.05,71353.82,71438.19,71000.1,534.62M,-0.44%,2023,11,28,1,534620000.0,-0.44,-0.43832277491558935,71108.21571428572,69699.94033333333,67462.19155555556,0.5776154977271241,438.0899999999965,-28.396549876781318,1
2023-11-29,71283.34,71163.09,71360.17,71129.47,360.60M,0.34%,2023,11,29,2,360600000.0,0.34,0.3410563329230065,71147.43857142856,69830.944,67529.02555555555,0.5777026936955701,230.6999999999971,-32.55022258800644,1
2023-11-30,71365.25,71284.18,71388.13,71270.17,540.09M,0.11%,2023,11,30,3,540090000.0,0.11,0.11490763479937716,71190.11,69973.159,67588.73922222221,0.5679020128312463,117.9600000000064,49.775374376039935,1
2023-12-01,71419.87,71365.27,71456.61,71356.11,361.12M,0.08%,2023,12,1,4,361120000.0,0.08,0.07653584903015709,71249.52285714286,70123.30766666666,67652.436,0.5612467667012977,100.5,-33.13706974763465,0
2023-12-04,70946.83,71433.64,71607.91,70946.37,358.51M,-0.66%,2023,12,4,0,358510000.0,-0.66,-0.6623366858550583,71234.37714285715,70258.97133333333,67713.14622222222,0.5819977208699102,661.5400000000081,-0.7227514399645529,1
2023-12-05,71250.17,70946.83,71250.17,70945.55,433.57M,0.43%,2023,12,5,1,433570000.0,0.43,0.4275596245808311,71237.18857142856,70393.38466666666,67781.966,0.5806766873611183,304.61999999999534,20.936654486625205,1
2023-12-06,71808.64,71253.78,71866.37,71242.31,690.01M,0.78%,2023,12,6,2,690010000.0,0.78,0.7838156737029589,71302.16428571429,70546.80066666666,67864.97844444444,0.58889201746736,624.0599999999977,59.14615863643702,0
2023-12-07,71457.92,71591.46,71603.36,71424.74,436.56M,-0.49%,2023,12,7,3,436560000.0,-0.49,-0.4884091942139568,71361.71714285715,70692.56633333334,67945.70866666667,0.598765523867178,178.61999999999534,-36.73135171954029,1
2023-12-08,71541.74,71458.35,71541.74,70741.96,503.66M,0.12%,2023,12,8,4,503660000.0,0.12,0.11729980385659644,71398.63142857143,70839.405,68026.53511111111,0.5984960363265809,799.7799999999988,15.370166758292104,1
2023-12-11,71669.91,71559.1,71685.84,71503.35,375.31M,0.18%,2023,12,11,0,375310000.0,0.18,0.1791541553224807,71442.15428571429,70958.01166666667,68097.72233333332,0.5508792916260438,182.4899999999907,-25.483461065004164,1
2023-12-12,71907.26,71669.91,71907.26,71641.05,319.41M,0.33%,2023,12,12,1,319410000.0,0.33,0.3311710590957695,71511.78142857143,71047.04733333334,68172.26877777778,0.4762952643926163,266.20999999999185,-14.894354000692756,1
2023-12-13,72299.79,71907.26,72299.79,71907.26,433.18M,0.55%,2023,12,13,2,433180000.0,0.55,0.5458836840674941,71705.06142857143,71104.315,68249.63533333332,0.3419367658535969,392.52999999999884,35.61879715725868,1
2023-12-14,72455.83,72299.79,72539.04,72299.79,446.58M,0.22%,2023,12,14,3,446580000.0,0.22,0.2158235867628422,71877.29857142858,71184.76666666666,68329.03733333333,0.3030154358852888,239.25,3.093402280807056,0
2023-12-15,72389.23,72458.76,72671.03,72368.3,307.15M,-0.09%,2023,12,15,4,307150000.0,-0.09,-0.09191806925682444,71960.24,71257.84333333334,68420.39111111111,0.3045695664302059,302.7299999999959,-31.2217295893233,1
2023-12-18,72404.91,72389.23,72413.13,72276.75,324.15M,0.02%,2023,12,18,0,324150000.0,0.02,0.021660680739388205,72095.52428571429,71322.01966666666,68500.38622222222,0.2995441538579167,136.38000000000466,5.534755005697534,1
2023-12-19,72470.1,72404.91,72489.21,72320.32,411.06M,0.09%,2023,12,19,1,411060000.0,0.09,0.09003533047688972,72228.14714285714,71383.90299999999,68579.77211111112,0.29895120743019366,168.88999999999942,26.81166126793151,1
2023-12-20,73397.71,72470.1,73399.61,72470.1,552.22M,1.28%,2023,12,20,2,552220000.0,1.28,1.2799899544777782,72474.97571428571,71471.38066666666,68670.74122222222,0.3694663240741994,929.5099999999948,34.34048557388216,1
2023-12-21,74289.02,73397.71,74292.76,73397.71,760.93M,1.21%,2023,12,21,3,760930000.0,1.21,1.2143566876950285,72815.22714285714,71587.02866666667,68774.74166666667,0.4195418053006622,895.0499999999884,37.794719495853116,0
2023-12-22,74023.27,74288.88,74430.47,73993.49,423.20M,-0.36%,2023,12,22,4,423200000.0,-0.36,-0.3577244658766521,73061.43857142857,71692.66500000001,68879.16377777778,0.4297130304136495,436.9799999999959,-44.383846083082545,0
