Date,Price,Open,High,Low,Volume,Year,Month,Day,DayOfWeek
2012-01-30,20731.72,20939.1,20950.02,20731.72,0.0,2012,1,30,0
2012-01-31,20875.83,20818.56,21009.92,20789.48,0.0,2012,1,31,1
2012-02-01,20790.88,20875.34,20941.03,20790.88,0.0,2012,2,1,2
2012-02-02,20822.0,20872.94,20900.58,20785.4,0.0,2012,2,2,3
2012-02-03,20877.64,20822.0,20863.93,20786.35,0.0,2012,2,3,4
2012-02-07,20790.88,20857.9,20903.0,20733.35,0.0,2012,2,7,1
2012-02-08,20693.84,20781.62,20781.62,20660.71,0.0,2012,2,8,2
2012-02-09,20631.38,20718.29,20719.85,20631.38,0.0,2012,2,9,3
2012-02-10,20623.63,20629.6,20725.76,20622.01,0.0,2012,2,10,4
2012-02-13,20583.61,20615.26,20639.18,20582.32,0.0,2012,2,13,0
2012-02-14,20667.0,20588.3,20669.19,20580.13,0.0,2012,2,14,1
2012-02-15,20329.62,20667.0,20703.47,20253.49,0.0,2012,2,15,2
2012-02-16,20314.08,20280.71,20325.62,20251.27,0.0,2012,2,16,3
2012-02-17,20411.17,20330.58,20469.7,20314.08,0.0,2012,2,17,4
2012-02-20,20439.25,20410.47,20481.48,20398.06,0.0,2012,2,20,0
2012-02-21,20492.31,20439.25,20526.5,20439.25,0.0,2012,2,21,1
2012-02-22,20313.36,20490.43,20536.45,20279.62,0.0,2012,2,22,2
2012-02-23,20426.21,20293.82,20435.46,20250.8,0.0,2012,2,23,3
2012-02-24,20495.92,20427.25,20558.67,20396.67,0.0,2012,2,24,4
2012-02-27,20364.55,20495.92,20514.48,20362.16,0.0,2012,2,27,0
2012-02-28,20137.51,20364.56,20364.9,20079.37,0.0,2012,2,28,1
2012-02-29,20123.51,20083.77,20123.51,20007.19,0.0,2012,2,29,2
2012-03-01,20193.4,20123.67,20234.03,20123.51,0.0,2012,3,1,3
2012-03-02,20592.01,20193.4,20592.01,20180.95,0.0,2012,3,2,4
2012-03-05,20619.05,20592.14,20786.96,20403.34,0.0,2012,3,5,0
2012-03-06,20926.31,20592.02,20926.31,20527.46,0.0,2012,3,6,1
2012-03-07,21068.34,20592.02,21068.34,20459.44,0.0,2012,3,7,2
2012-03-08,21181.41,21069.3,21194.41,21028.66,0.0,2012,3,8,3
2012-03-09,20950.01,21181.42,21193.07,20927.45,0.0,2012,3,9,4
2012-03-12,21091.36,20950.02,21100.54,20950.02,0.0,2012,3,12,0
2012-03-13,21227.98,21091.36,21227.98,20988.34,0.0,2012,3,13,1
2012-03-14,21072.93,21091.36,21092.3,20908.34,0.0,2012,3,14,2
2012-03-15,20658.28,21072.93,21072.93,20658.28,0.0,2012,3,15,3
2012-03-16,20824.25,20658.28,20795.63,20543.6,0.0,2012,3,16,4
2012-03-19,21060.21,20658.28,21060.21,20406.46,0.0,2012,3,19,0
2012-03-20,21006.3,20658.28,21006.3,20544.51,0.0,2012,3,20,1
2012-03-21,21067.9,21006.3,21072.95,21002.38,0.0,2012,3,21,2
2012-03-22,21261.29,21067.9,21400.05,21037.45,0.0,2012,3,22,3
2012-03-23,21191.22,21261.29,21282.79,21026.43,0.0,2012,3,23,4
2012-03-26,21000.15,21076.4,21205.98,20995.63,0.0,2012,3,26,0
2012-03-27,20916.03,20999.81,21001.2,20851.76,0.0,2012,3,27,1
2012-03-28,20899.97,20916.03,20939.73,20747.33,0.0,2012,3,28,2
2012-03-29,20756.19,20901.36,20939.06,20656.47,0.0,2012,3,29,3
2012-03-30,20652.47,20756.19,20776.47,20615.38,0.0,2012,3,30,4
2012-04-02,20650.95,20652.47,20652.47,20567.81,0.0,2012,4,2,0
2012-04-03,20849.95,20649.56,20849.95,20649.47,0.0,2012,4,3,1
2012-04-04,20934.47,20854.26,20955.0,20849.95,0.0,2012,4,4,2
2012-04-05,20941.93,20930.16,20952.2,20797.91,0.0,2012,4,5,3
2012-04-10,20845.32,20854.34,20902.89,20730.36,0.0,2012,4,10,1
2012-04-11,20814.35,20788.55,20941.93,20710.16,0.0,2012,4,11,2
2012-04-12,20742.1,20747.28,20758.13,20669.24,0.0,2012,4,12,3
2012-04-13,20743.16,20683.33,20730.24,20638.11,0.0,2012,4,13,4
2012-04-16,20685.7,20684.18,20714.0,20653.44,0.0,2012,4,16,0
2012-04-17,20788.83,20787.78,20831.66,20710.11,0.0,2012,4,17,1
2012-04-18,21094.51,20788.83,21117.08,20788.83,0.0,2012,4,18,2
2012-04-19,21388.88,21094.51,21381.2,20976.9,0.0,2012,4,19,3
2012-04-20,21756.5,21399.39,21736.16,21388.88,0.0,2012,4,20,4
2012-04-23,21779.33,21756.5,21940.77,21756.5,0.0,2012,4,23,0
2012-04-24,21895.41,21777.54,21944.54,21757.02,0.0,2012,4,24,1
2012-04-25,21970.21,21895.63,22041.46,21845.98,0.0,2012,4,25,2
2012-04-26,22109.76,21970.21,22109.76,21956.33,0.0,2012,4,26,3
2012-04-27,22109.76,22109.76,22150.52,22093.98,0.0,2012,4,27,4
2012-04-30,22045.66,22109.28,22148.49,22109.28,0.0,2012,4,30,0
2012-05-02,22351.0,22122.81,22343.62,22109.44,0.0,2012,5,2,2
2012-05-03,22537.98,22368.49,22684.97,22351.0,0.0,2012,5,3,3
2012-05-04,22665.99,22538.24,22891.14,22526.16,0.0,2012,5,4,4
2012-05-07,22571.78,22716.99,22762.27,22557.03,0.0,2012,5,7,0
2012-05-08,22656.76,22571.78,22820.73,22553.2,0.0,2012,5,8,1
2012-05-09,22533.72,22820.1,23048.81,22607.67,0.0,2012,5,9,2
2012-05-10,22511.3,22533.39,22533.72,22456.21,0.0,2012,5,10,3
2012-05-11,22622.44,22511.3,22611.21,22503.2,0.0,2012,5,11,4
2012-05-14,22552.46,22626.6,22669.32,22574.41,0.0,2012,5,14,0
2012-05-15,22422.43,22552.46,22563.37,22393.15,0.0,2012,5,15,1
2012-05-16,22524.67,22427.01,22524.67,22318.98,0.0,2012,5,16,2
2012-05-17,22517.66,22524.67,22583.44,22503.22,0.0,2012,5,17,3
2012-05-18,22381.11,22518.47,22518.47,22345.99,0.0,2012,5,18,4
2012-05-21,22309.62,22381.11,22411.18,22269.62,0.0,2012,5,21,0
2012-05-22,22342.13,22298.48,22341.77,22203.08,0.0,2012,5,22,1
2012-05-23,22314.67,22338.1,22346.41,22124.63,0.0,2012,5,23,2
2012-05-24,22218.44,22315.58,22398.21,22194.26,0.0,2012,5,24,3
2012-05-25,22232.36,22210.7,22232.9,22178.61,0.0,2012,5,25,4
2012-05-28,22180.02,22232.9,22256.99,22049.02,0.0,2012,5,28,0
2012-05-30,22170.96,22172.25,22185.54,22092.38,0.0,2012,5,30,2
2012-05-31,22066.4,22185.54,22201.1,22066.4,0.0,2012,5,31,3
2012-06-01,21963.87,22112.13,22122.19,21963.87,0.0,2012,6,1,4
2012-06-04,21785.37,22021.38,22078.98,21785.37,0.0,2012,6,4,0
2012-06-05,21632.11,21785.85,21813.73,21632.11,0.0,2012,6,5,1
2012-06-06,21383.61,21632.59,21689.85,21383.61,0.0,2012,6,6,2
2012-06-07,21114.69,21382.65,21408.52,21114.69,0.0,2012,6,7,3
2012-06-08,20902.95,21114.29,21118.06,20902.95,0.0,2012,6,8,4
2012-06-11,21183.34,20902.91,21123.29,20901.49,0.0,2012,6,11,0
2012-06-12,21239.52,21125.87,21173.12,21056.09,0.0,2012,6,12,1
2012-06-13,21298.63,21154.56,21210.58,21154.56,0.0,2012,6,13,2
2012-06-14,21251.91,21209.77,21219.56,21144.81,0.0,2012,6,14,3
2012-06-15,21184.58,21251.91,21277.32,21166.08,0.0,2012,6,15,4
2012-06-18,21028.39,21184.31,21222.55,21028.39,0.0,2012,6,18,0
2012-06-19,21082.11,21069.44,21110.69,20911.1,0.0,2012,6,19,1
2012-06-20,21510.71,21044.7,21445.33,21041.99,0.0,2012,6,20,2
2012-06-21,21348.11,21431.67,21513.15,21265.09,0.0,2012,6,21,3
2012-06-22,21394.77,21343.49,21401.53,21339.97,0.0,2012,6,22,4
2012-06-25,21357.22,21394.77,21395.53,21332.14,0.0,2012,6,25,0
2012-06-26,21347.17,21356.77,21398.44,21308.84,0.0,2012,6,26,1
2012-06-27,21573.84,21347.17,21385.51,21347.17,0.0,2012,6,27,2
2012-06-28,21542.24,21570.6,21574.49,21512.28,0.0,2012,6,28,3
2012-06-29,21599.57,21542.24,21608.56,21542.24,0.0,2012,6,29,4
2012-07-02,21571.67,21600.55,21641.91,21529.69,0.0,2012,7,2,0
2012-07-03,21690.54,21571.67,21691.09,21570.62,0.0,2012,7,3,1
2012-07-04,21930.9,21697.72,21933.57,21683.53,0.0,2012,7,4,2
2012-07-05,22049.3,21932.76,22077.83,21930.9,0.0,2012,7,5,3
2012-07-06,22110.91,22049.66,22163.22,22049.29,0.0,2012,7,6,4
2012-07-09,22191.14,22110.91,22191.14,21690.54,0.0,2012,7,9,0
2012-07-10,22120.47,22190.28,22195.02,22101.51,0.0,2012,7,10,1
2012-07-11,22253.71,22141.16,22264.35,22120.47,0.0,2012,7,11,2
2012-07-12,22492.96,22253.71,22495.0,22160.6,0.0,2012,7,12,3
2012-07-13,22741.06,22491.98,22746.6,22483.14,0.0,2012,7,13,4
2012-07-16,22978.14,22741.06,22987.49,22737.9,0.0,2012,7,16,0
2012-07-17,23039.27,22981.28,23046.73,22918.14,0.0,2012,7,17,1
2012-07-18,23277.3,23049.42,23277.85,23038.04,0.0,2012,7,18,2
2012-07-19,23098.21,23277.3,23341.87,23034.35,0.0,2012,7,19,3
2012-07-20,23095.31,23098.21,23166.65,22913.49,0.0,2012,7,20,4
2012-07-23,23381.05,23109.15,23401.28,23016.5,0.0,2012,7,23,0
2012-07-24,23169.24,23381.05,23412.31,23109.62,0.0,2012,7,24,1
2012-07-25,23129.82,23169.24,23218.41,23123.45,0.0,2012,7,25,2
2012-07-26,23116.61,23122.92,23129.82,22893.55,0.0,2012,7,26,3
2012-07-27,23292.8,23116.6,23297.99,22799.39,0.0,2012,7,27,4
2012-07-30,23302.22,23292.8,23302.68,23243.66,0.0,2012,7,30,0
2012-07-31,23061.38,23302.64,23363.33,23021.47,0.0,2012,7,31,1
2012-08-01,23329.34,23061.38,23335.98,23060.97,0.0,2012,8,1,2
2012-08-02,23488.62,23329.34,23540.72,23323.93,0.0,2012,8,2,3
2012-08-03,23523.16,23488.79,23521.9,23444.4,0.0,2012,8,3,4
2012-08-06,23418.66,23523.16,23564.34,23420.06,0.0,2012,8,6,0
2012-08-07,23391.79,23419.59,23459.7,23354.38,0.0,2012,8,7,1
2012-08-08,23166.58,23392.24,23439.73,23157.41,0.0,2012,8,8,2
2012-08-09,23178.87,23166.58,23186.38,23143.37,0.0,2012,8,9,3
2012-08-10,23239.09,23178.87,23251.77,23158.16,0.0,2012,8,10,4
2012-08-13,23273.56,23239.03,23317.05,23238.0,0.0,2012,8,13,0
2012-08-14,23125.32,23273.56,23295.59,23094.6,0.0,2012,8,14,1
2012-08-15,23105.05,23125.71,23146.53,23093.58,0.0,2012,8,15,2
2012-08-16,23066.74,23106.08,23151.02,22991.66,0.0,2012,8,16,3
2012-08-17,23141.08,23066.74,23141.28,23021.17,0.0,2012,8,17,4
2012-08-22,23199.03,23151.94,23222.9,23136.79,0.0,2012,8,22,2
2012-08-23,23186.73,23199.03,23217.47,23154.86,0.0,2012,8,23,3
2012-08-24,23399.58,23186.73,23509.85,23169.82,0.0,2012,8,24,4
2012-08-27,23491.17,23399.58,23491.25,23368.35,0.0,2012,8,27,0
2012-08-28,23531.63,23490.96,23549.74,23438.43,0.0,2012,8,28,1
2012-08-29,23670.11,23531.63,23674.89,23510.17,0.0,2012,8,29,2
2012-08-30,23704.34,23671.93,23750.0,23664.75,0.0,2012,8,30,3
2012-08-31,23750.82,23704.34,23758.28,23664.72,0.0,2012,8,31,4
2012-09-03,23864.05,23750.33,23867.54,23735.04,0.0,2012,9,3,0
2012-09-04,24012.57,23864.85,23875.01,23853.66,0.0,2012,9,4,1
2012-09-05,24358.62,24012.57,24378.37,23964.59,0.0,2012,9,5,2
2012-09-06,24563.22,24358.62,24587.97,24336.24,0.0,2012,9,6,3
2012-09-07,24838.7,24563.22,24840.15,24563.22,0.0,2012,9,7,4
2012-09-10,24671.47,24838.7,24969.81,24694.12,0.0,2012,9,10,0
2012-09-11,24568.58,24695.88,24695.88,24486.35,0.0,2012,9,11,1
2012-09-12,24839.87,24568.58,24855.81,24552.16,0.0,2012,9,12,2
2012-09-13,25148.48,24841.24,25148.84,24839.87,0.0,2012,9,13,3
2012-09-14,25337.18,25148.6,25365.47,25126.44,0.0,2012,9,14,4
2012-09-17,25373.83,25340.43,25377.03,25314.13,0.0,2012,9,17,0
2012-09-18,25456.01,25340.42,25425.23,25262.2,0.0,2012,9,18,1
2012-09-19,25642.39,25473.67,25737.52,25456.01,0.0,2012,9,19,2
2012-09-20,25875.31,25642.83,25905.85,25571.3,0.0,2012,9,20,3
2012-09-21,25873.71,25875.75,25970.3,25803.01,0.0,2012,9,21,4
2012-09-24,25839.0,25875.34,25922.76,25817.25,0.0,2012,9,24,0
2012-09-25,25947.6,25841.05,26066.97,25836.78,0.0,2012,9,25,1
2012-09-26,25774.53,25947.6,25963.63,25770.43,0.0,2012,9,26,2
2012-09-27,25710.55,25774.7,25790.66,25680.41,0.0,2012,9,27,3
2012-09-28,26011.64,25710.55,26039.73,25658.85,0.0,2012,9,28,4
2012-10-02,26023.1,26011.64,26193.92,25934.13,0.0,2012,10,2,1
2012-10-03,26448.61,26005.12,26209.45,25951.22,0.0,2012,10,3,2
2012-10-04,26448.61,26448.61,26448.61,26448.61,0.0,2012,10,4,3
2012-10-05,26442.67,26447.89,26492.15,26358.99,0.0,2012,10,5,4
2012-10-08,26618.7,26445.14,26650.23,26435.17,0.0,2012,10,8,0
2012-10-09,26840.87,26620.22,26846.91,26486.88,0.0,2012,10,9,1
2012-10-10,27006.77,26868.92,27075.04,26840.87,0.0,2012,10,10,2
2012-10-11,27371.3,27013.31,27372.86,27006.77,0.0,2012,10,11,3
2012-10-12,27287.85,27371.08,27403.26,27251.74,0.0,2012,10,12,4
2012-10-15,27077.66,27296.17,27306.74,27077.66,0.0,2012,10,15,0
2012-10-16,27109.62,27076.49,27126.55,27008.15,0.0,2012,10,16,1
2012-10-17,27194.13,27109.62,27292.39,26971.02,0.0,2012,10,17,2
2012-10-18,27271.5,27188.37,27346.87,27188.37,0.0,2012,10,18,3
2012-10-19,27296.36,27271.88,27342.03,27266.17,0.0,2012,10,19,4
2012-10-22,27272.57,27296.18,27312.88,27251.37,0.0,2012,10,22,0
2012-10-23,27217.27,27258.9,27272.57,27146.52,0.0,2012,10,23,1
2012-10-24,26876.07,27192.24,27245.04,26875.26,0.0,2012,10,24,2
2012-10-29,26982.55,26876.07,27116.51,26875.83,0.0,2012,10,29,0
2012-10-30,26739.22,26982.55,27038.51,26706.23,0.0,2012,10,30,1
2012-10-31,26430.92,26739.22,26781.06,26283.9,0.0,2012,10,31,2
2012-11-01,26602.54,26427.78,26803.96,26427.37,0.0,2012,11,1,3
2012-11-02,26559.55,26587.74,26602.54,26504.8,0.0,2012,11,2,4
2012-11-05,26600.1,26559.55,26631.8,26512.45,0.0,2012,11,5,0
2012-11-06,26724.02,26600.1,26726.45,26599.1,0.0,2012,11,6,1
2012-11-07,26792.27,26724.02,26880.03,26625.11,0.0,2012,11,7,2
2012-11-08,26883.76,26792.27,26885.81,26667.99,0.0,2012,11,8,3
2012-11-09,26718.3,26883.76,26883.76,26692.43,0.0,2012,11,9,4
2012-11-12,26609.34,26216.89,26267.56,26103.24,0.0,2012,11,12,0
2012-11-13,26290.42,26609.34,26609.58,26243.27,0.0,2012,11,13,1
2012-11-14,26346.7,26290.42,26413.53,26269.16,0.0,2012,11,14,2
2012-11-15,26356.63,26344.62,26409.6,26323.22,0.0,2012,11,15,3
2012-11-16,26400.94,26356.63,26401.15,26336.39,0.0,2012,11,16,4
2012-11-19,26267.57,26400.94,26459.83,26013.58,0.0,2012,11,19,0
2012-11-20,26358.73,26266.66,26359.14,26265.1,0.0,2012,11,20,1
2012-11-21,26303.41,26324.88,26449.5,26265.62,0.0,2012,11,21,2
2012-11-22,26269.61,26324.14,26378.21,26235.95,0.0,2012,11,22,3
2012-11-23,26322.5,26273.17,26324.0,26263.16,0.0,2012,11,23,4
2012-11-26,26363.99,26322.18,26466.83,26302.6,0.0,2012,11,26,0
2012-11-27,26226.25,26360.87,26443.33,26252.0,0.0,2012,11,27,1
2012-11-28,26342.85,26232.69,26345.5,26215.43,0.0,2012,11,28,2
2012-11-29,26402.15,26344.9,26419.91,26342.85,0.0,2012,11,29,3
2012-11-30,26495.1,26405.17,26495.1,26380.68,0.0,2012,11,30,4
2012-12-03,26380.68,26494.69,26501.13,26435.39,0.0,2012,12,3,0
2012-12-04,26382.54,26371.82,26408.46,26317.31,0.0,2012,12,4,1
2012-12-05,26435.89,26381.12,26484.7,26381.12,0.0,2012,12,5,2
2012-12-06,26546.2,26443.13,26564.96,26426.6,0.0,2012,12,6,3
2012-12-07,26670.22,26551.48,26674.86,26498.1,0.0,2012,12,7,4
2012-12-10,26822.09,26671.72,26835.36,26671.72,0.0,2012,12,10,0
2012-12-11,27050.2,26822.09,27081.36,26813.91,0.0,2012,12,11,1
2012-12-12,27516.07,27050.2,27516.07,27042.44,0.0,2012,12,12,2
2012-12-13,27663.52,27518.67,27729.23,27377.91,0.0,2012,12,13,3
2012-12-14,27685.54,27662.01,27734.56,27640.17,0.0,2012,12,14,4
2012-12-17,27492.89,27685.54,27704.98,27473.74,0.0,2012,12,17,0
2012-12-18,27437.76,27500.05,27562.31,27277.72,0.0,2012,12,18,1
2012-12-19,27350.52,27438.26,27484.93,27305.94,0.0,2012,12,19,2
2012-12-20,27508.09,27349.11,27516.04,27348.85,0.0,2012,12,20,3
2012-12-21,27402.06,27508.09,27706.08,27395.96,0.0,2012,12,21,4
2012-12-24,27347.08,27401.14,27523.92,27277.42,0.0,2012,12,24,0
2012-12-27,27737.69,27346.27,27741.32,27318.51,0.0,2012,12,27,3
2012-12-28,27866.55,27745.07,27906.94,27737.69,0.0,2012,12,28,4
2012-12-31,28078.81,27866.51,28281.85,27866.51,0.0,2012,12,31,0
2013-01-02,28501.21,28078.81,28503.64,28078.81,0.0,2013,1,2,2
2013-01-03,28441.39,28505.75,28681.28,28386.39,0.0,2013,1,3,3
2013-01-04,28463.3,28455.72,28508.85,28441.39,0.0,2013,1,4,4
2013-01-07,28986.2,28501.7,28988.28,28501.7,0.0,2013,1,7,0
2013-01-08,29089.52,28986.2,29188.76,28956.39,0.0,2013,1,8,1
2013-01-09,28956.83,29089.8,29205.18,28926.89,0.0,2013,1,9,2
2013-01-10,28695.59,28957.28,28976.64,28567.08,0.0,2013,1,10,3
2013-01-11,29202.01,28697.15,29267.19,28688.22,0.0,2013,1,11,4
2013-01-14,29309.7,29181.54,29316.41,29124.82,0.0,2013,1,14,0
2013-01-15,29686.95,29309.7,29687.81,29309.7,0.0,2013,1,15,1
2013-01-16,30093.83,29686.95,30109.78,29665.97,0.0,2013,1,16,2
2013-01-17,30324.86,30094.55,30385.1,29915.57,0.0,2013,1,17,3
2013-01-18,30927.18,30611.92,30928.6,30307.94,0.0,2013,1,18,4
2013-01-21,30842.54,30927.18,31025.95,30804.04,0.0,2013,1,21,0
2013-01-22,30983.83,30843.06,30997.01,30566.2,0.0,2013,1,22,1
2013-01-23,31446.22,30985.34,31447.33,30770.86,0.0,2013,1,23,2
2013-01-25,31583.49,31447.33,31641.38,31151.27,0.0,2013,1,25,4
2013-01-28,31474.88,31584.89,31722.29,31313.74,0.0,2013,1,28,0
2013-01-29,31571.46,31477.7,31587.68,31475.69,0.0,2013,1,29,1
2013-01-30,31815.45,31573.51,31825.68,31514.65,0.0,2013,1,30,2
2013-01-31,31853.19,31815.45,31955.94,31548.42,0.0,2013,1,31,3
2013-02-01,32413.03,31858.83,32414.21,31853.19,0.0,2013,2,1,4
2013-02-04,32685.03,32409.43,32687.05,32105.66,0.0,2013,2,4,0
2013-02-05,33064.37,32684.13,33248.03,32516.93,0.0,2013,2,5,1
2013-02-06,33460.14,33064.62,33503.87,33019.69,0.0,2013,2,6,2
2013-02-07,33219.2,33460.39,33556.82,33206.68,0.0,2013,2,7,3
2013-02-08,33313.49,33219.48,33382.41,33061.94,0.0,2013,2,8,4
2013-02-11,33511.63,33284.92,33530.69,33284.83,0.0,2013,2,11,0
2013-02-12,33487.82,33511.94,33645.35,33388.77,0.0,2013,2,12,1
2013-02-13,33355.54,33487.82,33567.03,33301.43,0.0,2013,2,13,2
2013-02-14,33342.02,33352.23,33483.44,32919.11,0.0,2013,2,14,3
2013-02-15,33258.45,33342.14,33391.61,32943.29,0.0,2013,2,15,4
2013-02-18,33251.51,33258.3,33320.56,32999.01,0.0,2013,2,18,0
2013-02-19,33335.11,33250.85,33337.16,33068.14,0.0,2013,2,19,1
2013-02-20,33708.18,33617.41,33816.04,33335.02,0.0,2013,2,20,2
2013-02-21,33506.6,33707.4,33742.99,33335.88,0.0,2013,2,21,3
2013-02-22,33895.08,33506.78,34249.97,33505.99,0.0,2013,2,22,4
2013-02-25,33811.08,33895.08,33944.95,33751.88,0.0,2013,2,25,0
2013-02-26,33613.87,33811.08,34664.79,33115.89,0.0,2013,2,26,1
2013-02-27,33736.82,33613.87,33765.57,33613.16,0.0,2013,2,27,2
2013-02-28,33075.14,33736.68,33847.39,32997.66,0.0,2013,2,28,3
2013-03-01,33183.2,33075.92,33184.22,32701.85,0.0,2013,3,1,4
2013-03-04,32947.13,33186.81,33233.33,32934.07,0.0,2013,3,4,0
2013-03-05,32784.56,32947.83,32997.86,32716.27,0.0,2013,3,5,1
2013-03-06,32731.08,32784.27,32825.8,32703.54,0.0,2013,3,6,2
2013-03-07,32772.73,32731.08,32796.89,32578.56,0.0,2013,3,7,3
2013-03-08,32849.11,32772.73,32947.13,32731.08,0.0,2013,3,8,4
2013-03-11,32890.36,32849.11,32909.12,32811.55,0.0,2013,3,11,0
2013-03-12,33351.71,32890.36,33362.76,32857.94,0.0,2013,3,12,1
2013-03-13,33357.16,33351.71,33488.42,33250.04,0.0,2013,3,13,2
2013-03-14,33207.02,33361.26,33380.14,33273.12,0.0,2013,3,14,3
2013-03-15,32950.08,33207.02,33357.16,32890.36,0.0,2013,3,15,4
2013-03-18,33243.54,32950.08,33264.7,32950.08,0.0,2013,3,18,0
2013-03-19,33298.74,33244.01,33415.43,33232.22,0.0,2013,3,19,1
2013-03-20,33207.21,33296.54,33323.18,33177.72,0.0,2013,3,20,2
2013-03-21,33361.96,33207.15,33423.04,33154.56,0.0,2013,3,21,3
2013-03-22,33506.88,33361.9,33601.57,33350.72,0.0,2013,3,22,4
2013-03-25,33467.78,33506.88,33621.61,33415.53,0.0,2013,3,25,0
2013-03-26,33429.46,33467.87,33580.53,33395.46,0.0,2013,3,26,1
2013-03-27,33468.89,33429.46,33506.88,33361.96,0.0,2013,3,27,2
2013-03-28,33536.25,33458.14,33603.29,33137.46,0.0,2013,3,28,3
2013-04-02,34351.87,33540.82,34444.31,33489.04,0.0,2013,4,2,1
2013-04-03,34548.73,34351.87,34875.5,34227.49,0.0,2013,4,3,2
2013-04-04,34339.65,34585.06,34764.09,34326.92,0.0,2013,4,4,3
2013-04-05,34301.37,34353.85,34364.68,34232.42,0.0,2013,4,5,4
2013-04-08,34810.25,34295.48,34828.07,34292.6,0.0,2013,4,8,0
2013-04-09,34089.01,34810.25,34859.2,34065.68,0.0,2013,4,9,1
2013-04-10,33665.58,34060.46,34089.01,33266.12,0.0,2013,4,10,2
2013-04-11,33466.76,33642.84,33776.88,33552.18,0.0,2013,4,11,3
2013-04-12,33514.14,33532.26,33546.76,33433.82,0.0,2013,4,12,4
2013-04-15,33532.89,33514.14,33706.12,33388.22,0.0,2013,4,15,0
2013-04-16,33334.27,33551.96,33610.54,33322.31,0.0,2013,4,16,1
2013-04-17,33352.97,33334.67,33714.15,33334.67,0.0,2013,4,17,2
2013-04-18,33334.67,33350.71,33363.34,32840.54,0.0,2013,4,18,3
2013-04-19,32993.97,32885.58,33041.8,32885.58,0.0,2013,4,19,4
2013-04-22,33090.05,32993.97,33190.15,32963.69,0.0,2013,4,22,0
2013-04-23,33090.18,33069.59,33124.19,33042.06,0.0,2013,4,23,1
2013-04-24,33432.68,33086.29,33612.4,33086.29,0.0,2013,4,24,2
2013-04-25,33271.34,33432.62,33550.44,33095.26,0.0,2013,4,25,3
2013-04-26,33159.08,33018.82,33295.48,32932.18,0.0,2013,4,26,4
2013-04-29,33030.83,33159.08,33345.05,32921.8,0.0,2013,4,29,0
2013-04-30,33440.57,33359.23,33483.23,33021.48,0.0,2013,4,30,1
2013-05-02,34502.38,33440.57,34528.52,33417.12,0.0,2013,5,2,3
2013-05-03,35109.33,34502.16,35116.35,34501.5,0.0,2013,5,3,4
2013-05-06,34935.62,35099.15,35232.38,35099.15,0.0,2013,5,6,0
2013-05-07,34815.24,34935.14,34992.79,34350.7,0.0,2013,5,7,1
2013-05-08,35486.44,34815.24,35496.14,34774.35,0.0,2013,5,8,2
2013-05-09,35782.09,35486.91,35812.07,35456.51,0.0,2013,5,9,3
2013-05-10,36010.28,35782.6,36010.24,35710.42,0.0,2013,5,10,4
2013-05-13,35956.05,36010.24,36162.05,35861.49,0.0,2013,5,13,0
2013-05-14,35994.67,35956.46,36007.32,35846.75,0.0,2013,5,14,1
2013-05-15,36236.49,35994.87,36236.29,35957.23,0.0,2013,5,15,2
2013-05-16,36400.16,36236.7,36405.18,36236.49,0.0,2013,5,16,3
2013-05-17,36907.81,36400.43,36927.69,36378.44,0.0,2013,5,17,4
2013-05-20,36817.75,36908.12,37116.48,36721.23,0.0,2013,5,20,0
2013-05-21,37046.63,36818.09,37212.34,36650.51,0.0,2013,5,21,1
2013-05-22,37259.91,37046.63,37471.61,36985.14,0.0,2013,5,22,2
2013-05-23,36472.43,37332.06,37466.5,36514.65,0.0,2013,5,23,3
2013-05-24,37350.53,36472.87,36472.43,36472.43,0.0,2013,5,24,4
2013-05-27,37386.36,37350.97,37518.44,37320.28,0.0,2013,5,27,0
2013-05-28,38016.8,37386.3,37392.89,37282.8,0.0,2013,5,28,1
2013-05-30,38016.8,37358.74,38040.06,37358.74,0.0,2013,5,30,3
2013-05-31,37794.75,38018.93,38018.93,37628.26,0.0,2013,5,31,4
2013-06-03,37822.99,37790.64,37893.41,37720.38,0.0,2013,6,3,0
2013-06-04,38486.08,37822.99,38509.24,37818.07,0.0,2013,6,4,1
2013-06-05,39453.23,38486.08,39456.87,38463.77,0.0,2013,6,5,2
2013-06-06,39510.11,39453.64,40716.06,39369.05,0.0,2013,6,6,3
2013-06-07,39564.79,39510.3,40364.73,39475.67,0.0,2013,6,7,4
2013-06-10,39737.8,39565.28,39964.57,38028.13,0.0,2013,6,10,0
2013-06-11,40012.66,39737.8,40165.02,39702.09,0.0,2013,6,11,1
2013-06-12,38915.54,40013.2,40743.59,38737.86,0.0,2013,6,12,2
2013-06-13,37406.73,38915.54,38915.54,36112.92,0.0,2013,6,13,3
2013-06-14,37249.93,37406.64,37563.39,36726.85,0.0,2013,6,14,4
2013-06-17,37085.12,37249.93,37272.49,37055.06,0.0,2013,6,17,0
2013-06-18,37024.72,37085.12,37293.29,36953.23,0.0,2013,6,18,1
2013-06-19,37135.74,37024.72,37135.36,36698.84,0.0,2013,6,19,2
2013-06-20,36963.77,37135.74,37314.11,36890.3,0.0,2013,6,20,3
2013-06-21,36464.39,36963.77,36973.93,36441.6,0.0,2013,6,21,4
2013-06-24,36464.35,36467.1,36464.39,36464.39,0.0,2013,6,24,0
2013-06-25,35751.4,36464.35,36544.2,34835.5,0.0,2013,6,25,1
2013-06-26,36096.42,35750.99,36244.19,35730.77,0.0,2013,6,26,2
2013-06-27,36468.25,36114.94,36501.45,36095.28,0.0,2013,6,27,3
2013-06-28,36159.87,36468.68,36538.27,36153.06,0.0,2013,6,28,4
2013-07-01,35832.16,36164.79,36172.16,35819.69,0.0,2013,7,1,0
2013-07-02,36043.48,35860.97,36069.14,35832.16,0.0,2013,7,2,1
2013-07-03,35949.01,36041.65,36063.7,35945.99,0.0,2013,7,3,2
2013-07-04,36509.64,35949.69,36514.43,35948.58,0.0,2013,7,4,3
2013-07-05,36926.29,36510.39,37021.67,36372.04,0.0,2013,7,5,4
2013-07-08,36790.14,36926.29,36926.29,36766.87,0.0,2013,7,8,0
2013-07-09,37014.14,36791.04,37093.22,36790.14,0.0,2013,7,9,1
2013-07-10,37128.4,37014.04,37187.25,37014.04,0.0,2013,7,10,2
2013-07-11,37327.67,37128.4,37337.6,37128.4,0.0,2013,7,11,3
2013-07-12,37382.49,37327.81,37460.24,37327.81,0.0,2013,7,12,4
2013-07-15,37720.32,37377.67,37715.78,37377.67,0.0,2013,7,15,0
2013-07-16,37885.66,37720.32,37885.87,37701.49,0.0,2013,7,16,1
2013-07-17,37975.34,37885.1,38004.31,37857.34,0.0,2013,7,17,2
2013-07-18,38334.54,37983.75,38337.76,37975.34,0.0,2013,7,18,3
2013-07-19,38328.29,38334.72,38391.23,38296.68,0.0,2013,7,19,4
2013-07-22,38090.75,38328.29,38339.37,38050.11,0.0,2013,7,22,0
2013-07-23,37885.58,38092.76,38142.25,37833.56,0.0,2013,7,23,1
2013-07-24,37554.01,37885.05,37898.34,37412.1,0.0,2013,7,24,2
2013-07-25,37286.5,37568.27,37604.33,37239.03,0.0,2013,7,25,3
2013-07-26,37145.65,37286.5,37322.26,37127.86,0.0,2013,7,26,4
2013-07-29,37562.5,37149.71,37564.09,37145.65,0.0,2013,7,29,0
2013-07-30,37806.45,37562.5,37910.57,37562.08,0.0,2013,7,30,1
2013-07-31,37914.33,37806.45,37931.17,37806.45,0.0,2013,7,31,2
2013-08-01,38292.07,37910.27,38292.36,37910.27,0.0,2013,8,1,3
2013-08-02,38424.34,38292.07,38450.97,38267.83,0.0,2013,8,2,4
2013-08-05,38350.96,38424.34,38522.74,38297.61,0.0,2013,8,5,0
2013-08-06,38227.63,38350.96,38404.5,38178.98,0.0,2013,8,6,1
2013-08-07,38037.85,38227.63,38277.47,38034.0,0.0,2013,8,7,2
2013-08-12,37813.43,38038.79,38080.88,37766.18,0.0,2013,8,12,0
2013-08-13,37589.6,37813.63,37841.31,37575.18,0.0,2013,8,13,1
2013-08-14,37103.67,37589.6,37630.54,37058.81,0.0,2013,8,14,2
2013-08-15,37111.64,37103.67,37107.38,36807.73,0.0,2013,8,15,3
2013-08-16,36986.94,37161.89,37221.7,36979.6,0.0,2013,8,16,4
2013-08-19,36800.68,36878.47,37005.5,36596.18,0.0,2013,8,19,0
2013-08-20,36558.8,36787.26,36800.68,36528.13,0.0,2013,8,20,1
2013-08-21,36345.33,36558.5,36584.61,36315.37,0.0,2013,8,21,2
2013-08-22,36563.89,36345.38,36571.62,36345.33,0.0,2013,8,22,3
2013-08-23,36577.28,36563.89,36664.15,36524.08,0.0,2013,8,23,4
2013-08-26,36526.69,36577.08,36669.39,36510.2,0.0,2013,8,26,0
2013-08-27,36480.24,36526.74,36549.29,36469.47,0.0,2013,8,27,1
2013-08-28,36299.27,36480.24,36501.79,36167.7,0.0,2013,8,28,2
2013-08-29,36400.38,36298.85,36407.92,36221.4,0.0,2013,8,29,3
2013-08-30,36248.53,36400.38,36428.19,36188.38,0.0,2013,8,30,4
2013-09-02,36337.15,36247.86,36363.3,36186.85,0.0,2013,9,2,0
2013-09-03,36230.83,36337.3,36407.43,36243.6,0.0,2013,9,3,1
2013-09-04,36215.57,36230.83,36651.3,36121.85,0.0,2013,9,4,2
2013-09-05,36476.3,36215.57,36743.39,36214.53,0.0,2013,9,5,3
2013-09-06,36403.95,36477.04,36502.28,36379.9,0.0,2013,9,6,4
2013-09-09,36367.59,36403.95,36483.22,36358.22,0.0,2013,9,9,0
2013-09-10,36113.13,36367.59,36367.65,36110.53,0.0,2013,9,10,1
2013-09-11,36259.66,36113.13,36260.01,36037.88,0.0,2013,9,11,2
2013-09-12,36224.45,36259.66,36261.59,36093.91,0.0,2013,9,12,3
2013-09-13,36098.07,36245.65,36339.51,36110.8,0.0,2013,9,13,4
2013-09-16,35861.88,36098.07,36099.87,36038.15,0.0,2013,9,16,0
2013-09-17,35851.38,35861.88,35960.98,35696.79,0.0,2013,9,17,1
2013-09-18,35765.71,35852.59,35882.67,35708.57,0.0,2013,9,18,2
2013-09-19,35891.91,35766.02,36004.61,35765.71,0.0,2013,9,19,3
2013-09-20,36188.72,35899.16,36196.02,35862.25,0.0,2013,9,20,4
2013-09-23,36088.64,36206.51,36207.32,36040.88,0.0,2013,9,23,0
2013-09-24,36056.02,36088.64,36089.13,35965.53,0.0,2013,9,24,1
2013-09-25,36142.44,36056.6,36211.12,36055.97,0.0,2013,9,25,2
2013-09-26,36158.04,36143.56,36216.12,36110.47,0.0,2013,9,26,3
2013-09-27,36436.98,36162.88,36438.11,36148.75,0.0,2013,9,27,4
2013-09-30,36585.08,36162.88,36585.08,36056.02,0.0,2013,9,30,0
2013-10-02,36908.06,36585.08,36908.06,36143.56,0.0,2013,10,2,2
2013-10-03,36831.03,36908.06,36831.03,36158.04,0.0,2013,10,3,3
2013-10-04,36925.82,36436.98,36925.82,36436.98,0.0,2013,10,4,4
2013-10-07,36857.22,36925.82,36925.82,36585.08,0.0,2013,10,7,0
2013-10-08,36904.52,36857.22,36925.82,36826.34,0.0,2013,10,8,1
2013-10-09,37259.65,36904.52,37259.65,36831.03,0.0,2013,10,9,2
2013-10-10,36962.63,37259.65,37259.65,36857.22,0.0,2013,10,10,3
2013-10-11,36991.62,36857.22,37259.65,36857.22,0.0,2013,10,11,4
2013-10-14,37051.14,36991.61,37259.65,36904.52,0.0,2013,10,14,0
2013-10-17,37257.35,37051.14,37257.35,36962.63,0.0,2013,10,17,3
2013-10-21,37263.16,37339.14,37349.74,37201.61,0.0,2013,10,21,0
2013-10-22,37368.1,37263.16,37490.34,37251.58,0.0,2013,10,22,1
2013-10-23,37408.56,37368.1,37458.7,37265.17,0.0,2013,10,23,2
2013-10-24,37611.65,37408.56,37612.86,37369.13,0.0,2013,10,24,3
2013-10-25,37461.94,37611.53,37636.04,37426.96,0.0,2013,10,25,4
2013-10-28,37278.34,37461.94,37611.65,37278.34,0.0,2013,10,28,0
2013-10-29,37514.55,37278.34,37611.65,37278.34,0.0,2013,10,29,1
2013-10-30,37373.09,37514.55,37611.65,37278.34,0.0,2013,10,30,2
2013-10-31,37622.74,37373.09,37633.0,37312.51,0.0,2013,10,31,3
2013-11-01,37765.82,37622.74,37792.79,37572.73,0.0,2013,11,1,4
2013-11-04,37937.61,37765.16,37937.61,37373.09,0.0,2013,11,4,0
2013-11-05,38054.23,37937.61,38054.23,37373.09,0.0,2013,11,5,1
2013-11-06,38125.18,38054.23,38125.18,38041.44,0.0,2013,11,6,2
2013-11-07,38125.91,38125.18,38265.79,38056.49,0.0,2013,11,7,3
2013-11-08,37870.87,38125.91,38125.91,37870.87,0.0,2013,11,8,4
2013-11-11,37898.3,37870.87,37902.49,37834.02,0.0,2013,11,11,0
2013-11-12,38293.59,37898.3,38293.59,37866.22,0.0,2013,11,12,1
2013-11-13,37949.11,38293.59,38293.59,37870.87,0.0,2013,11,13,2
2013-11-14,37772.86,37949.11,38293.59,37772.86,0.0,2013,11,14,3
2013-11-15,37883.53,37772.86,37937.61,37770.59,0.0,2013,11,15,4
2013-11-18,38053.75,37883.53,38064.32,37780.7,0.0,2013,11,18,0
2013-11-19,38255.86,38053.75,38315.14,38114.09,0.0,2013,11,19,1
2013-11-20,38815.64,38255.86,38815.64,38255.86,0.0,2013,11,20,2
2013-11-21,39119.88,38815.64,39151.66,38962.95,0.0,2013,11,21,3
2013-11-22,39246.05,39119.88,39250.93,39068.01,0.0,2013,11,22,4
2013-11-25,39222.02,39246.05,39246.64,39173.37,0.0,2013,11,25,0
2013-11-26,38975.16,39222.02,39100.41,38839.66,0.0,2013,11,26,1
2013-11-27,39011.31,38975.16,39012.65,38809.39,0.0,2013,11,27,2
2013-11-28,38928.65,39011.31,39011.44,38808.4,0.0,2013,11,28,3
2013-11-29,38920.85,38928.65,38928.65,38812.4,0.0,2013,11,29,4
2013-12-02,39045.07,38920.85,39045.07,38875.59,0.0,2013,12,2,0
2013-12-03,38955.42,39045.07,39126.78,38890.46,0.0,2013,12,3,1
2013-12-04,38990.2,38955.42,39065.17,38909.7,0.0,2013,12,4,2
2013-12-05,38864.84,38990.2,39006.22,38797.09,0.0,2013,12,5,3
2013-12-06,38738.15,38864.84,38835.71,38676.29,0.0,2013,12,6,4
2013-12-09,38747.51,38738.55,38747.51,38545.75,0.0,2013,12,9,0
2013-12-10,38961.6,38747.51,38964.6,38505.45,0.0,2013,12,10,1
2013-12-11,38844.17,38961.6,38994.77,38810.39,0.0,2013,12,11,2
2013-12-12,38841.49,38844.17,38841.49,38561.19,0.0,2013,12,12,3
2013-12-13,38831.59,38841.49,39372.9,38761.97,0.0,2013,12,13,4
2013-12-16,39695.34,38831.59,39703.84,38638.88,0.0,2013,12,16,0
2013-12-17,39130.37,39763.61,39763.61,39109.45,0.0,2013,12,17,1
2013-12-18,39383.33,39130.37,39383.33,39129.09,0.0,2013,12,18,2
2013-12-19,39760.43,39383.33,39861.7,39318.25,0.0,2013,12,19,3
2013-12-20,39562.75,39760.43,39652.28,39430.42,0.0,2013,12,20,4
2013-12-23,39906.76,39562.75,39906.76,39562.75,0.0,2013,12,23,0
2013-12-24,39858.23,39906.76,39996.56,39816.39,0.0,2013,12,24,1
2013-12-27,40231.68,39858.23,40248.85,39911.56,0.0,2013,12,27,4
2013-12-30,40472.13,40231.68,40516.77,40335.3,0.0,2013,12,30,0
2013-12-31,41329.19,40472.13,41329.19,40812.52,0.0,2013,12,31,1
2014-01-02,41228.49,41329.19,41505.77,41162.99,0.0,2014,1,2,3
2014-01-03,41450.48,41228.49,41522.17,41064.69,0.0,2014,1,3,4
2014-01-06,41507.3,41450.48,41513.95,41240.18,0.0,2014,1,6,0
2014-01-07,41806.73,41507.3,41834.87,41240.51,0.0,2014,1,7,1
2014-01-08,41830.89,41806.73,42258.64,41666.08,0.0,2014,1,8,2
2014-01-09,41363.05,41943.28,41962.65,41295.91,0.0,2014,1,9,3
2014-01-10,41480.62,41363.05,41480.62,40785.04,0.0,2014,1,10,4
2014-01-13,41441.19,41480.62,41534.44,41428.5,0.0,2014,1,13,0
2014-01-15,41611.15,41441.19,41786.09,41301.95,0.0,2014,1,15,2
2014-01-16,41740.77,41611.15,41740.77,41598.55,0.0,2014,1,16,3
2014-01-17,41751.55,41740.77,41765.34,41641.51,0.0,2014,1,17,4
2014-01-20,41471.28,41836.12,41751.55,41441.19,0.0,2014,1,20,0
2014-01-21,41931.63,41471.28,41956.04,41467.46,0.0,2014,1,21,1
2014-01-22,41469.94,41908.07,41667.06,41438.16,0.0,2014,1,22,2
2014-01-23,41957.5,41469.94,41980.94,41468.03,0.0,2014,1,23,3
2014-01-24,41917.55,41957.5,42138.92,41866.09,0.0,2014,1,24,4
2014-01-27,41650.14,41917.55,41953.96,41542.15,0.0,2014,1,27,0
2014-01-28,41189.66,41650.14,41670.5,41178.34,0.0,2014,1,28,1
2014-01-29,40792.07,41189.66,41024.12,40580.18,0.0,2014,1,29,2
2014-01-30,40601.74,40792.07,40601.74,40208.78,0.0,2014,1,30,3
2014-01-31,40571.62,40601.74,40642.82,40480.27,0.0,2014,1,31,4
2014-02-03,41366.42,40571.62,41370.13,40571.62,0.0,2014,2,3,0
2014-02-04,41064.91,41366.42,41413.95,40754.99,0.0,2014,2,4,1
2014-02-05,40878.71,41064.91,41080.71,40691.96,0.0,2014,2,5,2
2014-02-06,40766.16,40878.71,40885.69,40642.29,0.0,2014,2,6,3
2014-02-07,40773.5,40766.16,41366.42,40766.16,0.0,2014,2,7,4
2014-02-10,40647.8,40773.5,40778.39,40408.04,0.0,2014,2,10,0
2014-02-11,40453.61,40647.8,40667.17,40415.39,0.0,2014,2,11,1
2014-02-12,40278.82,40453.61,40453.61,40023.01,0.0,2014,2,12,2
2014-02-13,39378.15,40278.82,40773.5,39378.15,0.0,2014,2,13,3
2014-02-14,38767.29,39378.15,38767.29,38089.58,0.0,2014,2,14,4
2014-02-17,38964.75,38768.38,39406.2,38720.08,0.0,2014,2,17,0
2014-02-18,38972.56,38964.75,39504.45,38658.82,0.0,2014,2,18,1
2014-02-19,39397.09,39211.29,39397.09,39024.54,0.0,2014,2,19,2
2014-02-20,38816.19,39397.09,39501.58,38544.43,0.0,2014,2,20,3
2014-02-21,38295.74,38816.19,38816.48,38227.71,0.0,2014,2,21,4
2014-02-24,38707.14,38287.2,38707.14,38187.57,0.0,2014,2,24,0
2014-02-25,39160.1,38707.14,39273.71,38707.14,0.0,2014,2,25,1
2014-02-26,38862.87,39160.81,39364.49,38791.27,0.0,2014,2,26,2
2014-02-27,38885.93,38862.87,38910.19,38724.68,0.0,2014,2,27,3
2014-02-28,39558.89,38885.93,39585.96,38882.31,0.0,2014,2,28,4
2014-03-03,39564.43,39558.89,39610.5,39267.42,0.0,2014,3,3,0
2014-03-04,39199.41,39564.43,39625.62,38995.11,0.0,2014,3,4,1
2014-03-05,39127.41,39199.27,39276.71,39038.21,0.0,2014,3,5,2
2014-03-06,38944.62,39127.41,39130.32,38911.8,0.0,2014,3,6,3
2014-03-07,38952.47,38944.62,38983.09,38718.52,0.0,2014,3,7,4
2014-03-10,39172.76,38952.47,39179.82,38949.67,0.0,2014,3,10,0
2014-03-11,39269.4,39172.76,39327.55,39071.91,0.0,2014,3,11,1
2014-03-12,39150.3,39269.4,39399.68,38928.17,0.0,2014,3,12,2
2014-03-13,38503.65,39150.3,39150.75,38487.06,0.0,2014,3,13,3
2014-03-14,38171.32,38503.65,38512.79,37892.03,0.0,2014,3,14,4
2014-03-17,37888.47,38171.32,38171.37,37881.12,0.0,2014,3,17,0
2014-03-18,37274.04,37888.47,37996.11,37193.61,0.0,2014,3,18,1
2014-03-19,37136.6,37273.17,37728.91,37108.32,0.0,2014,3,19,2
2014-03-20,37308.6,37136.6,37374.65,37111.19,0.0,2014,3,20,3
2014-03-21,37790.12,37308.6,37805.65,37383.42,0.0,2014,3,21,4
2014-03-24,37601.53,37790.49,37791.05,37494.3,0.0,2014,3,24,0
2014-03-25,37728.5,37601.53,37738.93,37567.51,0.0,2014,3,25,1
2014-03-26,37820.22,37728.5,37820.22,37617.32,0.0,2014,3,26,2
2014-03-27,38186.93,37820.22,38187.36,37698.8,0.0,2014,3,27,3
2014-03-28,38331.78,38186.93,38363.49,37914.98,0.0,2014,3,28,4
2014-03-31,38748.01,38331.78,38748.01,38007.39,0.0,2014,3,31,0
2014-04-01,38383.05,38748.01,38801.22,38234.37,0.0,2014,4,1,1
2014-04-02,38469.33,38379.29,38472.78,38354.55,0.0,2014,4,2,2
2014-04-03,38545.88,38469.33,38559.33,38450.97,0.0,2014,4,3,3
2014-04-04,38712.76,38545.88,38745.68,38465.15,0.0,2014,4,4,4
2014-04-07,38626.11,38712.76,38739.23,38563.39,0.0,2014,4,7,0
2014-04-08,38881.76,38626.11,38881.76,38606.71,0.0,2014,4,8,1
2014-04-09,39017.66,38881.76,39027.67,38827.22,0.0,2014,4,9,2
2014-04-10,38969.26,39017.66,39025.91,38873.38,0.0,2014,4,10,3
2014-04-11,39083.66,38969.26,39085.67,38836.5,0.0,2014,4,11,4
2014-04-14,38987.5,39083.66,39083.66,38856.81,0.0,2014,4,14,0
2014-04-15,39217.65,38987.5,39219.82,38987.5,0.0,2014,4,15,1
2014-04-16,39298.97,39217.77,39334.88,39204.66,0.0,2014,4,16,2
2014-04-17,39311.6,39298.97,39341.5,39213.63,0.0,2014,4,17,3
2014-04-22,39016.55,39325.98,39443.09,39210.54,0.0,2014,4,22,1
2014-04-23,39194.09,39022.25,39198.27,38866.92,0.0,2014,4,23,2
2014-04-24,39011.9,39194.09,39242.8,38922.79,0.0,2014,4,24,3
2014-04-25,38898.14,39011.9,39078.47,38891.83,0.0,2014,4,25,4
2014-04-28,38598.33,38857.01,38858.0,38547.62,0.0,2014,4,28,0
2014-04-29,38487.25,38598.33,38664.74,38378.02,0.0,2014,4,29,1
2014-04-30,38485.56,38480.6,38556.73,38361.39,0.0,2014,4,30,2
2014-05-02,38572.2,38485.56,38639.4,38109.91,0.0,2014,5,2,4
2014-05-05,38447.89,38572.2,38572.2,38379.37,0.0,2014,5,5,0
2014-05-06,38474.07,38452.11,38514.81,38386.27,0.0,2014,5,6,1
2014-05-07,38579.39,38474.07,38588.72,38338.02,0.0,2014,5,7,2
2014-05-08,38640.43,38585.99,38648.52,38500.14,0.0,2014,5,8,3
2014-05-09,38554.19,38640.43,38648.16,38498.89,0.0,2014,5,9,4
2014-05-12,38560.69,38554.19,38690.0,38530.2,0.0,2014,5,12,0
2014-05-13,38955.02,38560.69,38955.02,38560.29,0.0,2014,5,13,1
2014-05-14,39138.98,38955.02,39189.21,38941.61,0.0,2014,5,14,2
2014-05-15,38957.46,39138.97,39352.3,38922.44,0.0,2014,5,15,3
2014-05-16,39022.1,38957.46,39049.2,38868.69,0.0,2014,5,16,4
2014-05-19,39007.4,39018.34,39073.97,38980.2,0.0,2014,5,19,0
2014-05-20,39162.49,39007.4,39475.3,38987.16,0.0,2014,5,20,1
2014-05-21,39102.77,39162.49,39263.41,38895.74,0.0,2014,5,21,2
2014-05-22,39552.99,39102.77,39552.99,39094.98,0.0,2014,5,22,3
2014-05-23,39831.83,39552.99,40294.2,39552.99,0.0,2014,5,23,4
2014-05-26,39755.47,39831.82,39875.05,39740.85,0.0,2014,5,26,0
2014-05-27,40061.24,39755.46,40061.35,39668.06,0.0,2014,5,27,1
2014-05-28,40286.76,40061.24,40311.19,40061.24,0.0,2014,5,28,2
2014-05-30,41474.4,40286.75,41480.47,40285.87,0.0,2014,5,30,4
2014-06-02,41501.4,41474.39,41777.8,41362.62,0.0,2014,6,2,0
2014-06-03,41397.68,41501.39,41656.33,41359.39,0.0,2014,6,3,1
2014-06-04,41627.42,41397.67,41667.48,41296.22,0.0,2014,6,4,2
2014-06-05,41570.09,41627.42,41863.03,41549.89,0.0,2014,6,5,3
2014-06-06,41529.11,41570.07,41617.36,40977.9,0.0,2014,6,6,4
2014-06-09,41642.55,41529.09,41700.95,41489.2,0.0,2014,6,9,0
2014-06-10,41521.42,41608.48,41621.63,41428.09,0.0,2014,6,10,1
2014-06-11,41642.55,41521.4,41749.4,41472.67,0.0,2014,6,11,2
2014-06-12,41228.65,41642.56,41675.04,41199.93,0.0,2014,6,12,3
2014-06-13,41517.1,41228.66,41685.35,41208.88,0.0,2014,6,13,4
2014-06-16,41449.51,41517.11,41517.37,41350.34,0.0,2014,6,16,0
2014-06-17,41135.4,41449.52,41508.15,41128.12,0.0,2014,6,17,1
2014-06-18,41171.47,41135.7,41359.77,41121.8,0.0,2014,6,18,2
2014-06-19,41068.93,41171.17,41235.9,40995.56,0.0,2014,6,19,3
2014-06-20,41129.27,41068.95,41382.66,41068.95,0.0,2014,6,20,4
2014-06-23,41577.47,41129.29,41582.14,41121.57,0.0,2014,6,23,0
2014-06-24,41740.52,41577.49,41793.98,41577.49,0.0,2014,6,24,1
2014-06-25,41987.55,41740.54,41987.57,41545.97,0.0,2014,6,25,2
2014-06-26,41729.59,41987.12,41987.12,41685.53,0.0,2014,6,26,3
2014-06-27,42187.62,41729.61,42265.75,41638.77,0.0,2014,6,27,4
2014-06-30,42482.48,42187.64,42482.49,41984.8,0.0,2014,6,30,0
2014-07-01,42611.3,42482.49,42649.56,42443.33,0.0,2014,7,1,1
2014-07-02,42609.75,42611.32,42735.16,42567.38,0.0,2014,7,2,2
2014-07-03,42686.86,42609.47,42704.17,42370.25,0.0,2014,7,3,3
2014-07-04,43031.81,42686.58,43046.58,42624.48,0.0,2014,7,4,4
2014-07-07,42758.02,43031.83,43113.09,42758.04,0.0,2014,7,7,0
2014-07-08,42861.78,42758.04,42946.37,42071.19,0.0,2014,7,8,1
2014-07-09,43039.42,42861.8,43067.76,42758.96,0.0,2014,7,9,2
2014-07-10,43004.38,43039.45,43141.53,42710.88,0.0,2014,7,10,3
2014-07-11,42832.82,43005.19,43075.85,42755.06,0.0,2014,7,11,4
2014-07-14,42930.6,42832.85,42947.6,42709.49,0.0,2014,7,14,0
2014-07-15,42971.56,42930.63,43001.51,42907.61,0.0,2014,7,15,1
2014-07-16,43030.27,42971.59,43255.04,42954.63,0.0,2014,7,16,2
2014-07-17,42918.55,43030.3,43030.3,42862.4,0.0,2014,7,17,3
2014-07-18,42891.82,42918.55,42944.42,42833.57,0.0,2014,7,18,4
2014-07-21,42784.3,42891.85,42937.93,42768.29,0.0,2014,7,21,0
2014-07-22,42664.95,42784.33,42876.98,42650.33,0.0,2014,7,22,1
2014-07-23,42544.33,42664.98,42728.03,42533.96,0.0,2014,7,23,2
2014-07-24,42529.74,0.0,42891.82,42529.74,0.0,2014,7,24,3
2014-07-25,42285.82,42529.77,42543.61,42112.37,0.0,2014,7,25,4
2014-07-30,42368.99,42285.85,42527.89,41858.73,0.0,2014,7,30,2
2014-07-31,42097.49,42369.02,42466.05,42039.06,0.0,2014,7,31,3
2014-08-01,41934.4,42097.49,42107.39,41886.66,0.0,2014,8,1,4
2014-08-04,41801.51,41934.43,41992.02,41704.38,0.0,2014,8,4,0
2014-08-05,42292.93,41801.54,42373.72,41780.07,0.0,2014,8,5,1
2014-08-06,42339.84,42292.95,42444.17,42238.39,0.0,2014,8,6,2
2014-08-07,42612.33,42339.86,42615.04,42314.79,0.0,2014,8,7,3
2014-08-08,42598.46,42612.35,42674.99,42579.26,0.0,2014,8,8,4
2014-08-11,42012.73,42598.47,42598.47,42007.5,0.0,2014,8,11,0
2014-08-12,42092.73,42012.81,42168.36,42012.69,0.0,2014,8,12,1
2014-08-13,41863.6,42092.75,42111.9,41863.6,0.0,2014,8,13,2
2014-08-14,41551.71,41753.21,41757.6,41545.85,0.0,2014,8,14,3
2014-08-15,41380.05,41750.41,41784.29,41388.66,0.0,2014,8,15,4
2014-08-18,41341.08,41379.49,41532.04,41303.67,0.0,2014,8,18,0
2014-08-19,41812.14,41370.65,41728.38,41370.43,0.0,2014,8,19,1
2014-08-20,41789.56,41812.17,41844.7,41569.93,0.0,2014,8,20,2
2014-08-21,41767.33,41789.58,41790.58,41441.62,0.0,2014,8,21,3
2014-08-22,41564.19,41767.35,41767.35,41538.7,0.0,2014,8,22,4
2014-08-25,41339.48,41564.21,41564.21,41311.73,0.0,2014,8,25,0
2014-08-26,41235.25,41339.5,41392.99,41107.06,0.0,2014,8,26,1
2014-08-27,41121.12,41235.27,41407.01,41025.86,0.0,2014,8,27,2
2014-08-28,41359.87,41121.14,41362.03,41004.25,0.0,2014,8,28,3
2014-08-29,41532.33,41359.89,41595.29,41359.81,0.0,2014,8,29,4
2014-09-01,41398.05,41532.33,41557.57,41375.4,0.0,2014,9,1,0
2014-09-02,41264.65,41398.05,41474.27,41034.21,0.0,2014,9,2,1
2014-09-03,41207.79,41264.65,41371.94,41173.91,0.0,2014,9,3,2
2014-09-04,41017.49,41207.79,41214.16,40961.71,0.0,2014,9,4,3
2014-09-05,41160.62,41017.49,41163.27,40902.1,0.0,2014,9,5,4
2014-09-08,41214.81,41160.62,41248.49,41146.94,0.0,2014,9,8,0
2014-09-09,40868.02,41214.82,41224.07,40798.92,0.0,2014,9,9,1
2014-09-10,40885.4,40868.02,40924.76,40815.26,0.0,2014,9,10,2
2014-09-11,40757.2,40885.4,40885.84,40658.06,0.0,2014,9,11,3
2014-09-12,40672.94,40757.2,40824.97,40613.9,0.0,2014,9,12,4
2014-09-15,40769.0,40672.94,40933.12,40620.42,0.0,2014,9,15,0
2014-09-16,40648.15,40769.0,40771.47,40379.2,0.0,2014,9,16,1
2014-09-17,40729.49,40648.16,41118.89,40517.47,0.0,2014,9,17,2
2014-09-18,40683.45,40729.49,40745.5,40576.93,0.0,2014,9,18,3
2014-09-19,41049.27,40683.45,41049.27,40612.76,0.0,2014,9,19,4
2014-09-22,40984.12,41049.27,41082.68,40703.86,0.0,2014,9,22,0
2014-09-23,40537.2,40984.11,41048.81,40498.45,0.0,2014,9,23,1
2014-09-24,40809.32,40537.2,40809.32,40339.14,0.0,2014,9,24,2
2014-09-25,40780.0,40809.32,40836.6,40345.73,0.0,2014,9,25,3
2014-09-26,40819.72,40780.0,40864.53,40575.57,0.0,2014,9,26,4
2014-09-29,41105.38,40819.72,41140.21,40781.88,0.0,2014,9,29,0
2014-09-30,41210.1,41105.38,41214.53,40769.9,0.0,2014,9,30,1
2014-10-02,41135.56,41210.1,41272.9,41109.71,0.0,2014,10,2,3
2014-10-03,41103.94,41135.56,41138.56,40730.33,0.0,2014,10,3,4
2014-10-08,40995.02,41103.75,41216.9,40854.06,0.0,2014,10,8,2
2014-10-09,40572.25,40995.02,41067.33,40560.89,0.0,2014,10,9,3
2014-10-10,40444.39,40572.25,40578.86,40301.02,0.0,2014,10,10,4
2014-10-13,40051.29,40444.39,40459.32,40051.29,0.0,2014,10,13,0
2014-10-14,39681.71,40051.29,40051.94,39286.8,0.0,2014,10,14,1
2014-10-15,39278.47,39681.71,39682.38,39258.9,0.0,2014,10,15,2
2014-10-16,38490.67,39278.47,39278.47,37838.92,0.0,2014,10,16,3
2014-10-17,38197.73,38490.67,38616.33,37790.92,0.0,2014,10,17,4
2014-10-20,38662.65,38197.73,38888.83,38197.73,0.0,2014,10,20,0
2014-10-21,38776.67,38662.65,38848.33,38662.65,0.0,2014,10,21,1
2014-10-22,39113.62,38776.67,38994.26,38683.32,0.0,2014,10,22,2
2014-10-23,38979.3,38994.16,38994.16,38755.9,0.0,2014,10,23,3
2014-10-24,38967.72,38979.3,39152.1,38692.48,0.0,2014,10,24,4
2014-10-27,38724.15,38967.72,38984.37,38485.03,0.0,2014,10,27,0
2014-10-28,38286.56,38724.15,38746.46,38199.43,0.0,2014,10,28,1
2014-10-29,38148.18,38286.56,38299.25,38015.72,0.0,2014,10,29,2
2014-10-30,37979.99,38148.18,38153.36,37810.67,0.0,2014,10,30,3
2014-10-31,37550.24,37979.99,37983.19,37255.85,0.0,2014,10,31,4
2014-11-03,37343.85,37550.24,37575.07,36842.87,0.0,2014,11,3,0
2014-11-04,36744.46,37343.85,37365.05,36744.46,0.0,2014,11,4,1
2014-11-05,35958.38,36744.46,36737.33,35872.17,0.0,2014,11,5,2
2014-11-06,34494.93,35958.38,35958.38,34332.15,0.0,2014,11,6,3
2014-11-07,33225.75,34304.46,34304.46,33063.84,0.0,2014,11,7,4
2014-11-10,33224.84,33225.75,33234.28,32647.38,0.0,2014,11,10,0
2014-11-11,33670.75,33234.28,33683.59,33109.07,0.0,2014,11,11,1
2014-11-12,33967.48,33670.75,34125.36,33232.1,0.0,2014,11,12,2
2014-11-13,34515.47,33967.48,34515.47,33581.92,0.0,2014,11,13,3
2014-11-14,35381.02,34515.47,35381.02,34311.58,0.0,2014,11,14,4
2014-11-17,35488.8,35396.22,36102.33,35393.73,0.0,2014,11,17,0
2014-11-18,34896.5,35488.8,35500.07,34825.39,0.0,2014,11,18,1
2014-11-19,34145.79,34902.59,34918.69,34145.79,0.0,2014,11,19,2
2014-11-20,33428.76,33665.58,33701.23,32854.72,0.0,2014,11,20,3
2014-11-21,33926.18,33428.76,33926.18,33114.15,0.0,2014,11,21,4
2014-11-24,33875.26,34235.87,34305.88,33773.88,0.0,2014,11,24,0
2014-11-25,34115.84,33875.26,34115.84,33707.16,0.0,2014,11,25,1
2014-11-26,34583.29,34115.84,34712.9,34115.84,0.0,2014,11,26,2
2014-11-27,34705.48,34583.29,35006.34,34581.26,0.0,2014,11,27,3
2014-11-28,34543.05,34705.48,34809.76,34172.24,0.0,2014,11,28,4
2014-12-01,33914.25,34555.39,34555.39,33889.88,0.0,2014,12,1,0
2014-12-02,33550.73,33914.25,33949.44,33307.02,0.0,2014,12,2,1
2014-12-03,33255.67,33550.73,33690.7,33204.57,0.0,2014,12,3,2
2014-12-04,33175.78,33255.67,33435.7,33129.07,0.0,2014,12,4,3
2014-12-05,33228.29,33175.78,33333.19,32828.1,0.0,2014,12,5,4
2014-12-08,33075.8,33228.29,33228.29,32824.37,0.0,2014,12,8,0
2014-12-09,32932.49,33075.8,33129.7,32556.25,0.0,2014,12,9,1
2014-12-10,32203.62,32932.41,32936.61,32150.7,0.0,2014,12,10,2
2014-12-11,31062.03,32203.62,32220.81,30993.29,0.0,2014,12,11,3
2014-12-12,30763.38,31062.03,31089.22,30208.32,0.0,2014,12,12,4
2014-12-15,30492.3,30763.38,30772.59,30091.76,0.0,2014,12,15,0
2014-12-16,29789.59,30492.3,30538.2,29770.25,0.0,2014,12,16,1
2014-12-17,28961.67,29789.59,29791.45,28849.14,0.0,2014,12,17,2
2014-12-18,29311.25,28961.67,29311.25,28414.5,0.0,2014,12,18,3
2014-12-19,30306.51,29311.25,30306.51,29311.25,0.0,2014,12,19,4
2014-12-22,31371.93,30306.51,31586.33,30304.87,0.0,2014,12,22,0
2014-12-23,32786.0,31371.93,32803.65,31370.41,0.0,2014,12,23,1
2014-12-24,34428.82,32786.0,34428.82,32786.0,0.0,2014,12,24,2
2014-12-29,34663.92,34428.82,35134.06,34421.54,0.0,2014,12,29,0
2014-12-30,34684.32,34664.4,35144.37,34243.72,0.0,2014,12,30,1
2014-12-31,34657.15,34684.32,35340.92,34149.8,0.0,2014,12,31,2
2015-01-05,33943.29,34657.15,34657.26,33805.43,0.0,2015,1,5,0
2015-01-06,32522.31,33943.29,33994.43,32507.38,0.0,2015,1,6,1
2015-01-07,31167.54,32522.31,32522.31,31148.78,0.0,2015,1,7,2
2015-01-08,30420.54,31167.54,31167.54,30418.91,0.0,2015,1,8,3
2015-01-09,30143.02,30420.54,30704.34,30080.84,0.0,2015,1,9,4
2015-01-12,30234.72,30160.3,30234.72,29353.54,0.0,2015,1,12,0
2015-01-13,29889.86,30218.82,30221.78,29445.0,0.0,2015,1,13,1
2015-01-14,28740.61,29889.86,29937.53,28699.71,0.0,2015,1,14,2
2015-01-15,28811.39,28740.61,29123.27,28726.61,0.0,2015,1,15,3
2015-01-16,29032.29,28811.39,29364.93,28811.39,0.0,2015,1,16,4
2015-01-19,29773.4,29034.89,29847.55,29034.89,0.0,2015,1,19,0
2015-01-20,29819.39,29773.4,30139.82,29743.63,0.0,2015,1,20,1
2015-01-21,29759.04,29819.39,29905.8,29743.12,0.0,2015,1,21,2
2015-01-22,29687.93,29759.04,29773.74,29601.78,0.0,2015,1,22,3
2015-01-23,29812.05,29687.93,29812.05,29687.93,0.0,2015,1,23,4
2015-01-26,29779.17,29812.05,29856.82,29572.64,0.0,2015,1,26,0
2015-01-27,29859.06,29779.17,29920.08,29738.46,0.0,2015,1,27,1
2015-01-28,29907.66,29859.06,29988.46,29817.11,0.0,2015,1,28,2
2015-01-29,29642.38,29907.66,29922.47,29590.92,0.0,2015,1,29,3
2015-01-30,29562.07,29642.38,29660.45,29465.66,0.0,2015,1,30,4
2015-02-02,29882.28,29562.07,29884.28,29562.07,0.0,2015,2,2,0
2015-02-03,30018.35,29882.28,30300.75,29771.53,0.0,2015,2,3,1
2015-02-04,30617.96,30018.35,30668.44,30002.86,0.0,2015,2,4,2
2015-02-05,30200.97,30617.96,30682.77,30151.34,0.0,2015,2,5,3
2015-02-06,29985.08,30200.97,30264.86,29968.74,0.0,2015,2,6,4
2015-02-09,29360.55,29985.08,30055.86,29357.02,0.0,2015,2,9,0
2015-02-10,29125.69,29360.55,29368.17,28965.68,0.0,2015,2,10,1
2015-02-11,28721.27,29125.69,29127.44,28630.97,0.0,2015,2,11,2
2015-02-12,27917.9,28721.27,28721.27,27905.55,0.0,2015,2,12,3
2015-02-13,27585.26,27935.77,28038.5,27395.73,0.0,2015,2,13,4
2015-02-16,27728.63,27585.26,27730.63,27423.51,0.0,2015,2,16,0
2015-02-17,28452.6,27728.63,28575.12,27680.14,0.0,2015,2,17,1
2015-02-18,29177.58,28452.6,29227.81,28452.6,0.0,2015,2,18,2
2015-02-19,29282.04,29177.58,29426.16,29074.94,0.0,2015,2,19,3
2015-02-20,29383.93,29282.04,29460.45,29036.52,0.0,2015,2,20,4
2015-02-23,29793.13,29383.93,29854.38,29383.93,0.0,2015,2,23,0
2015-02-24,30145.6,29793.13,30171.43,29790.46,0.0,2015,2,24,1
2015-02-25,30195.56,30167.54,30217.67,30050.76,0.0,2015,2,25,2
2015-02-26,30045.56,30195.56,30223.74,30019.95,0.0,2015,2,26,3
2015-02-27,30103.81,30045.56,30154.53,29906.91,0.0,2015,2,27,4
2015-03-02,30267.18,30103.81,30267.18,30103.81,0.0,2015,3,2,0
2015-03-03,30601.13,30267.18,30606.38,30267.18,0.0,2015,3,3,1
2015-03-04,30614.93,30601.13,30741.34,30535.54,0.0,2015,3,4,2
2015-03-05,30365.05,30614.93,30648.9,30301.47,0.0,2015,3,5,3
2015-03-06,31049.37,30365.05,31108.92,30365.05,0.0,2015,3,6,4
2015-03-09,31195.93,31049.37,31552.95,31049.37,0.0,2015,3,9,0
2015-03-10,31355.28,31190.45,31450.64,31190.45,0.0,2015,3,10,1
2015-03-11,30869.17,31355.28,31401.75,30804.53,0.0,2015,3,11,2
2015-03-12,30973.8,30869.17,31002.66,30802.54,0.0,2015,3,12,3
2015-03-13,30719.36,30973.8,31027.63,30712.13,0.0,2015,3,13,4
2015-03-16,29929.56,30719.36,30719.9,29922.25,0.0,2015,3,16,0
2015-03-17,29553.69,29929.56,29949.44,29436.82,0.0,2015,3,17,1
2015-03-18,29434.46,29561.23,29561.23,29241.93,0.0,2015,3,18,2
2015-03-19,29243.91,29413.2,29448.15,29188.88,0.0,2015,3,19,3
2015-03-20,29334.23,29243.91,29336.15,29178.86,0.0,2015,3,20,4
2015-03-23,29505.47,29334.23,29515.39,29277.47,0.0,2015,3,23,0
2015-03-24,29584.0,29505.47,29639.57,29374.1,0.0,2015,3,24,1
2015-03-25,29889.91,29584.0,29926.16,29564.89,0.0,2015,3,25,2
2015-03-26,30073.1,29889.84,30076.25,29889.84,0.0,2015,3,26,3
2015-03-27,30562.93,30073.1,30577.3,30050.9,0.0,2015,3,27,4
2015-03-30,31090.81,30570.39,31090.81,30568.03,0.0,2015,3,30,0
2015-03-31,31753.15,31090.81,31753.15,31082.23,0.0,2015,3,31,1
2015-04-01,34392.56,31753.15,34423.74,31753.15,0.0,2015,4,1,2
2015-04-02,35728.12,34380.14,35843.39,34380.14,0.0,2015,4,2,3
2015-04-07,34941.79,35728.12,35729.2,34832.62,0.0,2015,4,7,1
2015-04-08,34175.24,34941.79,34941.79,33990.33,0.0,2015,4,8,2
2015-04-09,34520.14,34175.24,34664.99,33994.45,0.0,2015,4,9,3
2015-04-10,34930.02,34520.14,34967.61,34590.36,0.0,2015,4,10,4
2015-04-13,35191.56,34930.02,35191.56,34715.4,0.0,2015,4,13,0
2015-04-14,35043.44,35190.23,35539.03,34989.44,0.0,2015,4,14,1
2015-04-15,34965.88,35042.33,35084.52,34947.29,0.0,2015,4,15,2
2015-04-16,34832.62,34965.88,35194.66,34792.32,0.0,2015,4,16,3
2015-04-17,35005.42,34832.62,35056.99,34762.42,0.0,2015,4,17,4
2015-04-20,34730.95,35005.42,35073.89,34719.68,0.0,2015,4,20,0
2015-04-21,34510.81,34721.61,34764.27,34354.6,0.0,2015,4,21,1
2015-04-22,34529.46,34507.85,34570.8,34411.48,0.0,2015,4,22,2
2015-04-23,34494.36,34529.46,34591.73,34429.71,0.0,2015,4,23,3
2015-04-24,34485.72,34493.37,34493.37,34335.25,0.0,2015,4,24,4
2015-04-27,34317.72,34485.72,34505.72,34297.12,0.0,2015,4,27,0
2015-04-28,34129.88,34317.72,34319.48,34086.54,0.0,2015,4,28,1
2015-04-29,34050.92,34129.88,34226.8,34013.24,0.0,2015,4,29,2
2015-04-30,34708.11,34051.27,34732.54,34034.02,0.0,2015,4,30,3
2015-05-04,34649.28,34708.11,34956.96,34509.36,0.0,2015,5,4,0
2015-05-05,34600.33,34649.96,34830.58,34511.35,0.0,2015,5,5,1
2015-05-06,34427.12,34600.33,34612.56,34391.74,0.0,2015,5,6,2
2015-05-07,34400.48,34427.03,34573.68,34366.27,0.0,2015,5,7,3
2015-05-08,34388.12,34400.48,34436.18,34370.75,0.0,2015,5,8,4
2015-05-11,34342.07,34388.12,34388.29,34211.31,0.0,2015,5,11,0
2015-05-12,34115.49,34341.89,34410.38,34111.51,0.0,2015,5,12,1
2015-05-13,34208.3,34115.49,34419.32,34105.18,0.0,2015,5,13,2
2015-05-14,34416.29,34208.3,34416.29,34199.73,0.0,2015,5,14,3
2015-05-15,34439.52,34414.18,34482.51,34374.66,0.0,2015,5,15,4
2015-05-18,34781.46,34439.39,34781.46,34439.39,0.0,2015,5,18,0
2015-05-19,34706.93,34781.46,34873.57,34653.19,0.0,2015,5,19,1
2015-05-20,34533.4,34706.93,34733.88,34504.18,0.0,2015,5,20,2
2015-05-21,34459.7,34533.4,34533.88,34446.34,0.0,2015,5,21,3
2015-05-22,34272.09,34459.7,34462.88,34220.11,0.0,2015,5,22,4
2015-05-25,34151.81,34272.09,34315.41,34144.56,0.0,2015,5,25,0
2015-05-26,34298.64,34151.81,34352.94,34147.45,0.0,2015,5,26,1
2015-05-27,34355.31,34298.64,34355.31,33986.05,0.0,2015,5,27,2
2015-05-28,34310.37,34355.31,34417.78,34255.29,0.0,2015,5,28,3
2015-06-01,34044.65,34310.37,34332.94,34044.65,0.0,2015,6,1,0
2015-06-02,34061.89,34044.65,34061.89,33969.82,0.0,2015,6,2,1
2015-06-03,33879.21,34061.89,34065.72,33775.21,0.0,2015,6,3,2
2015-06-04,33476.77,33879.21,33887.67,33447.06,0.0,2015,6,4,3
2015-06-05,33664.91,33466.41,33664.91,33172.79,0.0,2015,6,5,4
2015-06-08,33590.33,33664.91,33694.26,33548.63,0.0,2015,6,8,0
2015-06-09,33492.17,33590.33,33612.63,33490.54,0.0,2015,6,9,1
2015-06-10,33462.34,33492.17,33539.98,33419.42,0.0,2015,6,10,2
2015-06-11,33556.35,33462.34,33566.03,33425.64,0.0,2015,6,11,3
2015-06-12,33621.75,33556.35,33735.92,33556.35,0.0,2015,6,12,4
2015-06-15,33720.64,33621.75,33720.64,33578.61,0.0,2015,6,15,0
2015-06-16,33602.67,33719.45,33730.67,33494.42,0.0,2015,6,16,1
2015-06-17,33478.42,33602.67,33621.2,33444.2,0.0,2015,6,17,2
2015-06-18,33460.5,33478.42,33549.66,33381.62,0.0,2015,6,18,3
2015-06-19,33257.9,33460.5,33483.37,33223.86,0.0,2015,6,19,4
2015-06-22,33384.59,33257.9,33402.4,33250.14,0.0,2015,6,22,0
2015-06-23,33380.84,33384.59,33487.98,33375.44,0.0,2015,6,23,1
2015-06-24,33266.87,33380.84,33413.66,33229.37,0.0,2015,6,24,2
2015-06-25,33121.65,33266.87,33266.87,33055.36,0.0,2015,6,25,3
2015-06-26,32853.49,33121.65,33121.65,32756.16,0.0,2015,6,26,4
2015-06-29,33249.19,32853.49,33249.19,32788.39,0.0,2015,6,29,0
2015-06-30,33456.83,33249.19,33465.31,33030.13,0.0,2015,6,30,1
2015-07-01,32863.43,33456.83,33470.62,32789.83,0.0,2015,7,1,2
2015-07-02,32739.11,32863.35,32869.36,32697.13,0.0,2015,7,2,3
2015-07-03,32538.34,32739.11,32745.16,32531.64,0.0,2015,7,3,4
2015-07-06,32444.12,32538.34,32570.59,32382.09,0.0,2015,7,6,0
2015-07-07,32380.26,32444.12,32507.26,32322.66,0.0,2015,7,7,1
2015-07-08,32031.73,32380.26,32381.47,31994.24,0.0,2015,7,8,2
2015-07-09,31768.23,32031.73,32100.34,31750.53,0.0,2015,7,9,3
2015-07-10,31729.26,31768.23,31791.23,31682.15,0.0,2015,7,10,4
2015-07-13,31628.2,31730.48,31845.78,31616.86,0.0,2015,7,13,0
2015-07-14,31372.9,31628.2,31629.57,31357.96,0.0,2015,7,14,1
2015-07-15,30970.51,31372.9,31379.28,30943.89,0.0,2015,7,15,2
2015-07-16,31047.99,30970.51,31049.82,30483.45,0.0,2015,7,16,3
2015-07-21,31332.39,31047.99,31338.25,30998.81,0.0,2015,7,21,1
2015-07-22,31267.25,31332.39,31375.25,31206.27,0.0,2015,7,22,2
2015-07-23,31216.72,31267.51,31321.78,31186.06,0.0,2015,7,23,3
2015-07-24,31091.69,31216.72,31238.2,31030.24,0.0,2015,7,24,4
2015-07-27,30807.54,31091.69,31102.28,30761.98,0.0,2015,7,27,0
2015-07-28,30614.81,30807.54,30835.83,30605.83,0.0,2015,7,28,1
2015-07-29,30510.95,30674.92,30674.98,30464.41,0.0,2015,7,29,2
2015-07-30,30436.18,30514.17,30540.84,30347.24,0.0,2015,7,30,3
2015-07-31,30180.27,30436.18,30455.28,30050.12,0.0,2015,7,31,4
2015-08-03,30247.83,30180.27,30300.31,30141.61,0.0,2015,8,3,0
2015-08-04,30458.86,30247.83,30458.86,30199.61,0.0,2015,8,4,1
2015-08-05,31403.75,30458.86,31414.73,30458.86,0.0,2015,8,5,2
2015-08-06,31495.73,31403.75,31614.66,31395.37,0.0,2015,8,6,3
2015-08-07,31441.71,31495.73,31519.17,31323.54,0.0,2015,8,7,4
2015-08-10,31446.42,31441.71,31773.68,31396.93,0.0,2015,8,10,0
2015-08-11,31269.71,31427.68,31486.98,31194.11,0.0,2015,8,11,1
2015-08-12,31107.11,31269.71,31279.71,30998.94,0.0,2015,8,12,2
2015-08-13,30752.63,31106.51,31106.51,30677.39,0.0,2015,8,13,3
2015-08-14,30705.62,30752.63,30826.09,30623.15,0.0,2015,8,14,4
2015-08-17,29909.44,30705.62,30705.64,29879.8,0.0,2015,8,17,0
2015-08-18,30112.62,29909.44,30112.62,29633.26,0.0,2015,8,18,1
2015-08-19,30042.38,30112.62,30112.62,29445.78,0.0,2015,8,19,2
2015-08-20,29747.57,30042.38,30051.97,29487.77,0.0,2015,8,20,3
2015-08-21,29878.33,29747.57,30034.79,29462.76,0.0,2015,8,21,4
2015-08-24,29214.13,29878.33,29889.67,29193.73,0.0,2015,8,24,0
2015-08-25,28807.0,29214.13,29214.13,28526.29,0.0,2015,8,25,1
2015-08-26,28137.65,28807.0,28807.0,28122.91,0.0,2015,8,26,2
2015-08-27,28221.75,28137.65,28302.94,28053.16,0.0,2015,8,27,3
2015-08-28,28831.97,28221.75,28833.99,28106.2,0.0,2015,8,28,4
2015-08-31,29684.84,28814.62,29684.84,28814.62,0.0,2015,8,31,0
2015-09-01,30225.34,29713.66,30314.73,29713.66,0.0,2015,9,1,1
2015-09-02,29870.86,30225.34,30275.77,29789.83,0.0,2015,9,2,2
2015-09-03,29393.77,29870.86,29870.86,29309.19,0.0,2015,9,3,3
2015-09-04,29511.08,29390.4,29583.7,29293.57,0.0,2015,9,4,4
2015-09-07,30052.2,29511.08,30052.29,29508.08,0.0,2015,9,7,0
2015-09-08,30358.87,30052.2,30379.57,30038.74,0.0,2015,9,8,1
2015-09-09,29449.9,30358.87,30364.17,29329.4,0.0,2015,9,9,2
2015-09-10,29403.12,29454.09,29488.83,28611.89,0.0,2015,9,10,3
2015-09-11,29689.08,29420.83,29813.96,29420.83,0.0,2015,9,11,4
2015-09-14,30369.97,29689.08,30481.32,29689.08,0.0,2015,9,14,0
2015-09-15,30311.77,30369.97,30525.38,30257.6,0.0,2015,9,15,1
2015-09-16,30359.47,30311.77,30362.83,30135.28,0.0,2015,9,16,2
2015-09-17,30410.39,30359.47,30516.15,30055.26,0.0,2015,9,17,3
2015-09-18,30332.68,30410.39,30453.7,30131.61,0.0,2015,9,18,4
2015-09-21,30265.9,30332.68,30564.18,30251.73,0.0,2015,9,21,0
2015-09-22,30426.1,30265.9,30545.97,30264.77,0.0,2015,9,22,1
2015-09-23,30543.17,30426.78,30560.93,30425.31,466940000.0,2015,9,23,2
2015-09-28,30762.29,30543.17,30781.61,30525.39,0.0,2015,9,28,0
2015-09-29,30825.0,30762.29,30825.0,30560.3,0.0,2015,9,29,1
2015-09-30,31217.77,30825.0,31217.77,30505.37,0.0,2015,9,30,2
2015-10-02,30588.41,31217.77,31256.16,30480.76,0.0,2015,10,2,4
2015-10-05,30405.88,30588.41,30588.41,30387.37,0.0,2015,10,5,0
2015-10-06,30330.58,30405.88,30405.88,30213.2,0.0,2015,10,6,1
2015-10-07,30141.06,30330.58,30331.79,30084.12,0.0,2015,10,7,2
2015-10-08,30123.2,30141.06,30223.71,29979.9,0.0,2015,10,8,3
2015-10-09,30165.19,30123.2,30194.08,30105.66,0.0,2015,10,9,4
2015-10-12,30231.16,30165.22,30306.29,30051.8,0.0,2015,10,12,0
2015-10-13,30058.4,30231.16,30265.48,30058.05,0.0,2015,10,13,1
2015-10-14,29668.16,30058.4,30066.88,29656.86,0.0,2015,10,14,2
2015-10-15,29700.08,29667.24,29784.19,29555.4,0.0,2015,10,15,3
2015-10-16,29834.21,29700.08,29881.34,29700.08,0.0,2015,10,16,4
2015-10-19,30219.01,29834.21,30222.43,29820.94,0.0,2015,10,19,0
2015-10-20,30325.11,30219.01,30328.91,30175.19,0.0,2015,10,20,1
2015-10-21,30199.15,30325.11,30329.23,29931.55,0.0,2015,10,21,2
2015-10-22,30025.62,30199.15,30243.78,29975.48,0.0,2015,10,22,3
2015-10-23,30011.89,30025.62,30118.37,29983.72,0.0,2015,10,23,4
2015-10-26,29828.95,30011.89,30015.06,29823.24,0.0,2015,10,26,0
2015-10-27,29572.9,29828.95,29828.95,29366.04,0.0,2015,10,27,1
2015-10-28,29396.31,29572.9,29578.77,29382.63,0.0,2015,10,28,2
2015-10-29,29446.95,29396.31,29446.95,29146.95,0.0,2015,10,29,3
2015-10-30,29177.72,29446.95,29452.13,29152.82,0.0,2015,10,30,4
2015-11-02,29136.85,29177.72,29273.48,29061.49,0.0,2015,11,2,0
2015-11-03,29052.87,29136.85,29160.8,29034.1,0.0,2015,11,3,1
2015-11-04,29032.44,29052.87,29276.26,28999.74,0.0,2015,11,4,2
2015-11-05,29030.97,29032.44,29106.32,28999.79,0.0,2015,11,5,3
2015-11-06,29175.35,29030.97,29180.68,29013.28,0.0,2015,11,6,4
2015-11-09,29168.04,29175.35,29232.09,29136.28,0.0,2015,11,9,0
2015-11-10,28980.07,29168.04,29248.49,28978.92,0.0,2015,11,10,1
2015-11-11,29014.78,28981.12,29129.49,28963.73,0.0,2015,11,11,2
2015-11-12,28798.67,29014.78,29034.5,28778.02,0.0,2015,11,12,3
2015-11-13,28841.67,28798.67,28846.23,28715.57,0.0,2015,11,13,4
2015-11-16,28532.81,28841.67,28846.48,28484.05,0.0,2015,11,16,0
2015-11-17,28351.28,28532.81,28651.68,28231.53,0.0,2015,11,17,1
2015-11-18,28219.44,28351.28,28373.17,28207.22,0.0,2015,11,18,2
2015-11-19,28203.2,28219.44,28244.59,28179.03,0.0,2015,11,19,3
2015-11-20,28131.28,28203.2,28281.89,28085.14,0.0,2015,11,20,4
2015-11-23,27843.55,28131.28,28276.57,27843.55,0.0,2015,11,23,0
2015-11-24,27596.81,27843.55,27851.62,27584.38,0.0,2015,11,24,1
2015-11-25,27743.92,27596.81,27743.92,27574.98,0.0,2015,11,25,2
2015-11-26,27697.12,27743.92,27791.89,27657.81,0.0,2015,11,26,3
2015-11-27,27617.45,27697.12,27739.1,27592.94,0.0,2015,11,27,4
2015-11-30,27385.69,27617.45,27635.2,27275.02,0.0,2015,11,30,0
2015-12-01,27314.0,27385.69,27385.69,27268.07,0.0,2015,12,1,1
2015-12-02,27287.89,27314.0,27384.57,27201.33,0.0,2015,12,2,2
2015-12-03,27559.18,27287.89,27561.43,27270.77,0.0,2015,12,3,3
2015-12-04,27631.05,27559.18,27633.16,27505.21,0.0,2015,12,4,4
2015-12-07,27833.89,27631.05,27833.89,27332.95,0.0,2015,12,7,0
2015-12-08,27533.03,27833.89,28675.96,27496.29,0.0,2015,12,8,1
2015-12-09,27004.5,27533.03,27584.39,26856.37,0.0,2015,12,9,2
2015-12-10,27205.95,27004.5,27220.48,26992.94,0.0,2015,12,10,3
2015-12-11,27269.71,27205.72,27430.35,27201.86,0.0,2015,12,11,4
2015-12-14,27179.28,27269.71,27334.14,27140.37,0.0,2015,12,14,0
2015-12-15,26950.76,27179.28,27185.31,26890.52,0.0,2015,12,15,1
2015-12-16,26948.43,26950.76,27246.84,26894.2,0.0,2015,12,16,2
2015-12-17,26953.05,26948.43,27040.07,26945.93,0.0,2015,12,17,3
2015-12-18,26537.36,26952.44,26992.5,26528.42,0.0,2015,12,18,4
2015-12-21,26728.64,26537.36,26728.64,26493.64,0.0,2015,12,21,0
2015-12-22,26918.22,26728.64,26918.22,26565.26,0.0,2015,12,22,1
2015-12-23,26871.24,26918.22,26963.08,26742.05,0.0,2015,12,23,2
2015-12-29,26763.24,26871.24,26963.39,26476.17,0.0,2015,12,29,1
2015-12-30,27777.83,26763.24,27777.83,26762.14,0.0,2015,12,30,2
2015-12-31,28642.25,27777.83,28642.25,27690.0,0.0,2015,12,31,3
2016-01-04,28370.32,28642.25,28707.29,28350.59,0.0,2016,1,4,0
2016-01-05,28102.14,28370.32,28373.15,28079.08,0.0,2016,1,5,1
2016-01-06,27180.76,28102.14,28131.7,27129.0,0.0,2016,1,6,2
2016-01-07,27266.18,27180.76,27266.18,26702.22,0.0,2016,1,7,3
2016-01-08,27028.39,27266.18,27275.24,26628.27,0.0,2016,1,8,4
2016-01-11,26350.18,27028.39,27070.4,26303.7,0.0,2016,1,11,0
2016-01-12,26034.93,26350.18,26400.35,26024.39,0.0,2016,1,12,1
2016-01-13,25103.05,26034.93,26094.44,25071.57,0.0,2016,1,13,2
2016-01-14,24239.98,25103.05,25103.05,24223.22,0.0,2016,1,14,3
2016-01-15,23514.04,24239.98,24239.98,23371.54,0.0,2016,1,15,4
2016-01-18,22550.83,23514.04,23514.04,22547.72,0.0,2016,1,18,0
2016-01-19,22456.32,22550.83,22557.59,22330.96,0.0,2016,1,19,1
2016-01-20,23335.01,22456.32,23384.57,22456.32,0.0,2016,1,20,2
2016-01-21,23686.67,23335.01,23687.13,23335.01,0.0,2016,1,21,3
2016-01-22,23826.5,23686.67,23826.5,23484.17,0.0,2016,1,22,4
2016-01-25,23963.64,23826.5,24145.9,23821.12,0.0,2016,1,25,0
2016-01-26,23832.03,23963.64,23996.94,23786.73,0.0,2016,1,26,1
2016-01-27,23333.34,23832.03,23832.03,23311.95,0.0,2016,1,27,2
2016-01-28,23598.85,23333.34,23667.82,23333.34,0.0,2016,1,28,3
2016-01-29,23916.15,23598.85,23923.26,23598.85,0.0,2016,1,29,4
2016-02-01,23826.76,23916.15,24168.39,23784.32,0.0,2016,2,1,0
2016-02-02,23834.87,23826.76,23865.58,23723.94,0.0,2016,2,2,1
2016-02-03,23605.89,23834.87,23878.02,23537.43,0.0,2016,2,3,2
2016-02-04,23517.19,23605.89,23715.84,23384.75,0.0,2016,2,4,3
2016-02-05,23501.87,23532.29,23656.73,23353.84,0.0,2016,2,5,4
2016-02-08,23977.17,23501.87,23977.17,23461.97,0.0,2016,2,8,0
2016-02-09,23981.09,23977.1,23981.09,23589.16,0.0,2016,2,9,1
2016-02-10,24135.4,23981.09,24135.4,23933.23,0.0,2016,2,10,2
2016-02-11,24664.89,24135.4,24671.82,24135.4,0.0,2016,2,11,3
2016-02-12,24689.69,24664.89,24893.66,24446.27,0.0,2016,2,12,4
2016-02-15,24827.5,24689.69,24845.69,24375.1,0.0,2016,2,15,0
2016-02-16,24514.91,24827.5,24828.9,24511.38,0.0,2016,2,16,1
2016-02-17,24056.12,24514.91,24543.32,24049.1,0.0,2016,2,17,2
2016-02-18,24261.69,24056.12,24262.04,24003.3,0.0,2016,2,18,3
2016-02-19,24432.51,24261.69,24445.18,24256.81,0.0,2016,2,19,4
2016-02-22,24423.37,24432.51,24478.02,24394.89,0.0,2016,2,22,0
2016-02-23,24090.98,24423.37,24437.75,24066.36,0.0,2016,2,23,1
2016-02-24,23883.34,24090.98,24091.01,23881.05,0.0,2016,2,24,2
2016-02-25,24042.73,23883.34,24078.1,23872.14,0.0,2016,2,25,3
2016-02-26,24228.79,24042.73,24234.04,24034.28,0.0,2016,2,26,4
2016-02-29,24570.73,24228.79,24574.16,24181.51,0.0,2016,2,29,0
2016-03-01,24838.31,24570.73,24846.12,24436.97,0.0,2016,3,1,1
2016-03-02,25396.83,24838.31,25560.26,24838.31,0.0,2016,3,2,2
2016-03-03,25816.29,25396.83,25816.29,25342.52,0.0,2016,3,3,3
2016-03-04,25820.1,25817.68,25819.75,25731.27,0.0,2016,3,4,4
2016-03-07,25890.94,25821.9,25891.28,25793.64,0.0,2016,3,7,0
2016-03-08,25755.01,25890.94,25978.12,25510.43,0.0,2016,3,8,1
2016-03-09,25885.31,25755.01,25892.29,25755.01,0.0,2016,3,9,2
2016-03-10,25923.77,25885.31,25942.76,25867.29,0.0,2016,3,10,3
2016-03-11,25988.4,25923.77,26093.31,25922.04,0.0,2016,3,11,4
2016-03-14,25853.58,25988.4,26250.34,25806.99,0.0,2016,3,14,0
2016-03-15,25745.13,25814.03,25908.2,25714.06,0.0,2016,3,15,1
2016-03-16,25657.48,25744.2,25745.11,25639.33,0.0,2016,3,16,2
2016-03-17,25679.03,25657.48,25733.36,25589.18,0.0,2016,3,17,3
2016-03-18,25694.79,25679.87,25694.79,25512.71,0.0,2016,3,18,4
2016-03-21,25902.95,25694.79,25992.67,25660.4,0.0,2016,3,21,0
2016-03-22,26020.4,25902.95,26067.87,25898.92,0.0,2016,3,22,1
2016-03-23,25736.92,26020.4,26026.48,25687.65,0.0,2016,3,23,2
2016-03-24,25899.91,25736.92,25918.6,25736.92,0.0,2016,3,24,3
2016-03-29,25277.29,25899.91,25906.07,25502.53,0.0,2016,3,29,1
2016-03-30,25145.28,25545.1,25617.2,25267.62,0.0,2016,3,30,2
2016-03-31,25306.22,25145.28,25351.81,25141.91,0.0,2016,3,31,3
2016-04-01,25507.09,25306.22,25507.09,25284.17,0.0,2016,4,1,4
2016-04-04,25349.07,25507.09,25532.76,25288.64,0.0,2016,4,4,0
2016-04-05,25454.75,25349.07,25455.82,25338.3,0.0,2016,4,5,1
2016-04-06,25464.94,25454.75,25466.94,25429.21,0.0,2016,4,6,2
2016-04-07,25369.52,25455.69,25457.82,25193.74,0.0,2016,4,7,3
2016-04-08,25328.06,25369.51,25378.09,25292.46,0.0,2016,4,8,4
2016-04-11,24649.39,25328.06,25337.21,24638.38,0.0,2016,4,11,0
2016-04-12,24639.48,24648.84,24654.56,24569.72,0.0,2016,4,12,1
2016-04-13,24637.91,24639.48,24680.18,24580.49,0.0,2016,4,13,2
2016-04-14,24746.16,24637.91,24746.16,24621.09,0.0,2016,4,14,3
2016-04-15,24719.44,24746.04,24760.37,24613.51,0.0,2016,4,15,4
2016-04-18,24596.34,24719.27,24719.27,24576.59,0.0,2016,4,18,0
2016-04-19,24624.56,24636.56,24645.12,24577.41,0.0,2016,4,19,1
2016-04-20,24784.95,24659.17,24788.39,24659.17,0.0,2016,4,20,2
2016-04-21,24909.88,24784.95,24916.15,24784.95,0.0,2016,4,21,3
2016-04-22,24850.11,24909.88,24913.12,24817.1,0.0,2016,4,22,4
2016-04-25,24765.1,24850.11,24853.47,24740.3,0.0,2016,4,25,0
2016-04-26,24824.84,24773.51,24874.01,24760.49,0.0,2016,4,26,1
2016-04-27,24809.29,24823.86,24852.71,24749.15,0.0,2016,4,27,2
2016-04-28,24957.08,24809.29,25033.37,24806.05,0.0,2016,4,28,3
2016-04-29,25062.41,24957.08,25164.14,24951.08,0.0,2016,4,29,4
2016-05-03,25865.5,25062.41,25930.87,25059.05,0.0,2016,5,3,1
2016-05-04,25716.06,25865.5,26087.04,25680.65,0.0,2016,5,4,2
2016-05-05,25563.78,25715.42,25717.78,25512.94,0.0,2016,5,5,3
2016-05-06,25701.6,25563.78,25726.03,25451.44,0.0,2016,5,6,4
2016-05-09,25828.3,25701.6,25898.82,25701.6,0.0,2016,5,9,0
2016-05-10,25646.84,25828.3,25876.49,25612.34,0.0,2016,5,10,1
2016-05-11,25630.62,25646.56,25714.07,25601.15,0.0,2016,5,11,2
2016-05-12,25865.06,25630.62,25865.06,25630.04,0.0,2016,5,12,3
2016-05-13,26441.03,25865.06,26673.11,25865.06,0.0,2016,5,13,4
2016-05-16,26818.77,26441.03,26859.08,26401.02,0.0,2016,5,16,0
2016-05-17,26655.48,26799.44,26873.71,26575.85,0.0,2016,5,17,1
2016-05-18,26763.86,26655.48,26771.74,26570.02,0.0,2016,5,18,2
2016-05-19,27028.24,26763.86,27055.35,26753.13,0.0,2016,5,19,3
2016-05-20,27129.41,27028.24,27155.15,27008.06,0.0,2016,5,20,4
2016-05-23,27015.97,27116.45,27116.45,26832.75,0.0,2016,5,23,0
2016-05-24,27231.5,27015.97,27231.5,26993.78,0.0,2016,5,24,1
2016-05-25,28260.61,27231.5,28261.65,27231.5,0.0,2016,5,25,2
2016-05-26,28877.47,28260.61,28963.21,28260.61,0.0,2016,5,26,3
2016-05-27,28902.25,28877.47,29125.78,28877.47,0.0,2016,5,27,4
2016-05-31,27671.08,28902.25,28907.56,27657.31,0.0,2016,5,31,1
2016-06-01,26910.23,27663.16,27663.16,26893.58,0.0,2016,6,1,2
2016-06-02,27183.64,26890.02,27218.6,26446.96,0.0,2016,6,2,3
2016-06-03,27634.48,27183.64,27660.83,27181.82,0.0,2016,6,3,4
2016-06-06,27599.48,27634.42,27716.1,27488.88,0.0,2016,6,6,0
2016-06-07,27475.48,27585.06,27585.06,27440.42,0.0,2016,6,7,1
2016-06-08,27098.18,27475.48,27496.62,27090.25,0.0,2016,6,8,2
2016-06-09,27284.83,27098.18,27347.99,27091.63,0.0,2016,6,9,3
2016-06-10,27232.62,27284.83,27439.33,27205.65,0.0,2016,6,10,4
2016-06-13,27103.38,27232.62,27264.55,27051.17,0.0,2016,6,13,0
2016-06-14,27034.05,27103.38,27116.21,26966.95,0.0,2016,6,14,1
2016-06-15,27891.96,27034.05,27891.96,27034.05,0.0,2016,6,15,2
2016-06-16,28489.87,27917.23,28755.05,27917.23,0.0,2016,6,16,3
2016-06-17,29247.27,28489.89,29271.57,28489.89,0.0,2016,6,17,4
2016-06-20,28769.9,29247.27,29355.21,28752.98,0.0,2016,6,20,0
2016-06-21,29422.71,28769.9,29425.4,28725.53,0.0,2016,6,21,1
2016-06-22,30127.82,29422.71,30134.68,29422.71,0.0,2016,6,22,2
2016-06-23,31071.25,30127.82,31071.25,30127.82,0.0,2016,6,23,3
2016-06-24,30649.66,31071.25,31073.32,30163.91,0.0,2016,6,24,4
2016-06-27,29843.79,30649.66,30683.18,29820.44,0.0,2016,6,27,0
2016-06-28,29575.24,29840.23,29840.23,29342.05,0.0,2016,6,28,1
2016-06-29,29812.91,29575.24,29868.23,29529.95,0.0,2016,6,29,2
2016-06-30,29597.79,29812.91,29846.67,29580.93,0.0,2016,6,30,3
2016-07-01,29305.4,29597.79,29601.05,29259.39,0.0,2016,7,1,4
2016-07-04,29005.33,29305.4,29332.39,28980.61,0.0,2016,7,4,0
2016-07-08,28854.98,29002.26,29041.12,28828.74,0.0,2016,7,8,4
2016-07-11,28813.51,28854.98,28890.5,28598.46,0.0,2016,7,11,0
2016-07-12,28857.34,28813.71,28942.99,28709.73,0.0,2016,7,12,1
2016-07-13,28730.42,28857.74,28861.2,28694.82,0.0,2016,7,13,2
2016-07-14,28703.09,28730.42,28736.87,28658.2,0.0,2016,7,14,3
2016-07-15,28805.45,28703.09,28855.18,28702.55,0.0,2016,7,15,4
2016-07-18,28740.24,28805.45,28875.74,28681.21,0.0,2016,7,18,0
2016-07-19,28488.56,28733.9,28739.38,28472.53,0.0,2016,7,19,1
2016-07-20,28221.18,28488.56,28489.57,28201.38,0.0,2016,7,20,2
2016-07-21,27997.29,28221.18,28223.24,27990.26,0.0,2016,7,21,3
2016-07-22,27659.44,27997.29,28078.29,27659.44,0.0,2016,7,22,4
2016-07-25,27629.9,27659.44,27693.1,27449.64,0.0,2016,7,25,0
2016-07-26,27945.02,27629.9,27985.69,27619.37,0.0,2016,7,26,1
2016-07-27,28205.62,27945.02,28263.02,27945.02,0.0,2016,7,27,2
2016-07-28,28046.96,28205.62,28207.06,28040.68,0.0,2016,7,28,3
2016-07-29,28009.93,28057.91,28130.08,28003.61,0.0,2016,7,29,4
2016-08-01,27843.0,28009.93,28040.45,27802.49,0.0,2016,8,1,0
2016-08-02,27831.95,27843.0,28006.15,27757.96,0.0,2016,8,2,1
2016-08-03,27687.8,27831.95,27840.55,27687.17,0.0,2016,8,3,2
2016-08-04,27751.34,27687.8,27795.31,27658.43,0.0,2016,8,4,3
2016-08-05,27425.86,27751.34,27766.99,27425.86,0.0,2016,8,5,4
2016-08-08,27394.98,27425.86,27458.99,27313.96,0.0,2016,8,8,0
2016-08-09,27272.14,27394.98,27476.31,27248.35,0.0,2016,8,9,1
2016-08-10,27421.83,27272.14,27421.83,27220.76,0.0,2016,8,10,2
2016-08-11,27280.95,27421.83,27461.59,27241.08,0.0,2016,8,11,3
2016-08-12,27246.98,27280.95,27291.06,27180.04,0.0,2016,8,12,4
2016-08-15,27316.52,27246.88,27341.27,27179.66,0.0,2016,8,15,0
2016-08-16,27389.02,27316.52,27438.07,27294.28,0.0,2016,8,16,1
2016-08-17,27437.25,27389.02,27536.23,27355.19,0.0,2016,8,17,2
2016-08-18,27420.99,27437.25,27565.48,27365.25,0.0,2016,8,18,3
2016-08-19,27650.32,27420.99,27681.31,27420.99,0.0,2016,8,19,4
2016-08-22,27817.0,27650.32,27842.91,27650.32,0.0,2016,8,22,0
2016-08-23,27810.28,27812.06,27921.99,27728.9,0.0,2016,8,23,1
2016-08-24,27880.46,27810.28,27881.03,27753.84,0.0,2016,8,24,2
2016-08-25,27379.95,27880.46,27883.68,27365.22,0.0,2016,8,25,3
2016-08-26,27450.91,27379.95,27573.19,27271.24,0.0,2016,8,26,4
2016-08-29,27368.41,27450.91,27452.83,27312.47,0.0,2016,8,29,0
2016-08-30,27493.12,27368.41,27517.13,27364.18,230130000.0,2016,8,30,1
2016-08-31,27599.03,27493.12,27612.13,27487.2,262610000.0,2016,8,31,2
2016-09-01,28419.92,27599.03,28421.27,27599.03,229230000.0,2016,9,1,3
2016-09-02,27756.67,28419.92,28488.0,27744.76,309450000.0,2016,9,2,4
2016-09-05,27707.12,27756.67,27786.75,27679.42,195020000.0,2016,9,5,0
2016-09-06,27503.81,27707.12,27707.12,27503.81,176770000.0,2016,9,6,1
2016-09-07,27522.62,27503.75,27528.97,27365.77,295660000.0,2016,9,7,2
2016-09-08,27574.09,27522.62,27574.77,27445.4,242740000.0,2016,9,8,3
2016-09-09,27577.52,27574.09,27611.31,27557.65,272850000.0,2016,9,9,4
2016-09-14,27642.13,27577.52,27642.13,27541.48,182300000.0,2016,9,14,2
2016-09-15,27725.4,27642.13,27748.04,27633.38,200290000.0,2016,9,15,3
2016-09-16,27858.48,27725.4,27858.56,27661.62,228930000.0,2016,9,16,4
2016-09-19,27839.93,27858.48,28049.07,27811.15,328200000.0,2016,9,19,0
2016-09-20,28209.93,27839.93,28225.53,27839.09,231460000.0,2016,9,20,1
2016-09-21,28214.57,28209.93,28239.64,28161.91,225100000.0,2016,9,21,2
2016-09-22,28166.42,28214.57,28292.01,28137.67,410060000.0,2016,9,22,3
2016-09-23,28247.11,28166.42,28303.44,28140.14,265070000.0,2016,9,23,4
2016-09-26,28263.16,28247.07,28290.24,28238.96,249770000.0,2016,9,26,0
2016-09-27,28248.86,28263.16,28269.07,28174.07,294910000.0,2016,9,27,1
2016-09-28,28236.23,28248.86,28252.97,28161.95,159050000.0,2016,9,28,2
2016-09-29,28247.56,28236.23,28299.24,28168.85,170370000.0,2016,9,29,3
2016-09-30,28335.4,28247.56,28335.4,27907.57,217810000.0,2016,9,30,4
2016-10-04,28283.99,28335.4,28346.0,28217.85,198100000.0,2016,10,4,1
2016-10-05,28009.4,28277.93,28282.16,27981.39,187160000.0,2016,10,5,2
2016-10-06,28026.59,28009.4,28065.18,27936.56,348800000.0,2016,10,6,3
2016-10-07,27835.22,28031.9,28043.08,27812.39,200840000.0,2016,10,7,4
2016-10-10,27925.35,27835.22,27953.31,27808.88,171460000.0,2016,10,10,0
2016-10-11,28034.32,27925.0,28060.76,27901.45,234190000.0,2016,10,11,1
2016-10-12,28027.23,28034.32,28058.03,27921.68,155580000.0,2016,10,12,2
2016-10-13,27854.78,28027.23,28030.72,27803.76,380750000.0,2016,10,13,3
2016-10-14,27861.03,27854.78,28264.33,27821.27,220850000.0,2016,10,14,4
2016-10-17,27634.99,27861.03,27867.5,27631.05,255810000.0,2016,10,17,0
2016-10-18,27555.31,27634.99,27678.2,27555.31,154110000.0,2016,10,18,1
2016-10-19,27478.04,27555.31,27557.14,27460.67,75010000.0,2016,10,19,2
2016-10-20,27598.34,27478.04,27720.3,27478.04,111900000.0,2016,10,20,3
2016-10-21,27596.82,27598.34,27627.63,27573.06,70940000.0,2016,10,21,4
2016-10-24,27575.03,27596.82,27630.83,27567.48,101180000.0,2016,10,24,0
2016-10-25,27098.52,27575.07,27588.24,27093.23,112430000.0,2016,10,25,1
2016-10-26,27120.39,27098.52,27121.77,27007.21,159990000.0,2016,10,26,2
2016-10-27,27236.78,27120.39,27242.02,27080.2,155590000.0,2016,10,27,3
2016-10-28,27294.21,27236.78,27296.32,27192.46,148450000.0,2016,10,28,4
2016-10-31,27220.09,27294.21,27317.1,27215.56,219900000.0,2016,10,31,0
2016-11-01,27252.48,27219.69,27277.25,27196.56,186860000.0,2016,11,1,1
2016-11-02,27223.08,27252.48,27309.0,27211.28,202700000.0,2016,11,2,2
2016-11-03,27044.36,27223.08,27592.42,27031.6,112520000.0,2016,11,3,3
2016-11-04,26981.6,27044.36,27044.36,26896.11,151850000.0,2016,11,4,4
2016-11-07,26887.54,26981.6,26982.08,26872.46,115040000.0,2016,11,7,0
2016-11-08,26364.27,26884.58,26887.88,26331.97,189010000.0,2016,11,8,1
2016-11-09,26173.69,26364.27,26371.37,26083.76,146110000.0,2016,11,9,2
2016-11-10,26221.75,26173.69,26327.35,26142.94,137640000.0,2016,11,10,3
2016-11-11,26170.88,26221.75,26278.62,26137.33,199920000.0,2016,11,11,4
2016-11-14,25986.81,26170.88,26239.39,25973.27,160910000.0,2016,11,14,0
2016-11-15,25857.06,25986.81,26027.55,25795.52,189730000.0,2016,11,15,1
2016-11-16,25653.14,25857.06,25857.86,25632.09,145740000.0,2016,11,16,2
2016-11-17,25599.79,25653.14,25661.4,25595.39,161590000.0,2016,11,17,3
2016-11-18,25537.54,25599.79,25609.33,25527.83,165580000.0,2016,11,18,4
2016-11-21,25505.91,25537.54,25537.77,25486.53,112440000.0,2016,11,21,0
2016-11-22,25462.28,25499.0,25499.0,25426.12,120930000.0,2016,11,22,1
2016-11-23,25517.0,25461.34,25541.06,25427.04,165720000.0,2016,11,23,2
2016-11-24,25490.7,25517.0,25523.13,25465.67,97140000.0,2016,11,24,3
2016-11-25,25333.39,25490.7,25501.92,25312.28,144160000.0,2016,11,25,4
2016-11-28,25318.41,25330.87,25358.67,25273.71,202430000.0,2016,11,28,0
2016-11-29,25233.42,25318.41,25318.41,25188.2,511580000.0,2016,11,29,1
2016-11-30,25241.63,25233.42,25362.12,25198.36,414130000.0,2016,11,30,2
2016-12-01,25265.08,25241.63,25267.75,25212.02,773870000.0,2016,12,1,3
2016-12-02,25740.83,25265.08,25926.12,25154.17,576380000.0,2016,12,2,4
2016-12-05,25743.03,25740.83,25845.35,25706.17,175050000.0,2016,12,5,0
2016-12-06,25671.23,25743.03,25807.65,25664.94,189400000.0,2016,12,6,1
2016-12-07,25673.8,25671.23,25746.46,25669.87,255730000.0,2016,12,7,2
2016-12-08,25739.18,25673.8,25809.18,25638.37,166000000.0,2016,12,8,3
2016-12-09,25817.69,25739.18,25817.69,25684.15,108520000.0,2016,12,9,4
2016-12-13,26071.16,25817.69,26071.21,25817.69,376700000.0,2016,12,13,1
2016-12-14,26407.64,26071.16,26407.64,26068.56,205330000.0,2016,12,14,2
2016-12-15,26559.01,26407.64,26578.78,26363.99,199980000.0,2016,12,15,3
2016-12-16,26707.1,26559.01,26722.77,26413.42,874340000.0,2016,12,16,4
2016-12-19,26586.56,26707.1,26707.1,26543.01,262899999.99999997,2016,12,19,0
2016-12-20,26540.87,26586.56,26602.42,26509.7,248710000.0,2016,12,20,1
2016-12-21,26418.11,26529.94,26529.94,26395.79,421180000.0,2016,12,21,2
2016-12-22,26464.82,26418.11,26490.12,26415.92,188680000.0,2016,12,22,3
2016-12-23,26486.02,26464.82,26642.26,26431.77,138910000.0,2016,12,23,4
2016-12-28,26688.25,26488.95,26701.53,26488.95,130639999.99999999,2016,12,28,2
2016-12-29,26782.93,26688.25,26790.54,26648.64,116890000.0,2016,12,29,3
2016-12-30,26874.62,26782.93,26874.62,26704.01,106300000.0,2016,12,30,4
2017-01-03,26616.89,26874.62,26874.62,26574.27,106430000.0,2017,1,3,1
2017-01-04,26495.04,26616.89,26648.35,26492.45,62090000.0,2017,1,4,2
2017-01-05,26212.09,26495.04,26623.98,26212.09,137690000.0,2017,1,5,3
2017-01-06,26251.39,26212.09,26285.49,26203.89,210210000.0,2017,1,6,4
2017-01-09,26580.22,26251.39,26580.22,26244.67,209020000.0,2017,1,9,0
2017-01-10,26346.24,26580.22,26628.85,26338.81,279340000.0,2017,1,10,1
2017-01-11,26385.8,26346.24,26411.21,26325.21,197450000.0,2017,1,11,2
2017-01-12,26330.39,26385.8,26414.92,26305.65,179330000.0,2017,1,12,3
2017-01-13,26325.93,26330.15,26350.33,26278.04,148570000.0,2017,1,13,4
2017-01-16,26373.83,26325.93,26378.56,26325.93,174000000.0,2017,1,16,0
2017-01-17,26278.2,26373.83,26375.68,26271.52,371870000.0,2017,1,17,1
2017-01-18,26245.34,26278.2,26308.87,26236.0,394820000.0,2017,1,18,2
2017-01-19,26201.6,26245.34,26246.42,26168.49,196460000.0,2017,1,19,3
2017-01-20,26223.54,26201.6,26228.41,26160.76,203190000.0,2017,1,20,4
2017-01-23,26231.37,26223.54,26231.37,26107.29,228590000.0,2017,1,23,0
2017-01-24,26217.54,26231.37,26296.54,26122.99,187700000.0,2017,1,24,1
2017-01-25,26240.45,26217.54,26248.36,26214.85,189990000.0,2017,1,25,2
2017-01-26,26289.95,26240.45,26295.29,26211.25,146490000.0,2017,1,26,3
2017-01-27,26328.22,26289.95,26361.45,26277.08,237790000.0,2017,1,27,4
2017-01-30,26217.18,26328.22,26339.35,26191.13,143520000.0,2017,1,30,0
2017-01-31,26036.24,26217.18,26244.8,25912.22,205750000.0,2017,1,31,1
2017-02-01,25903.55,26036.24,26084.25,25800.68,246360000.0,2017,2,1,2
2017-02-02,25936.24,25903.55,25936.24,25750.45,151500000.0,2017,2,2,3
2017-02-03,25802.54,25936.24,26084.39,25790.59,144470000.0,2017,2,3,4
2017-02-06,25587.09,25802.54,25812.09,25575.2,152360000.0,2017,2,6,0
2017-02-07,25446.66,25587.09,25595.97,25380.4,207180000.0,2017,2,7,1
2017-02-08,25460.45,25446.66,25511.1,25424.96,347820000.0,2017,2,8,2
2017-02-09,25322.3,25460.45,25472.15,25257.02,142830000.0,2017,2,9,3
2017-02-10,25340.02,25322.3,25350.03,25204.41,201730000.0,2017,2,10,4
2017-02-13,25244.65,25340.02,25475.13,25232.94,141910000.0,2017,2,13,0
2017-02-14,25032.17,25244.29,25246.17,25000.95,144890000.0,2017,2,14,1
2017-02-15,25130.26,25032.17,25130.26,24962.19,161840000.0,2017,2,15,2
2017-02-16,25055.29,25130.26,25171.26,25041.74,144390000.0,2017,2,16,3
2017-02-17,25164.91,25055.29,25188.29,25025.87,480000000.0,2017,2,17,4
2017-02-20,25249.49,25164.91,25273.94,25128.57,103360000.0,2017,2,20,0
2017-02-21,25251.63,25249.49,25323.81,25181.86,125150000.0,2017,2,21,1
2017-02-22,25249.74,25251.63,25263.49,25181.34,118460000.0,2017,2,22,2
2017-02-23,25409.06,25249.74,25409.06,25204.33,146710000.0,2017,2,23,3
2017-02-24,25250.37,25409.06,25417.1,25223.02,259310000.0,2017,2,24,4
2017-02-27,25373.42,25250.37,25382.73,25218.23,254750000.0,2017,2,27,0
2017-02-28,25329.08,25373.42,25402.89,25286.61,444500000.0,2017,2,28,1
2017-03-01,25183.1,25329.08,25351.8,25183.1,228020000.0,2017,3,1,2
2017-03-02,24829.59,25183.1,25204.97,24762.07,186000000.0,2017,3,2,3
2017-03-03,25012.08,24829.59,25037.4,24829.59,274170000.0,2017,3,3,4
2017-03-06,24581.99,25012.08,25136.1,24568.07,128160000.0,2017,3,6,0
2017-03-07,25129.27,24581.99,25129.27,24547.37,215360000.0,2017,3,7,1
2017-03-08,24986.02,25129.27,25169.1,24932.24,218720000.0,2017,3,8,2
2017-03-09,25170.36,24986.02,25292.47,24877.2,215910000.0,2017,3,9,3
2017-03-10,25238.01,25170.36,25543.4,25167.17,245390000.0,2017,3,10,4
2017-03-13,25136.63,25238.01,25238.85,25062.25,135400000.0,2017,3,13,0
2017-03-14,25284.56,25136.63,25284.56,25041.41,227760000.0,2017,3,14,1
2017-03-15,25301.23,25284.56,25315.56,25235.94,233780000.0,2017,3,15,2
2017-03-16,25418.08,25301.23,25469.06,25278.87,279950000.0,2017,3,16,3
2017-03-17,25653.16,25418.08,25678.51,25408.44,151380000.0,2017,3,17,4
2017-03-20,25671.55,25653.16,25671.55,25549.65,495240000.0,2017,3,20,0
2017-03-21,25558.57,25671.55,25680.63,25484.9,153720000.0,2017,3,21,1
2017-03-22,25514.09,25558.57,25561.25,25495.57,198840000.0,2017,3,22,2
2017-03-23,25514.03,25514.09,25558.33,25453.07,115110000.0,2017,3,23,3
2017-03-24,25454.93,25512.69,25516.94,25380.58,142000000.0,2017,3,24,4
2017-03-27,25485.17,25454.93,25497.56,25406.27,557060000.0,2017,3,27,0
2017-03-28,25406.72,25485.17,25514.97,25303.19,191950000.0,2017,3,28,1
2017-03-29,25267.68,25406.72,25415.22,25214.59,521659999.99999994,2017,3,29,2
2017-03-30,25533.82,25267.68,25533.82,25212.17,294180000.0,2017,3,30,3
2017-03-31,25516.34,25533.82,25561.99,25444.13,377510000.0,2017,3,31,4
2017-04-03,25273.03,25516.34,25555.73,25251.19,97690000.0,2017,4,3,0
2017-04-04,25266.15,25273.03,25339.7,25243.18,180120000.0,2017,4,4,1
2017-04-05,25471.69,25266.15,25471.69,25255.52,158700000.0,2017,4,5,2
2017-04-06,25755.18,25471.69,25764.45,25471.69,241510000.0,2017,4,6,3
2017-04-07,25746.52,25755.18,25818.98,25656.23,107940000.0,2017,4,7,4
2017-04-10,25626.37,25746.52,25749.87,25575.33,191830000.0,2017,4,10,0
2017-04-11,25478.06,25626.37,25637.96,25468.88,402670000.0,2017,4,11,1
2017-04-12,25496.71,25478.06,25514.28,25441.66,247660000.0,2017,4,12,2
2017-04-13,25510.01,25496.82,25530.34,25438.52,349280000.0,2017,4,13,3
2017-04-18,25218.12,25510.17,25510.17,25213.8,246090000.0,2017,4,18,1
2017-04-19,25331.77,25207.07,25331.77,25181.14,232300000.0,2017,4,19,2
2017-04-20,25288.11,25331.77,25342.03,25245.51,147890000.0,2017,4,20,3
2017-04-21,25189.37,25282.75,25318.02,25177.28,171600000.0,2017,4,21,4
2017-04-24,25747.05,25189.37,25785.63,25159.24,211760000.0,2017,4,24,0
2017-04-25,25818.87,25747.05,25857.1,25745.47,127420000.0,2017,4,25,1
2017-04-26,25620.94,25818.87,25903.52,25611.8,255700000.0,2017,4,26,2
2017-04-27,25753.0,25620.94,25804.14,25618.26,360010000.0,2017,4,27,3
2017-04-28,25767.26,25753.0,25893.91,25639.34,366470000.0,2017,4,28,4
2017-05-02,25965.18,25758.51,25977.23,25751.57,191020000.0,2017,5,2,1
2017-05-03,26117.15,25965.18,26122.02,25963.28,264490000.0,2017,5,3,2
2017-05-04,26166.8,26116.79,26166.8,25998.22,255600000.0,2017,5,4,3
2017-05-05,26235.63,26166.8,26256.35,26124.81,442830000.0,2017,5,5,4
2017-05-08,26419.17,26235.63,26428.42,26175.1,267640000.0,2017,5,8,0
2017-05-09,26756.21,26418.33,26772.21,26411.03,539210000.0,2017,5,9,1
2017-05-10,27546.68,26756.21,27722.48,26707.37,584120000.0,2017,5,10,2
2017-05-11,28423.7,27546.68,28608.94,27546.68,801070000.0,2017,5,11,3
2017-05-12,28192.46,28423.7,28873.44,28190.38,1060000000.0,2017,5,12,4
2017-05-15,27513.69,28192.46,28227.09,27492.41,670960000.0,2017,5,15,0
2017-05-16,27609.67,27513.69,27615.28,27277.1,569180000.0,2017,5,16,1
2017-05-17,27900.44,27609.67,27901.29,27609.51,371460000.0,2017,5,17,2
2017-05-18,28101.63,27900.44,28129.64,27863.23,353140000.0,2017,5,18,3
2017-05-19,28113.44,28101.63,28154.52,27994.01,305970000.0,2017,5,19,4
2017-05-22,28078.3,28113.38,28228.45,28036.4,208340000.0,2017,5,22,0
2017-05-23,28093.3,28078.3,28209.79,28047.66,212690000.0,2017,5,23,1
2017-05-24,28286.43,28093.3,28329.03,28093.3,311280000.0,2017,5,24,2
2017-05-25,28467.61,28286.43,28514.31,28245.88,418940000.0,2017,5,25,3
2017-05-26,29064.52,28467.61,29102.03,28467.61,725530000.0,2017,5,26,4
2017-05-30,29281.04,29065.86,29512.26,29065.86,832520000.0,2017,5,30,1
2017-05-31,29498.31,29276.59,29534.11,28959.58,343190000.0,2017,5,31,2
2017-06-01,30314.14,29498.31,30314.14,29498.31,434430000.0,2017,6,1,3
2017-06-02,31371.63,30314.14,31373.98,30314.14,708410000.0,2017,6,2,4
2017-06-05,32578.38,31371.63,32666.13,31371.63,640440000.0,2017,6,5,0
2017-06-06,32200.38,32578.38,32751.69,31978.1,744880000.0,2017,6,6,1
2017-06-07,32686.72,32200.38,32686.72,31624.16,497110000.0,2017,6,7,2
2017-06-08,32937.98,32686.72,33119.12,32686.72,528140000.0,2017,6,8,3
2017-06-09,33276.68,32937.98,33280.18,32937.98,686300000.0,2017,6,9,4
2017-06-12,33236.7,33276.68,33445.99,32962.16,501080000.0,2017,6,12,0
2017-06-13,33141.85,33235.28,33257.6,33095.9,408720000.0,2017,6,13,1
2017-06-14,33598.2,33141.85,33602.39,33091.26,759050000.0,2017,6,14,2
2017-06-15,33797.84,33598.2,33983.89,33494.29,573600000.0,2017,6,15,3
2017-06-16,33810.56,33797.84,33863.69,33567.76,493240000.0,2017,6,16,4
2017-06-19,34135.1,33810.96,34146.51,33810.96,482520000.0,2017,6,19,0
2017-06-20,34375.6,34134.67,34375.6,33689.78,392270000.0,2017,6,20,1
2017-06-21,33477.89,34381.7,34384.7,33397.48,508610000.0,2017,6,21,2
2017-06-22,32928.44,33482.61,33501.68,32450.3,509610000.0,2017,6,22,3
2017-06-23,32122.14,32928.04,32952.38,32102.86,417530000.0,2017,6,23,4
2017-06-28,32657.3,32122.14,32662.34,32065.66,386240000.0,2017,6,28,2
2017-06-29,33269.84,32657.3,33269.84,32657.3,431160000.0,2017,6,29,3
2017-06-30,33117.48,33269.84,33275.64,32758.94,345540000.0,2017,6,30,4
2017-07-03,32769.83,33117.48,33132.44,32748.6,162340000.0,2017,7,3,0
2017-07-04,32410.2,32769.8,32770.59,32406.84,206180000.0,2017,7,4,1
2017-07-05,32302.32,32410.2,32411.7,32210.2,311380000.0,2017,7,5,2
2017-07-06,32354.78,32302.32,32354.78,32149.69,168510000.0,2017,7,6,3
2017-07-07,32459.17,32354.78,32459.17,32219.72,212380000.0,2017,7,7,4
2017-07-10,32620.84,32459.37,32644.88,32432.59,182070000.0,2017,7,10,0
2017-07-11,32827.98,32614.6,32910.31,32546.08,218760000.0,2017,7,11,1
2017-07-12,32981.63,32827.98,32981.63,32812.72,270860000.0,2017,7,12,2
2017-07-13,33246.91,32981.63,33257.19,32981.29,288860000.0,2017,7,13,3
2017-07-14,33261.66,33246.91,33301.53,33183.36,311610000.0,2017,7,14,4
2017-07-17,33301.43,33261.66,33373.36,33052.13,322810000.0,2017,7,17,0
2017-07-18,33436.61,33301.43,33436.61,33222.98,323540000.0,2017,7,18,1
2017-07-19,33514.93,33436.61,33658.67,33436.61,331430000.0,2017,7,19,2
2017-07-20,33695.83,33514.93,33702.61,33435.98,191430000.0,2017,7,20,3
2017-07-21,34020.37,33695.83,34045.15,33692.29,378190000.0,2017,7,21,4
2017-07-24,34652.52,34020.37,34685.4,33999.14,293750000.0,2017,7,24,0
2017-07-25,35533.0,34652.52,35597.13,34652.52,513440000.00000006,2017,7,25,1
2017-07-26,36740.77,35533.0,36794.22,35504.88,335330000.0,2017,7,26,2
2017-07-27,37245.17,36740.77,37258.33,36704.65,542800000.0,2017,7,27,3
2017-07-28,36864.71,37245.17,37655.46,36506.35,525520000.0,2017,7,28,4
2017-07-31,35847.75,36881.74,36933.43,35793.63,490160000.0,2017,7,31,0
2017-08-01,36720.62,35847.75,36728.33,35444.0,433550000.0,2017,8,1,1
2017-08-02,36905.06,36720.62,36905.06,36252.17,251010000.0,2017,8,2,2
2017-08-03,37135.23,36905.06,37135.67,36901.21,279150000.0,2017,8,3,3
2017-08-04,37425.15,37135.23,37476.69,37096.68,515480000.0,2017,8,4,4
2017-08-07,37525.38,37425.15,37584.48,37292.56,254480000.0,2017,8,7,0
2017-08-08,37999.56,37525.38,38005.8,37451.09,218210000.0,2017,8,8,1
2017-08-09,38144.02,37999.56,38186.79,37961.43,328650000.0,2017,8,9,2
2017-08-10,38102.85,38144.02,38185.32,37944.91,362670000.0,2017,8,10,3
2017-08-11,38198.6,38102.85,38227.1,38102.85,353640000.0,2017,8,11,4
2017-08-14,37950.96,38198.6,38241.67,37949.49,316110000.0,2017,8,14,0
2017-08-15,37096.6,37950.96,37954.43,37007.13,391630000.0,2017,8,15,1
2017-08-16,36102.38,37096.6,37097.26,36008.56,224770000.0,2017,8,16,2
2017-08-17,36316.58,36102.38,36364.81,35871.31,225140000.0,2017,8,17,3
2017-08-18,36920.56,36316.58,36923.71,36267.39,236620000.0,2017,8,18,4
2017-08-21,36584.44,36920.56,37050.0,36550.28,368380000.0,2017,8,21,0
2017-08-22,36962.48,36584.44,37074.42,36572.06,144310000.0,2017,8,22,1
2017-08-23,37059.21,36962.48,37088.44,36886.32,264279999.99999997,2017,8,23,2
2017-08-24,36575.86,37063.41,37063.47,36538.95,238160000.0,2017,8,24,3
2017-08-25,36646.46,36575.86,36648.59,36491.93,422450000.0,2017,8,25,4
2017-08-28,36317.31,36646.46,36651.25,36241.81,348110000.0,2017,8,28,0
2017-08-29,36165.93,36317.31,36320.58,35747.97,144450000.0,2017,8,29,1
2017-08-30,35629.13,36166.16,36169.04,35515.11,239910000.0,2017,8,30,2
2017-08-31,35504.62,35629.13,35629.97,35417.16,202370000.0,2017,8,31,3
2017-09-05,35403.92,35504.62,35521.1,35326.19,59500000.0,2017,9,5,1
2017-09-06,35609.07,35403.92,35745.7,35348.94,281840000.0,2017,9,6,2
2017-09-07,36112.37,35605.3,36141.7,35559.76,222670000.0,2017,9,7,3
2017-09-08,35953.44,36112.37,36175.23,35901.02,152470000.0,2017,9,8,4
2017-09-11,35664.94,35957.24,36030.89,35621.0,114720000.0,2017,9,11,0
2017-09-12,35397.52,35664.94,35665.61,35364.73,373490000.0,2017,9,12,1
2017-09-13,35464.34,35397.52,35464.34,35221.27,119890000.0,2017,9,13,2
2017-09-14,35660.04,35464.34,35713.91,35448.01,128310000.0,2017,9,14,3
2017-09-15,35005.57,35659.72,35676.51,34976.5,160140000.0,2017,9,15,4
2017-09-18,34873.07,35005.57,35105.67,34744.96,162730000.0,2017,9,18,0
2017-09-19,34846.82,34873.07,34883.22,34734.21,174660000.0,2017,9,19,1
2017-09-20,35207.89,34846.82,35207.89,34729.78,137340000.0,2017,9,20,2
2017-09-21,35188.97,35207.89,35411.85,35128.03,429220000.0,2017,9,21,3
2017-09-22,35488.81,35188.97,35490.84,35187.24,192200000.0,2017,9,22,4
2017-09-25,35361.52,35488.81,35488.81,35246.52,107150000.0,2017,9,25,0
2017-09-26,34951.27,35358.73,35420.53,34876.87,298530000.0,2017,9,26,1
2017-09-27,35103.4,34951.27,35170.7,34653.22,136400000.0,2017,9,27,2
2017-09-28,35429.31,35103.4,35433.52,34847.79,337350000.0,2017,9,28,3
2017-09-29,35439.98,35430.3,35469.12,35350.17,235820000.0,2017,9,29,4
2017-10-03,35306.09,35439.98,35475.59,35262.26,634330000.0,2017,10,3,1
2017-10-04,35358.57,35306.09,35500.23,35272.84,174070000.0,2017,10,4,2
2017-10-05,35773.98,35358.57,35773.98,35155.08,296820000.0,2017,10,5,3
2017-10-06,36320.98,35773.69,36350.14,35772.7,367070000.0,2017,10,6,4
2017-10-09,36831.93,36321.81,36888.73,36320.29,262160000.00000003,2017,10,9,0
2017-10-10,36776.6,36831.93,36846.77,36747.68,353190000.0,2017,10,10,1
2017-10-11,36652.82,36776.6,36776.6,36620.52,336380000.0,2017,10,11,2
2017-10-12,36732.24,36652.99,36732.24,36619.78,443680000.0,2017,10,12,3
2017-10-13,36848.17,36732.24,36868.25,36731.09,159610000.0,2017,10,13,4
2017-10-16,36970.81,36848.17,37041.52,36833.89,214960000.0,2017,10,16,0
2017-10-17,36669.61,36970.81,36970.81,36668.42,211870000.0,2017,10,17,1
2017-10-18,36641.52,36669.61,36702.17,36634.01,198630000.0,2017,10,18,2
2017-10-19,36645.65,36641.52,36663.33,36611.37,140870000.0,2017,10,19,3
2017-10-20,36587.31,36645.65,36683.58,36583.21,106540000.0,2017,10,20,4
2017-10-23,36411.73,36587.31,36596.66,35825.05,253540000.0,2017,10,23,0
2017-10-24,36531.62,36411.73,36551.39,36406.89,199860000.0,2017,10,24,1
2017-10-25,36622.85,36531.62,36754.39,36531.62,333000000.0,2017,10,25,2
2017-10-26,36517.48,36622.85,36640.07,36438.6,356720000.0,2017,10,26,3
2017-10-27,36462.26,36517.48,36530.55,36310.2,250880000.0,2017,10,27,4
2017-10-30,36484.3,36462.26,36484.3,36203.89,174530000.0,2017,10,30,0
2017-10-31,36680.29,36484.3,36681.46,36144.63,259079999.99999997,2017,10,31,1
2017-11-01,36887.2,36680.29,36888.04,36427.31,249350000.0,2017,11,1,2
2017-11-02,36877.15,36887.2,36912.54,36682.4,318150000.0,2017,11,2,3
2017-11-03,36939.59,36877.15,37009.46,36834.34,361050000.0,2017,11,3,4
2017-11-06,36930.83,36939.59,37014.89,36910.49,466520000.0,2017,11,6,0
2017-11-07,37013.57,36930.83,37063.04,36907.07,305170000.0,2017,11,7,1
2017-11-08,37138.97,37013.57,37138.97,36965.05,193470000.0,2017,11,8,2
2017-11-09,37051.54,37138.97,37156.28,36932.48,175750000.0,2017,11,9,3
2017-11-10,37120.28,37051.54,37121.51,36963.86,175270000.0,2017,11,10,4
2017-11-13,37312.28,37120.28,37314.36,36843.04,207770000.0,2017,11,13,0
2017-11-14,36953.41,37312.28,37345.7,36996.54,0.0,2017,11,14,1
2017-11-15,36617.45,36617.45,36617.45,36617.45,0.0,2017,11,15,2
2017-11-16,36634.89,36617.45,36679.93,36541.9,217750000.0,2017,11,16,3
2017-11-17,36703.58,36634.89,36766.24,36615.55,1830000000.0,2017,11,17,4
2017-11-20,36792.6,36703.58,36800.85,36599.99,208710000.0,2017,11,20,0
2017-11-21,36600.07,36792.6,36864.64,36579.63,257930000.0,2017,11,21,1
2017-11-22,36608.76,36600.07,36693.59,36563.48,261880000.0,2017,11,22,2
2017-11-23,36688.75,36608.76,36984.36,36592.26,513799999.99999994,2017,11,23,3
2017-11-24,37365.91,36688.75,37374.88,36677.42,870580000.0,2017,11,24,4
2017-11-27,37250.78,37365.91,37393.29,37269.55,942720000.0,2017,11,27,0
2017-11-28,37503.73,37250.78,37541.88,37212.61,1100000000.0,2017,11,28,1
2017-11-29,37709.2,37503.73,37716.14,37466.5,441810000.0,2017,11,29,2
2017-11-30,37944.6,37709.2,38057.71,37709.2,495320000.0,2017,11,30,3
2017-12-04,37974.58,37944.6,38023.27,37913.99,500190000.0,2017,12,4,0
2017-12-05,38494.43,37974.58,38515.91,37970.44,522299999.99999994,2017,12,5,1
2017-12-06,39075.3,38494.43,39111.28,38494.43,703640000.0,2017,12,6,2
2017-12-07,39534.14,39075.3,39623.52,39075.3,1060000000.0,2017,12,7,3
2017-12-08,39257.53,39534.14,39656.53,39231.97,530059999.99999994,2017,12,8,4
2017-12-11,38913.99,39257.53,39292.21,38891.25,350580000.0,2017,12,11,0
2017-12-12,38924.63,38913.99,39104.09,38836.25,462670000.0,2017,12,12,1
2017-12-13,38534.64,38924.63,38945.09,38514.43,323940000.0,2017,12,13,2
2017-12-14,37933.7,38534.64,38539.91,37840.14,289260000.0,2017,12,14,3
2017-12-15,38436.08,37933.7,38436.08,37794.83,425260000.0,2017,12,15,4
2017-12-18,37957.96,38436.08,38486.26,37871.65,202000000.0,2017,12,18,0
2017-12-19,37783.76,37957.96,37960.62,37783.76,649580000.0,2017,12,19,1
2017-12-20,37933.86,37783.76,37933.86,37661.17,207800000.0,2017,12,20,2
2017-12-21,38350.64,37933.86,38350.64,37790.07,429380000.0,2017,12,21,3
2017-12-22,38522.14,38350.64,38522.14,38323.15,204470000.0,2017,12,22,4
2017-12-27,37889.57,38522.14,38547.98,37889.57,416990000.0,2017,12,27,2
2017-12-28,37990.74,37889.57,37991.55,37862.35,322310000.0,2017,12,28,3
2017-12-29,38243.19,37990.74,38243.19,37990.74,536850000.0,2017,12,29,4
2018-01-02,38264.79,38243.19,38268.82,37646.88,248480000.0,2018,1,2,1
2018-01-03,38187.28,38264.79,38579.51,38187.28,580710000.0,2018,1,3,2
2018-01-04,38676.12,38187.28,38848.31,38182.94,825130000.0,2018,1,4,3
2018-01-05,38923.26,38676.12,39113.68,38676.12,753290000.0,2018,1,5,4
2018-01-08,39849.65,38923.26,39851.45,38908.12,604530000.0,2018,1,8,0
2018-01-09,40362.97,39849.65,40485.54,39688.04,770890000.0,2018,1,9,1
2018-01-10,41816.11,40366.22,41816.11,40366.22,1090000000.0,2018,1,10,2
2018-01-11,43041.54,41816.11,43269.41,41813.37,1160000000.0,2018,1,11,3
2018-01-12,42898.9,43041.54,43670.57,42636.87,1390000000.0,2018,1,12,4
2018-01-15,43119.0,42898.9,43119.44,42262.82,730560000.0,2018,1,15,0
2018-01-16,44054.72,43119.0,44055.68,43119.0,635400000.0,2018,1,16,1
2018-01-17,44885.24,44054.72,44901.01,43956.76,960680000.0,2018,1,17,2
2018-01-18,44848.74,44885.24,45162.64,44188.72,1340000000.0,2018,1,18,3
2018-01-19,45092.83,44848.74,45103.96,44377.62,1340000000.0,2018,1,19,4
2018-01-22,44912.53,45092.83,45321.82,44748.24,2130000000.0,2018,1,22,0
2018-01-23,44389.85,44912.53,44937.83,43720.59,737860000.0,2018,1,23,1
2018-01-24,43963.4,44389.85,44389.85,43092.87,536429999.99999994,2018,1,24,2
2018-01-25,43529.06,43963.4,43995.68,43106.26,500850000.0,2018,1,25,3
2018-01-26,43773.76,43529.06,44155.98,43529.06,944860000.0,2018,1,26,4
2018-01-29,44306.48,43773.76,44306.48,43773.76,573350000.0,2018,1,29,0
2018-01-30,44493.79,44306.48,44493.79,43986.69,876980000.0,2018,1,30,1
2018-01-31,44343.65,44493.79,44512.37,43946.1,651900000.0,2018,1,31,2
2018-02-01,44460.18,44378.8,44484.04,44155.38,630520000.0,2018,2,1,3
2018-02-02,44639.99,44460.18,44684.38,44460.18,524940000.00000006,2018,2,2,4
2018-02-05,44261.72,44639.99,44663.91,44046.48,426870000.0,2018,2,5,0
2018-02-06,43877.3,44261.72,44262.49,43770.46,717150000.0,2018,2,6,1
2018-02-07,43538.16,43877.3,43921.17,43534.71,508300000.0,2018,2,7,2
2018-02-08,43326.89,43538.16,43616.14,43261.66,2140000000.0000002,2018,2,8,3
2018-02-09,43127.92,43326.89,43672.55,42790.79,552390000.0,2018,2,9,4
2018-02-12,42737.89,43127.92,43198.0,42080.55,517440000.00000006,2018,2,12,0
2018-02-13,41708.15,42735.32,42735.32,41614.1,470520000.0,2018,2,13,1
2018-02-14,42171.8,41708.15,42207.86,41657.35,520740000.0,2018,2,14,2
2018-02-15,42604.4,42171.8,42604.4,42171.8,615130000.0,2018,2,15,3
2018-02-16,42638.83,42604.4,42751.47,42454.63,616590000.0,2018,2,16,4
2018-02-19,41988.18,42638.83,42712.65,41988.18,287170000.0,2018,2,19,0
2018-02-20,42148.4,41987.74,42265.53,41497.82,510280000.0,2018,2,20,1
2018-02-21,42158.32,42148.4,42241.04,42061.98,570260000.0,2018,2,21,2
2018-02-22,42258.78,42158.32,42292.85,42158.32,342070000.0,2018,2,22,3
2018-02-23,42570.89,42258.78,42580.14,42214.42,308430000.0,2018,2,23,4
2018-02-26,42579.48,42570.89,42671.04,42514.17,384860000.0,2018,2,26,0
2018-02-27,42299.56,42579.48,42588.34,42231.43,438650000.0,2018,2,27,1
2018-02-28,43330.54,42299.56,43389.51,42098.01,571570000.0,2018,2,28,2
2018-03-01,42843.38,43330.54,43366.21,42628.49,371250000.0,2018,3,1,3
2018-03-02,42876.23,42843.38,42934.03,42705.63,403130000.0,2018,3,2,4
2018-03-05,43513.93,42876.23,44062.47,42876.23,251870000.0,2018,3,5,0
2018-03-06,43609.77,43513.93,43611.76,42912.56,445500000.0,2018,3,6,1
2018-03-07,42952.7,43609.77,43870.09,42939.13,270320000.0,2018,3,7,2
2018-03-08,43090.55,42952.7,43092.63,42777.92,266000000.0,2018,3,8,3
2018-03-09,43167.86,43090.55,43290.23,43079.16,1530000000.0,2018,3,9,4
2018-03-12,43056.51,43167.87,43228.94,42943.34,431230000.0,2018,3,12,0
2018-03-13,43073.45,43056.51,43081.56,42801.0,407780000.0,2018,3,13,1
2018-03-14,42839.52,43073.42,43073.42,42669.83,372670000.0,2018,3,14,2
2018-03-15,42185.38,42839.49,42889.64,42039.57,404050000.0,2018,3,15,3
2018-03-16,41935.93,42185.38,42185.38,41741.34,426580000.0,2018,3,16,4
2018-03-19,41832.63,41926.99,41926.99,41664.77,326860000.0,2018,3,19,0
2018-03-20,41686.36,41832.63,41860.34,41614.2,398200000.0,2018,3,20,1
2018-03-21,41495.43,41686.36,41693.11,41235.34,488740000.0,2018,3,21,2
2018-03-22,41633.79,41495.43,41640.04,41370.69,542270000.0,2018,3,22,3
2018-03-23,41472.1,41633.79,41960.37,41469.28,560120000.0,2018,3,23,4
2018-03-26,41454.3,41472.1,41662.4,41454.3,379880000.0,2018,3,26,0
2018-03-27,41243.24,41454.3,41466.48,41232.61,352890000.0,2018,3,27,1
2018-03-28,40802.08,41243.24,41280.46,40751.4,535030000.0,2018,3,28,2
2018-03-29,41504.51,40822.83,41526.24,40681.31,270600000.0,2018,3,29,3
2018-04-03,40855.64,41504.51,41615.41,40795.66,364760000.0,2018,4,3,1
2018-04-04,40749.86,40854.54,40855.83,40512.37,401410000.0,2018,4,4,2
2018-04-05,40875.69,40749.86,40945.75,40684.52,495640000.0,2018,4,5,3
2018-04-06,40841.14,40875.69,41001.17,40814.68,501960000.0,2018,4,6,4
2018-04-09,40429.18,40841.14,40848.41,40429.18,287040000.0,2018,4,9,0
2018-04-10,40499.04,40429.18,40499.04,40206.1,388270000.0,2018,4,10,1
2018-04-11,40846.24,40499.04,40849.15,40444.54,367200000.0,2018,4,11,2
2018-04-12,40808.48,40846.24,40882.71,40622.43,205290000.0,2018,4,12,3
2018-04-13,40808.48,40808.48,40961.2,40426.93,167130000.0,2018,4,13,4
2018-04-16,40533.37,40932.18,41014.67,40888.23,192490000.0,2018,4,16,0
2018-04-17,40788.68,40533.37,40862.01,40409.9,1600000000.0,2018,4,17,1
2018-04-18,40772.26,40788.68,40861.04,40492.26,230170000.0,2018,4,18,2
2018-04-19,40874.09,40772.26,40937.09,40724.76,740360000.0,2018,4,19,3
2018-04-20,40814.89,40874.09,40893.97,40735.76,242060000.0,2018,4,20,4
2018-04-23,40763.93,40814.89,40832.34,40579.54,309410000.0,2018,4,23,0
2018-04-24,40802.78,40763.93,40970.31,40757.19,246580000.0,2018,4,24,1
2018-04-25,40755.73,40801.04,40926.72,40589.6,350390000.0,2018,4,25,2
2018-04-26,40752.83,40755.73,40798.01,40727.26,378190000.0,2018,4,26,3
2018-04-27,41244.89,40777.67,41247.2,40761.74,319340000.0,2018,4,27,4
2018-04-30,41268.01,41244.89,41279.95,41146.48,450530000.0,2018,4,30,0
2018-05-02,41306.02,41268.01,41396.91,41154.78,276170000.0,2018,5,2,2
2018-05-03,41107.81,41306.02,41307.05,40944.36,320390000.0,2018,5,3,3
2018-05-04,41218.72,41107.81,41236.79,41107.81,283570000.0,2018,5,4,4
2018-05-07,41172.82,41218.72,41233.42,41031.15,221380000.0,2018,5,7,0
2018-05-08,41155.8,41172.82,41642.33,41110.44,563620000.0,2018,5,8,1
2018-05-09,41080.12,41156.37,41160.18,40904.83,341060000.0,2018,5,9,2
2018-05-10,40914.94,41080.12,41086.2,40872.96,244920000.0,2018,5,10,3
2018-05-11,41022.31,40914.94,41189.28,40913.85,214580000.0,2018,5,11,4
2018-05-14,40677.61,41022.31,41029.79,40667.46,218760000.0,2018,5,14,0
2018-05-15,40615.42,40677.61,40723.49,40565.66,203360000.0,2018,5,15,1
2018-05-16,40992.97,40615.42,41027.28,40531.9,259480000.00000003,2018,5,16,2
2018-05-17,40651.41,40992.97,41003.76,40675.89,424370000.0,2018,5,17,3
2018-05-18,40472.45,40651.41,40675.7,40444.17,350550000.0,2018,5,18,4
2018-05-21,40425.07,40472.45,40476.61,40383.19,271270000.0,2018,5,21,0
2018-05-22,40249.29,40425.07,40461.69,40245.32,280060000.0,2018,5,22,1
2018-05-23,40150.55,40249.29,40254.91,40116.27,266700000.0,2018,5,23,2
2018-05-24,39723.85,40150.55,40150.55,39723.85,256430000.0,2018,5,24,3
2018-05-25,39323.62,39723.85,39908.11,39213.98,295990000.0,2018,5,25,4
2018-05-28,39028.51,39323.62,39323.62,38910.82,222290000.0,2018,5,28,0
2018-05-30,39695.16,39028.51,39177.53,38603.32,342050000.0,2018,5,30,2
2018-05-31,38104.54,38606.41,38791.52,37998.17,476200000.0,2018,5,31,3
2018-06-01,36816.29,38104.54,38148.45,36677.07,516809999.99999994,2018,6,1,4
2018-06-04,36947.1,36816.29,36950.98,36676.15,314330000.0,2018,6,4,0
2018-06-05,37854.92,36947.1,37854.92,36947.1,339650000.0,2018,6,5,1
2018-06-06,38435.29,37854.92,38463.54,37854.92,393120000.0,2018,6,6,2
2018-06-07,39042.11,38435.29,39042.39,38435.29,492040000.0,2018,6,7,3
2018-06-08,38669.23,39042.11,39088.69,38636.0,210030000.0,2018,6,8,4
2018-06-11,38845.31,38669.23,38856.06,38649.41,603170000.0,2018,6,11,0
2018-06-12,39167.04,38844.32,39425.61,38843.04,341480000.0,2018,6,12,1
2018-06-13,39031.72,39167.04,39261.6,39031.72,456490000.0,2018,6,13,2
2018-06-14,38928.02,39031.72,39068.49,38407.08,335710000.0,2018,6,14,3
2018-06-19,38664.15,38928.02,38928.02,38616.91,390470000.0,2018,6,19,1
2018-06-20,38605.07,38664.15,38670.95,38533.66,267760000.0,2018,6,20,2
2018-06-21,38152.6,38605.07,38606.97,38093.16,271400000.0,2018,6,21,3
2018-06-22,37862.53,38152.6,38197.65,37852.38,167220000.0,2018,6,22,4
2018-06-25,37992.12,37862.53,38003.18,37690.01,207410000.0,2018,6,25,0
2018-06-26,37988.54,37992.12,38040.1,37929.64,258709999.99999997,2018,6,26,1
2018-06-27,37963.93,37988.54,38030.63,37908.64,372240000.0,2018,6,27,2
2018-06-28,37733.44,37963.93,37977.25,37708.5,414930000.0,2018,6,28,3
2018-06-29,38278.55,37733.44,38291.55,37733.44,469340000.0,2018,6,29,4
2018-07-02,37946.92,38278.55,38322.94,37946.92,244460000.0,2018,7,2,0
2018-07-03,37605.12,37946.92,37946.92,37601.79,254770000.0,2018,7,3,1
2018-07-04,37499.07,37605.12,37611.68,37445.76,381800000.0,2018,7,4,2
2018-07-05,37743.22,37499.07,37743.22,37451.08,497110000.0,2018,7,5,3
2018-07-06,37625.59,37743.22,37826.28,37612.36,170870000.0,2018,7,6,4
2018-07-09,37647.93,37625.59,37715.3,37615.49,151200000.0,2018,7,9,0
2018-07-10,37421.01,37647.93,37647.93,37422.84,211630000.0,2018,7,10,1
2018-07-11,37253.25,37421.01,37431.58,37233.82,285110000.0,2018,7,11,2
2018-07-12,37226.44,37253.25,37253.25,37075.09,262970000.00000003,2018,7,12,3
2018-07-13,37392.77,37226.44,37396.67,37182.19,212150000.0,2018,7,13,4
2018-07-16,37266.86,37392.77,37392.77,37215.81,303480000.0,2018,7,16,0
2018-07-17,36963.7,37266.86,37281.34,36949.3,203560000.0,2018,7,17,1
2018-07-18,36748.18,36963.7,36963.7,36608.11,181150000.0,2018,7,18,2
2018-07-19,36470.05,36748.18,36906.22,36420.72,296350000.0,2018,7,19,3
2018-07-20,36603.44,36474.39,36652.19,36360.83,679820000.0,2018,7,20,4
2018-07-23,36711.96,36603.44,36713.06,36603.44,225910000.0,2018,7,23,0
2018-07-24,36455.24,36711.96,36711.96,36446.4,378690000.0,2018,7,24,1
2018-07-25,36346.8,36455.24,36474.12,36339.41,329840000.0,2018,7,25,2
2018-07-26,36427.22,36346.8,36678.29,36316.3,171000000.0,2018,7,26,3
2018-07-27,36636.97,36427.22,36643.4,36427.22,311350000.0,2018,7,27,4
2018-07-30,36946.18,36636.97,36946.18,36636.97,319400000.0,2018,7,30,0
2018-07-31,37017.78,36937.73,37017.78,36713.99,244950000.0,2018,7,31,1
2018-08-01,36612.83,37017.78,37023.18,36573.19,240020000.0,2018,8,1,2
2018-08-02,36688.91,36612.83,36708.03,36510.88,225810000.0,2018,8,2,3
2018-08-03,36499.67,36688.91,36750.29,36478.1,266200000.0,2018,8,3,4
2018-08-06,36479.42,36499.67,36620.48,36399.42,182280000.0,2018,8,6,0
2018-08-07,36333.8,36479.42,36491.19,36321.5,248010000.0,2018,8,7,1
2018-08-08,36299.82,36333.8,36336.04,36295.55,113930000.0,2018,8,8,2
2018-08-09,36232.66,36299.82,36366.26,36153.15,188260000.0,2018,8,9,3
2018-08-10,35446.47,36232.66,36232.66,35435.28,192990000.0,2018,8,10,4
2018-08-13,35410.61,35446.47,35474.15,35351.76,160420000.0,2018,8,13,0
2018-08-14,35288.23,35410.61,35434.6,35156.29,164510000.0,2018,8,14,1
2018-08-15,35069.34,35288.23,35300.21,35061.28,209520000.0,2018,8,15,2
2018-08-16,34618.43,35069.34,35069.34,34603.07,237810000.0,2018,8,16,3
2018-08-17,35266.29,34618.43,35469.05,34579.35,244320000.0,2018,8,17,4
2018-08-20,35341.9,35266.29,35425.17,34900.34,220500000.0,2018,8,20,0
2018-08-23,35206.16,34663.48,35206.16,34481.47,220710000.0,2018,8,23,3
2018-08-24,35426.17,35206.16,35679.05,35199.87,527740000.0,2018,8,24,4
2018-08-27,35311.36,35426.17,35499.66,34643.3,178810000.0,2018,8,27,0
2018-08-28,35516.21,35311.36,35516.21,35309.85,339680000.0,2018,8,28,1
2018-08-29,35358.94,35516.21,35560.31,35358.94,345050000.0,2018,8,29,2
2018-08-30,35086.67,35354.26,35400.04,34942.23,284590000.0,2018,8,30,3
2018-08-31,34848.45,35086.67,35086.67,34113.89,384890000.0,2018,8,31,4
2018-09-03,34837.5,34848.55,34860.32,33849.14,131530000.0,2018,9,3,0
2018-09-04,35013.05,34837.94,34966.72,34837.94,240460000.0,2018,9,4,1
2018-09-05,34414.37,34933.68,34963.29,34146.21,200270000.0,2018,9,5,2
2018-09-06,34110.22,34414.37,34438.13,34087.26,164490000.0,2018,9,6,3
2018-09-07,34037.91,34110.22,34177.85,33667.34,155950000.0,2018,9,7,4
2018-09-10,33611.69,34014.49,34014.49,33594.44,137630000.0,2018,9,10,0
2018-09-11,33449.17,33607.01,33609.86,33114.12,150670000.0,2018,9,11,1
2018-09-12,32292.79,33449.17,33449.64,32269.65,246880000.0,2018,9,12,2
2018-09-13,32022.23,32292.79,32321.64,31938.59,173470000.0,2018,9,13,3
2018-09-14,32327.59,32022.04,32446.48,32022.04,251690000.0,2018,9,14,4
2018-09-17,32201.98,32327.59,32378.72,32201.98,160670000.0,2018,9,17,0
2018-09-18,32381.0,32201.98,32381.0,32180.72,269810000.0,2018,9,18,1
2018-09-19,32375.12,32350.9,32392.93,32269.75,190020000.0,2018,9,19,2
2018-09-20,32480.89,32375.12,32480.89,32330.18,225930000.0,2018,9,20,3
2018-09-21,32540.17,32480.89,32784.33,32475.85,330380000.0,2018,9,21,4
2018-09-24,32451.27,32540.17,32577.92,32427.54,190460000.0,2018,9,24,0
2018-09-25,33114.44,32646.43,33230.46,32646.43,222950000.0,2018,9,25,1
2018-09-26,32963.27,33114.44,33202.3,32952.7,172190000.0,2018,9,26,2
2018-09-27,32763.35,32963.27,32983.99,32684.66,154280000.0,2018,9,27,3
2018-09-28,32766.37,32763.35,32817.46,32661.14,184530000.0,2018,9,28,4
2018-10-02,32711.65,32762.34,32815.19,32695.45,184590000.0,2018,10,2,1
2018-10-03,32454.03,32711.65,32728.72,32434.67,136700000.0,2018,10,3,2
2018-10-04,32423.57,32454.03,32526.7,32395.25,151140000.0,2018,10,4,3
2018-10-05,32383.15,32423.57,32424.98,32332.3,166650000.0,2018,10,5,4
2018-10-08,32444.96,32383.15,32476.28,32383.15,120720000.0,2018,10,8,0
2018-10-09,32417.7,32444.96,32477.47,32336.24,349530000.0,2018,10,9,1
2018-10-10,32382.58,32417.7,32466.73,32382.58,134450000.0,2018,10,10,2
2018-10-11,32417.82,32382.58,32443.08,32330.67,147520000.0,2018,10,11,3
2018-10-12,32456.98,32417.82,32456.98,32335.75,162360000.0,2018,10,12,4
2018-10-15,32413.0,32456.98,32474.42,32396.73,0.0,2018,10,15,0
2018-10-16,32722.18,32413.0,32736.75,32413.0,0.0,2018,10,16,1
2018-10-17,32437.35,32722.18,32722.18,32418.9,0.0,2018,10,17,2
2018-10-18,32664.63,32437.35,32877.32,32402.65,0.0,2018,10,18,3
2018-10-19,32841.69,32664.63,32897.48,32639.31,0.0,2018,10,19,4
2018-10-22,32962.82,32841.69,32986.93,32841.69,0.0,2018,10,22,0
2018-10-23,33191.45,32962.82,33269.0,32962.82,0.0,2018,10,23,1
2018-10-24,32403.6,33191.45,33201.34,32403.6,0.0,2018,10,24,2
2018-10-25,32545.06,32403.6,32570.86,32397.42,0.0,2018,10,25,3
2018-10-26,32907.33,32545.06,32907.33,32326.9,0.0,2018,10,26,4
2018-10-29,33196.07,32907.33,33200.37,32735.95,0.0,2018,10,29,0
2018-10-30,33167.88,33196.07,33577.11,32828.11,0.0,2018,10,30,1
2018-10-31,32466.27,33168.96,33215.73,32399.67,0.0,2018,10,31,2
2018-11-01,32006.65,32458.05,32477.99,32006.65,0.0,2018,11,1,3
2018-11-02,32124.94,32006.65,32200.93,32006.65,0.0,2018,11,2,4
2018-11-05,32048.18,32130.02,32182.93,32033.91,0.0,2018,11,5,0
2018-11-06,32154.03,32048.18,32212.0,31949.33,0.0,2018,11,6,1
2018-11-07,32108.3,32154.03,32218.2,32083.25,0.0,2018,11,7,2
2018-11-08,32228.5,32108.3,32246.75,32103.41,0.0,2018,11,8,3
2018-11-09,32200.21,32228.5,32253.44,32126.6,0.0,2018,11,9,4
2018-11-12,32143.41,32202.73,32218.71,32123.14,0.0,2018,11,12,0
2018-11-13,32152.9,32136.43,32402.92,32101.8,0.0,2018,11,13,1
2018-11-14,32108.92,32146.55,32191.6,32101.59,0.0,2018,11,14,2
2018-11-15,31864.8,32108.92,32117.61,31859.77,0.0,2018,11,15,3
2018-11-16,32058.28,31864.8,32150.75,31854.43,0.0,2018,11,16,4
2018-11-19,32222.24,32057.01,32226.73,32026.17,0.0,2018,11,19,0
2018-11-21,31969.79,32222.24,32357.22,31968.13,0.0,2018,11,21,2
2018-11-22,31984.6,31969.79,31999.72,31934.9,0.0,2018,11,22,3
2018-11-23,31678.7,31984.6,31998.15,31610.43,0.0,2018,11,23,4
2018-11-26,31579.72,31678.7,31779.9,31562.31,0.0,2018,11,26,0
2018-11-27,31173.71,31533.5,31551.61,31147.49,0.0,2018,11,27,1
2018-11-28,31023.47,31173.71,31295.97,30993.97,0.0,2018,11,28,2
2018-11-29,30611.55,31023.47,31061.18,30545.2,0.0,2018,11,29,3
2018-11-30,30874.17,30611.55,31014.82,30570.99,0.0,2018,11,30,4
2018-12-03,30798.76,30874.17,30895.4,30732.76,0.0,2018,12,3,0
2018-12-04,31007.25,30798.76,31025.33,30792.47,0.0,2018,12,4,1
2018-12-05,31151.68,31007.25,31180.32,30925.25,0.0,2018,12,5,2
2018-12-06,30819.1,31151.68,31160.36,30773.13,0.0,2018,12,6,3
2018-12-07,30866.82,30819.1,30993.02,30774.51,0.0,2018,12,7,4
2018-12-10,30614.73,30866.82,31213.77,30614.73,0.0,2018,12,10,0
2018-12-11,30718.72,30614.73,30769.61,30542.86,0.0,2018,12,11,1
2018-12-12,30642.35,30710.12,30771.47,30611.08,0.0,2018,12,12,2
2018-12-13,30568.05,30642.35,30735.2,30567.25,0.0,2018,12,13,3
2018-12-14,30672.79,30568.05,30754.26,30568.05,0.0,2018,12,14,4
2018-12-17,30609.06,30700.5,30722.25,30553.9,0.0,2018,12,17,0
2018-12-18,30822.33,30609.06,30822.33,30606.83,0.0,2018,12,18,1
2018-12-19,30704.98,30814.19,30884.63,30696.38,0.0,2018,12,19,2
2018-12-20,30802.9,30704.98,30802.9,30506.79,0.0,2018,12,20,3
2018-12-21,30773.64,30802.9,30911.22,30704.47,0.0,2018,12,21,4
2018-12-24,31967.01,30773.64,31967.01,30773.64,0.0,2018,12,24,0
2018-12-27,31692.63,31967.01,31967.01,31569.28,0.0,2018,12,27,3
2018-12-28,31037.72,31693.17,31771.38,31029.89,0.0,2018,12,28,4
2018-12-31,31430.5,31036.63,31430.5,30753.93,0.0,2018,12,31,0
2019-01-02,31070.06,31429.34,31434.04,31065.25,0.0,2019,1,2,2
2019-01-03,30771.32,31070.06,31078.43,30749.66,0.0,2019,1,3,3
2019-01-04,30638.9,30770.7,30770.7,30577.18,0.0,2019,1,4,4
2019-01-07,30400.28,30638.9,30709.65,30260.03,0.0,2019,1,7,0
2019-01-08,30036.15,30397.63,30488.52,29999.95,0.0,2019,1,8,1
2019-01-09,29336.8,30036.15,30084.28,29336.8,0.0,2019,1,9,2
2019-01-10,29517.73,29336.8,29612.33,29329.62,0.0,2019,1,10,3
2019-01-11,29830.7,29522.31,30438.21,29518.35,0.0,2019,1,11,4
2019-01-14,29964.79,29830.7,29985.66,29689.73,0.0,2019,1,14,0
2019-01-15,29964.79,29964.79,30172.4,29964.79,0.0,2019,1,15,1
2019-01-16,30460.68,30138.06,30541.04,30001.87,0.0,2019,1,16,2
2019-01-17,30583.21,30460.68,30597.02,30297.38,0.0,2019,1,17,3
2019-01-18,31005.17,30566.38,31005.17,30526.18,0.0,2019,1,18,4
2019-01-21,30732.72,31005.17,31041.06,30720.76,0.0,2019,1,21,0
2019-01-22,30736.88,30732.72,30811.19,30485.34,0.0,2019,1,22,1
2019-01-23,30878.56,30736.88,30880.67,30736.88,0.0,2019,1,23,2
2019-01-24,30989.6,30886.32,30989.6,30866.96,0.0,2019,1,24,3
2019-01-25,31426.63,30989.6,31428.64,30981.9,0.0,2019,1,25,4
2019-01-28,31344.24,31422.75,31457.07,31241.99,0.0,2019,1,28,0
2019-01-29,31178.71,31334.61,31334.61,31178.71,0.0,2019,1,29,1
2019-01-30,31145.34,31178.71,31202.3,31143.37,0.0,2019,1,30,2
2019-01-31,30557.2,31142.58,31142.58,30557.2,0.0,2019,1,31,3
2019-02-01,30636.36,30557.2,30740.63,30557.2,0.0,2019,2,1,4
2019-02-04,30745.05,30636.36,30754.09,30636.36,0.0,2019,2,4,0
2019-02-05,30773.57,30745.05,30773.57,30521.42,0.0,2019,2,5,1
2019-02-06,30821.8,30773.57,30825.2,30728.01,0.0,2019,2,6,2
2019-02-07,31433.49,30817.22,31433.49,30817.22,0.0,2019,2,7,3
2019-02-08,31529.92,31457.17,31845.63,31457.17,0.0,2019,2,8,4
2019-02-11,31781.87,31529.92,31891.23,31515.44,0.0,2019,2,11,0
2019-02-12,32462.31,31783.0,32462.69,31783.0,0.0,2019,2,12,1
2019-02-13,32413.92,32463.38,32635.13,32267.37,0.0,2019,2,13,2
2019-02-14,32453.69,32413.92,32496.18,32367.49,0.0,2019,2,14,3
2019-02-15,32715.2,32457.63,32958.96,32457.63,0.0,2019,2,15,4
2019-02-18,32190.07,32715.2,32738.95,31824.22,0.0,2019,2,18,0
2019-02-19,32406.18,32190.07,32416.04,32157.29,0.0,2019,2,19,1
2019-02-20,32614.06,32410.13,32617.94,32392.46,0.0,2019,2,20,2
2019-02-21,32568.66,32646.16,32734.37,32568.66,0.0,2019,2,21,3
2019-02-22,32515.52,32568.66,32617.13,32473.74,0.0,2019,2,22,4
2019-02-25,32700.12,32516.05,32713.13,32516.05,0.0,2019,2,25,0
2019-02-26,32473.82,32700.12,32745.92,32441.42,0.0,2019,2,26,1
2019-02-27,32244.24,32473.82,32524.1,32185.06,0.0,2019,2,27,2
2019-02-28,31718.7,32247.54,32953.54,31718.7,0.0,2019,2,28,3
2019-03-01,31827.24,31718.7,31935.28,31708.89,0.0,2019,3,1,4
2019-03-04,32129.94,31827.24,32129.94,31827.24,0.0,2019,3,4,0
2019-03-05,32173.66,32129.94,32252.89,32126.42,0.0,2019,3,5,1
2019-03-06,32121.74,32173.66,32173.66,32062.03,0.0,2019,3,6,2
2019-03-07,32010.06,32121.74,32159.87,32041.74,0.0,2019,3,7,3
2019-03-08,31924.51,32010.06,32043.49,31876.24,0.0,2019,3,8,4
2019-03-11,31636.66,31718.23,31792.81,31636.66,0.0,2019,3,11,0
2019-03-12,31313.36,31636.66,31645.24,31267.99,0.0,2019,3,12,1
2019-03-13,31360.28,31313.36,31360.28,31057.66,0.0,2019,3,13,2
2019-03-14,31210.79,31369.91,31390.78,31210.79,0.0,2019,3,14,3
2019-03-15,31142.72,31175.88,31265.21,31102.1,0.0,2019,3,15,4
2019-03-18,31125.39,31142.72,31156.47,31103.67,0.0,2019,3,18,0
2019-03-19,31082.32,31125.39,31133.59,30965.22,0.0,2019,3,19,1
2019-03-20,31040.84,31082.32,31104.9,31015.27,0.0,2019,3,20,2
2019-03-21,30885.31,31066.1,31077.89,30856.23,0.0,2019,3,21,3
2019-03-22,31139.35,30885.31,31156.19,30885.31,0.0,2019,3,22,4
2019-03-25,31042.32,31139.35,31139.35,30996.82,0.0,2019,3,25,0
2019-03-26,31038.86,31042.32,31094.87,31007.76,0.0,2019,3,26,1
2019-03-27,30829.45,31038.86,31066.07,30811.14,0.0,2019,3,27,2
2019-03-28,30833.5,30829.45,30896.86,30770.6,0.0,2019,3,28,3
2019-03-29,31041.42,30833.5,31106.74,30786.33,0.0,2019,3,29,4
2019-04-01,30527.5,31041.42,31041.42,30527.5,0.0,2019,4,1,0
2019-04-02,30226.77,30527.88,30712.37,30212.62,0.0,2019,4,2,1
2019-04-03,29668.73,30226.77,30243.71,29665.78,0.0,2019,4,3,2
2019-04-04,29553.12,29626.14,29662.09,29548.65,0.0,2019,4,4,3
2019-04-05,29616.38,29553.12,29628.4,29536.48,0.0,2019,4,5,4
2019-04-08,29162.24,29616.38,29620.93,28780.02,0.0,2019,4,8,0
2019-04-09,29149.46,29159.92,29160.11,28989.49,0.0,2019,4,9,1
2019-04-10,29193.42,29158.57,29213.93,29124.02,0.0,2019,4,10,2
2019-04-11,29347.62,29180.88,29347.62,29172.35,0.0,2019,4,11,3
2019-04-12,29560.47,29347.62,29566.55,29312.86,0.0,2019,4,12,4
2019-04-15,29495.91,29560.47,29630.86,29484.93,0.0,2019,4,15,0
2019-04-16,29746.24,29495.91,29746.24,29495.91,0.0,2019,4,16,1
2019-04-17,29970.86,29793.56,30033.22,29728.55,0.0,2019,4,17,2
2019-04-18,30086.31,29999.25,30132.98,29980.89,0.0,2019,4,18,3
2019-04-23,30076.0,30086.31,30131.93,30006.33,0.0,2019,4,23,1
2019-04-24,29898.31,30080.73,30113.65,29854.02,0.0,2019,4,24,2
2019-04-25,29919.77,29898.31,29986.11,29862.84,0.0,2019,4,25,3
2019-04-26,29740.41,29919.19,30041.37,29740.41,0.0,2019,4,26,4
2019-04-29,29521.06,29740.41,29813.37,29476.29,0.0,2019,4,29,0
2019-04-30,29159.74,29521.06,29654.53,29154.78,0.0,2019,4,30,1
2019-05-02,29171.73,29159.74,29195.7,29104.1,0.0,2019,5,2,3
2019-05-03,29212.0,29171.73,29222.73,29143.73,0.0,2019,5,3,4
2019-05-06,29196.87,29212.0,29212.0,29120.86,0.0,2019,5,6,0
2019-05-07,29096.41,29196.87,29208.63,29091.6,0.0,2019,5,7,1
2019-05-08,28966.41,29096.41,29115.3,28946.91,0.0,2019,5,8,2
2019-05-09,28896.25,28966.41,29015.77,28881.83,0.0,2019,5,9,3
2019-05-10,28847.81,28896.25,28896.25,28718.68,0.0,2019,5,10,4
2019-05-13,28484.44,28847.98,28876.87,28542.51,0.0,2019,5,13,0
2019-05-14,28422.76,28484.44,28535.31,28398.98,0.0,2019,5,14,1
2019-05-15,28286.08,28422.76,28433.39,28282.3,0.0,2019,5,15,2
2019-05-16,28438.19,28286.08,28452.0,28019.97,0.0,2019,5,16,3
2019-05-17,28871.93,28438.19,28918.54,28438.19,0.0,2019,5,17,4
2019-05-20,29373.4,28871.93,29438.95,28871.93,0.0,2019,5,20,0
2019-05-21,30218.14,29373.4,30270.34,29361.88,0.0,2019,5,21,1
2019-05-22,31145.15,30218.14,31194.69,30218.14,0.0,2019,5,22,2
2019-05-23,31477.51,31145.15,31917.13,30902.23,0.0,2019,5,23,3
2019-05-24,30881.29,31754.79,31809.29,30825.17,0.0,2019,5,24,4
2019-05-27,30194.71,30881.29,30885.33,30188.62,0.0,2019,5,27,0
2019-05-28,31307.0,30194.71,31307.0,30149.07,0.0,2019,5,28,1
2019-05-30,31254.19,31307.0,31420.68,31078.83,0.0,2019,5,30,3
2019-05-31,31069.37,31254.19,31257.75,30992.94,0.0,2019,5,31,4
2019-06-03,30928.29,31069.37,31100.03,30867.74,0.0,2019,6,3,0
2019-06-06,30527.07,30928.29,30948.16,30136.14,217190000.0,2019,6,6,3
2019-06-07,30432.13,30529.9,30982.78,30380.98,280000000.0,2019,6,7,4
2019-06-10,30322.19,30432.13,30459.43,30306.76,247280000.0,2019,6,10,0
2019-06-11,30099.83,30322.19,30322.19,30055.56,233430000.0,2019,6,11,1
2019-06-13,30029.15,30099.83,30150.05,30022.92,242560000.0,2019,6,13,3
2019-06-14,30046.7,30029.23,30086.61,29994.53,145280000.0,2019,6,14,4
2019-06-17,29936.33,30046.7,30087.86,29933.25,2060000000.0,2019,6,17,0
2019-06-18,29818.8,29936.33,29936.33,29797.11,2060000000.0,2019,6,18,1
2019-06-19,29772.72,29818.8,29891.86,29772.72,263430000.0,2019,6,19,2
2019-06-20,29765.31,29774.81,29897.18,29695.62,275470000.0,2019,6,20,3
2019-06-21,29851.29,29803.69,29890.61,29747.39,189940000.0,2019,6,21,4
2019-06-24,29809.2,29851.29,29890.01,29694.91,573530000.0,2019,6,24,0
2019-06-25,29668.68,29809.2,29814.38,29655.53,253370000.0,2019,6,25,1
2019-06-26,29609.0,29668.68,29697.43,29588.54,394020000.0,2019,6,26,2
2019-06-27,29749.35,29609.0,29756.79,29224.23,301060000.0,2019,6,27,3
2019-06-28,29966.87,29749.35,29978.81,29650.45,248360000.0,2019,6,28,4
2019-07-01,29614.61,29966.87,29966.88,29593.82,107430000.0,2019,7,1,0
2019-07-02,29395.14,29614.61,29616.93,29395.14,200680000.0,2019,7,2,1
2019-07-03,29375.25,29395.14,29458.03,29300.7,237710000.0,2019,7,3,2
2019-07-04,29300.09,29375.25,29466.94,29300.09,180400000.0,2019,7,4,3
2019-07-05,29270.95,29300.09,29318.09,29235.28,298400000.0,2019,7,5,4
2019-07-08,29287.87,29270.95,29312.93,29216.7,216290000.0,2019,7,8,0
2019-07-09,29318.85,29287.87,29318.85,28943.48,294400000.0,2019,7,9,1
2019-07-10,29256.6,29318.02,29318.02,29010.33,188740000.0,2019,7,10,2
2019-07-11,28712.9,29256.6,29281.36,28637.58,188430000.0,2019,7,11,3
2019-07-12,28566.79,28712.9,28759.29,28563.31,100370000.0,2019,7,12,4
2019-07-15,28341.03,28566.79,28577.41,28337.52,175170000.0,2019,7,15,0
2019-07-16,28200.88,28340.98,28566.41,28138.5,216680000.0,2019,7,16,1
2019-07-17,28042.8,28197.66,28251.78,28042.68,243700000.0,2019,7,17,2
2019-07-18,27864.49,28046.02,28067.62,27864.49,175360000.0,2019,7,18,3
2019-07-19,27919.5,27864.49,27948.24,27803.57,273900000.0,2019,7,19,4
2019-07-22,27808.69,27919.5,28070.43,27808.69,285760000.0,2019,7,22,0
2019-07-23,28144.87,27808.69,28144.87,27791.98,135180000.0,2019,7,23,1
2019-07-24,28088.74,28144.87,28292.44,28070.65,157770000.0,2019,7,24,2
2019-07-25,27990.61,28088.74,28103.69,27985.62,359110000.0,2019,7,25,3
2019-07-26,27918.59,27990.61,28031.67,27900.57,130850000.0,2019,7,26,4
2019-07-29,27950.36,27918.59,27976.14,27912.7,92790000.0,2019,7,29,0
2019-07-30,27820.57,27950.36,28028.27,27814.13,155180000.0,2019,7,30,1
2019-07-31,27718.26,27816.89,27902.51,27679.02,251920000.0,2019,7,31,2
2019-08-01,27748.46,27718.26,27748.46,27615.46,97360000.0,2019,8,1,3
2019-08-02,27630.46,27748.46,27792.77,27623.58,161650000.0,2019,8,2,4
2019-08-05,27669.38,27630.46,27674.85,27584.11,280690000.0,2019,8,5,0
2019-08-06,27527.4,27669.38,27706.47,27521.0,170720000.0,2019,8,6,1
2019-08-07,27412.13,27527.4,27534.56,27404.26,128919999.99999999,2019,8,7,2
2019-08-08,27424.92,27412.13,27450.92,27308.64,279630000.0,2019,8,8,3
2019-08-09,27306.81,27424.92,27434.59,27306.81,220800000.0,2019,8,9,4
2019-08-14,27083.11,27303.13,27307.6,27083.11,235120000.0,2019,8,14,2
2019-08-15,27052.93,27083.11,27120.09,26895.43,233090000.0,2019,8,15,3
2019-08-16,26925.29,27058.88,27203.58,26789.38,258290000.00000003,2019,8,16,4
2019-08-19,27117.22,26928.8,27172.42,26928.35,250740000.0,2019,8,19,0
2019-08-20,27058.62,27128.77,27217.88,26938.05,209620000.0,2019,8,20,1
2019-08-21,27352.94,27058.03,27352.94,27043.28,363970000.0,2019,8,21,2
2019-08-22,27629.66,27352.94,27650.89,27352.94,272600000.0,2019,8,22,3
2019-08-23,27800.17,27629.66,27849.25,27624.27,339620000.0,2019,8,23,4
2019-08-26,27691.85,27800.17,27851.37,27601.78,158270000.0,2019,8,26,0
2019-08-27,27602.77,27691.85,27691.85,27475.64,183650000.0,2019,8,27,1
2019-08-28,27607.02,27602.77,27626.37,27546.34,130370000.0,2019,8,28,2
2019-08-29,27425.57,27607.02,27643.5,27423.36,116070000.0,2019,8,29,3
2019-08-30,27525.81,27425.57,27602.39,27326.4,124740000.0,2019,8,30,4
2019-09-02,27565.14,27540.42,27677.37,27463.76,111500000.0,2019,9,2,0
2019-09-03,27586.79,27565.09,27606.28,27481.18,294400000.0,2019,9,3,1
2019-09-04,27319.64,27590.44,27606.85,27283.67,250450000.0,2019,9,4,2
2019-09-05,27252.09,27319.64,27319.64,27273.14,133340000.0,2019,9,5,3
2019-09-06,27146.57,27252.09,27582.15,26895.56,311260000.0,2019,9,6,4
2019-09-09,27089.84,27146.57,27231.76,27086.61,290490000.0,2019,9,9,0
2019-09-10,27047.58,27089.84,27148.69,26977.36,364220000.0,2019,9,10,1
2019-09-11,27153.53,27047.58,27157.66,27009.52,211520000.0,2019,9,11,2
2019-09-12,27426.64,27153.53,27439.54,27142.88,115300000.0,2019,9,12,3
2019-09-13,27779.0,27426.64,27779.73,27426.64,165240000.0,2019,9,13,4
2019-09-16,27574.32,27779.0,27984.08,27538.33,268350000.00000003,2019,9,16,0
2019-09-17,27407.04,27574.32,27646.96,27371.89,196910000.0,2019,9,17,1
2019-09-18,27681.61,27407.04,27700.07,27386.36,378800000.0,2019,9,18,2
2019-09-19,27646.15,27681.61,27698.44,27577.69,245430000.0,2019,9,19,3
2019-09-20,27698.69,27667.31,27715.27,27576.27,177410000.0,2019,9,20,4
2019-09-23,27650.28,27698.69,27704.62,27650.82,109560000.0,2019,9,23,0
2019-09-24,27352.24,27635.68,27635.68,27352.24,154030000.0,2019,9,24,1
2019-09-25,27283.05,27360.45,27371.59,27267.16,462310000.0,2019,9,25,2
2019-09-26,27579.85,27283.05,27579.85,27281.38,183460000.0,2019,9,26,3
2019-09-27,27675.04,27579.85,27675.04,27368.84,187080000.0,2019,9,27,4
2019-09-30,27630.56,27675.04,27693.29,27113.91,194800000.0,2019,9,30,0
2019-10-02,27314.87,27630.56,27645.4,27261.25,175550000.0,2019,10,2,2
2019-10-03,27085.69,27314.87,27480.3,26575.54,151190000.0,2019,10,3,3
2019-10-04,26987.45,27085.69,27089.38,26974.83,138880000.0,2019,10,4,4
2019-10-07,26866.41,26987.45,27004.48,26835.58,151710000.0,2019,10,7,0
2019-10-08,26809.92,26866.41,26896.09,26809.3,185940000.0,2019,10,8,1
2019-10-09,26598.94,26817.3,26817.3,26489.42,243010000.0,2019,10,9,2
2019-10-10,26583.75,26598.94,26599.87,26578.03,363250000.0,2019,10,10,3
2019-10-11,26533.78,26583.75,26702.39,26533.14,117380000.0,2019,10,11,4
2019-10-14,26557.44,26533.78,26607.06,26506.56,129080000.00000001,2019,10,14,0
2019-10-15,26513.65,26557.44,26567.67,26510.14,174410000.0,2019,10,15,1
2019-10-16,26472.2,26513.65,26574.38,26470.68,138470000.0,2019,10,16,2
2019-10-17,26456.29,26472.2,26472.2,26429.94,144080000.0,2019,10,17,3
2019-10-18,26448.62,26456.29,26464.61,26374.84,310560000.0,2019,10,18,4
2019-10-21,26390.08,26448.62,26449.53,26382.21,135800000.0,2019,10,21,0
2019-10-22,26365.83,26390.08,26409.34,26353.55,519760000.0,2019,10,22,1
2019-10-23,26397.94,26365.83,26410.91,26294.57,168430000.0,2019,10,23,2
2019-10-24,26357.24,26397.94,26410.84,26350.07,177040000.0,2019,10,24,3
2019-10-25,26348.73,26357.24,26360.2,26113.88,250540000.0,2019,10,25,4
2019-10-28,26384.45,26348.73,26394.37,26348.73,485890000.0,2019,10,28,0
2019-10-29,26244.39,26384.45,26388.4,26244.39,267899999.99999997,2019,10,29,1
2019-10-30,26310.77,26236.04,26385.37,26199.51,156850000.0,2019,10,30,2
2019-10-31,26355.35,26310.77,26363.1,26227.6,347800000.0,2019,10,31,3
2019-11-01,26293.3,26355.35,26378.0,26217.91,252370000.0,2019,11,1,4
2019-11-04,26401.06,26293.3,26433.95,26293.3,368180000.0,2019,11,4,0
2019-11-05,26375.35,26401.06,26447.96,26299.86,304280000.0,2019,11,5,1
2019-11-06,26223.66,26364.81,26367.19,26223.66,232090000.0,2019,11,6,2
2019-11-07,26188.24,26223.66,26242.53,26172.35,726190000.0,2019,11,7,3
2019-11-08,26314.49,26188.24,26333.84,26143.12,432470000.0,2019,11,8,4
2019-11-12,26456.39,26314.49,26512.6,26314.49,378350000.0,2019,11,12,1
2019-11-13,26357.61,26456.39,26456.39,26338.25,610560000.0,2019,11,13,2
2019-11-14,26843.11,26339.11,26843.11,26339.11,624840000.0,2019,11,14,3
2019-11-15,26851.68,26883.67,26984.06,26724.43,469990000.0,2019,11,15,4
2019-11-18,26691.09,26851.68,26851.68,26666.4,307880000.0,2019,11,18,0
2019-11-19,26739.44,26691.09,26861.14,26659.9,394350000.0,2019,11,19,1
2019-11-20,26776.15,26750.49,27035.28,26750.49,267310000.0,2019,11,20,2
2019-11-21,26872.09,26776.15,26872.09,26721.99,239220000.0,2019,11,21,3
2019-11-22,26991.42,26872.09,27039.8,26849.26,207260000.0,2019,11,22,4
2019-11-25,27035.78,26991.42,27109.29,26980.27,230650000.0,2019,11,25,0
2019-11-26,26883.33,27035.78,27096.53,26883.33,209970000.0,2019,11,26,1
2019-11-27,26790.1,26883.33,26893.32,26782.84,189860000.0,2019,11,27,2
2019-11-28,26824.5,26790.1,26863.97,26790.1,303770000.0,2019,11,28,3
2019-11-29,27002.15,26824.5,27028.05,26823.81,227160000.0,2019,11,29,4
2019-12-02,26990.59,26999.69,27025.2,26931.13,246490000.0,2019,12,2,0
2019-12-03,26944.32,27000.35,27030.98,26833.39,189010000.0,2019,12,3,1
2019-12-04,26938.58,26944.32,26956.43,26918.12,112880000.0,2019,12,4,2
2019-12-05,26913.7,26941.56,26948.42,26889.48,206730000.0,2019,12,5,3
2019-12-06,26855.52,26913.7,26926.72,26746.03,197030000.0,2019,12,6,4
2019-12-09,26681.31,26855.52,26855.52,26582.25,192670000.0,2019,12,9,0
2019-12-10,26384.21,26705.7,26716.38,26383.36,196290000.0,2019,12,10,1
2019-12-11,26434.0,26384.21,26445.8,26332.35,180060000.0,2019,12,11,2
2019-12-12,26569.8,26434.0,26579.09,26434.0,319690000.0,2019,12,12,3
2019-12-13,26536.21,26569.8,26627.68,26503.92,155340000.0,2019,12,13,4
2019-12-16,26695.18,26536.21,26695.18,26521.38,170520000.0,2019,12,16,0
2019-12-17,26660.44,26695.18,27006.97,26643.1,331910000.0,2019,12,17,1
2019-12-18,26665.73,26660.44,26691.44,26646.64,232680000.0,2019,12,18,2
2019-12-19,26584.45,26665.73,26684.74,26536.01,304210000.0,2019,12,19,3
2019-12-20,26526.35,26584.45,26584.45,26408.32,341610000.0,2019,12,20,4
2019-12-23,26115.8,26526.35,26526.35,26102.21,188790000.0,2019,12,23,0
2019-12-24,26092.82,26115.8,26124.73,26018.13,324380000.0,2019,12,24,1
2019-12-27,26416.48,26090.88,26419.73,26050.44,222480000.0,2019,12,27,4
2019-12-30,26609.34,26416.48,26609.34,26240.29,382810000.0,2019,12,30,0
2019-12-31,26842.07,26609.34,27357.84,26608.56,257010000.0,2019,12,31,1
2020-01-02,26867.79,26845.79,26867.79,26657.32,263200000.0,2020,1,2,3
2020-01-03,26968.79,26867.79,26978.46,26867.79,608860000.0,2020,1,3,4
2020-01-06,27339.68,26968.79,27339.68,26968.68,520390000.0,2020,1,6,0
2020-01-07,27586.93,27339.68,27699.59,27295.49,446330000.0,2020,1,7,1
2020-01-08,28562.48,27579.57,28562.48,27579.57,741820000.0,2020,1,8,2
2020-01-09,29395.57,28562.48,29484.1,28539.16,693190000.0,2020,1,9,3
2020-01-10,29415.39,29393.88,29585.13,28858.83,280860000.0,2020,1,10,4
2020-01-13,29633.58,29415.39,29909.06,29415.39,348240000.0,2020,1,13,0
2020-01-14,29283.15,29633.58,29812.97,29037.12,666780000.0,2020,1,14,1
2020-01-15,29062.5,29030.41,29094.14,28855.22,360080000.0,2020,1,15,2
2020-01-16,29352.13,29062.5,29497.97,29062.5,387160000.0,2020,1,16,3
2020-01-17,29618.52,29352.13,29623.55,29331.35,324970000.0,2020,1,17,4
2020-01-20,29710.56,29618.52,29713.84,29545.93,266950000.0,2020,1,20,0
2020-01-21,29462.76,29713.61,29723.75,29360.13,272840000.0,2020,1,21,1
2020-01-22,29458.21,29461.2,29488.93,29244.41,315670000.0,2020,1,22,2
2020-01-23,29591.29,29591.29,29591.29,29591.29,0.0,2020,1,23,3
2020-01-24,29628.84,29628.84,29628.84,29628.84,0.0,2020,1,24,4
2020-01-27,29552.99,29628.84,29648.35,29552.99,444010000.0,2020,1,27,0
2020-01-28,29378.63,29525.56,29529.6,29347.09,250930000.0,2020,1,28,1
2020-01-29,29110.9,29378.63,29381.95,29054.23,242760000.0,2020,1,29,2
2020-01-30,29030.93,29110.9,29222.83,28898.74,274430000.0,2020,1,30,3
2020-01-31,28843.53,29035.55,29096.29,28817.45,348560000.0,2020,1,31,4
2020-02-03,28533.4,28843.53,28843.53,28389.6,246510000.0,2020,2,3,0
2020-02-04,28432.27,28533.4,28540.3,28415.12,254850000.0,2020,2,4,1
2020-02-05,28093.76,28432.27,28506.63,28032.23,350210000.0,2020,2,5,2
2020-02-06,28140.41,28093.76,28385.36,27949.15,317190000.0,2020,2,6,3
2020-02-07,28067.09,28140.41,28195.75,28054.73,303930000.0,2020,2,7,4
2020-02-10,27773.2,28067.09,28119.19,27772.16,200160000.0,2020,2,10,0
2020-02-11,27871.9,27769.07,27936.16,27637.33,276270000.0,2020,2,11,1
2020-02-12,27878.43,27871.9,27919.1,27866.46,152340000.0,2020,2,12,2
2020-02-13,27864.84,27881.45,27916.64,27686.34,150720000.0,2020,2,13,3
2020-02-14,27755.87,27864.84,27879.31,27675.52,132509999.99999999,2020,2,14,4
2020-02-17,27570.94,27756.56,27818.09,27507.99,134610000.0,2020,2,17,0
2020-02-18,27547.56,27570.94,27570.94,27527.51,168070000.0,2020,2,18,1
2020-02-19,27523.08,27547.56,27556.13,27512.72,290130000.0,2020,2,19,2
2020-02-20,27568.91,27523.26,27622.42,27292.61,484990000.0,2020,2,20,3
2020-02-21,27388.62,27568.91,27614.65,27236.53,421220000.0,2020,2,21,4
2020-02-24,27041.03,27388.62,27515.79,27000.85,428960000.0,2020,2,24,0
2020-02-25,27033.1,27041.03,27105.46,27031.71,241710000.0,2020,2,25,1
2020-02-26,26974.38,27033.1,27033.9,26870.39,228360000.0,2020,2,26,2
2020-02-27,26808.24,26974.38,26977.4,26796.43,231520000.0,2020,2,27,3
2020-02-28,26216.46,26808.24,26808.24,26216.46,416280000.0,2020,2,28,4
2020-03-02,25816.57,26143.02,26170.58,25816.57,325260000.0,2020,3,2,0
2020-03-03,26255.11,25816.57,26344.55,25816.57,387420000.0,2020,3,3,1
2020-03-04,26415.54,26283.35,26438.78,26256.24,307660000.0,2020,3,4,2
2020-03-05,26426.2,26418.82,26626.07,26408.25,431900000.0,2020,3,5,3
2020-03-06,26279.61,26426.2,26455.26,26273.58,361080000.0,2020,3,6,4
2020-03-09,25647.54,26141.24,26141.24,25648.45,185490000.0,2020,3,9,0
2020-03-10,24388.66,25412.57,25412.57,24381.88,594470000.0,2020,3,10,1
2020-03-11,23572.75,24278.53,24321.51,23260.07,1390000000.0,2020,3,11,2
2020-03-12,22695.88,23500.46,23500.46,22694.32,1060000000.0,2020,3,12,3
2020-03-13,22734.07,22729.01,22813.47,22550.08,732620000.0,2020,3,13,4
2020-03-16,22705.19,22745.39,22797.39,22618.36,551480000.0,2020,3,16,0
2020-03-17,22543.07,22705.19,23008.59,22497.73,675820000.0,2020,3,17,1
2020-03-18,22789.64,22549.09,22804.7,22118.37,671520000.0,2020,3,18,2
2020-03-19,22118.9,22785.19,22785.19,22118.9,525850000.0,2020,3,19,3
2020-03-20,22198.43,22072.56,22211.67,22035.11,379480000.0,2020,3,20,4
2020-03-23,21700.98,22198.43,22208.81,21694.16,464360000.0,2020,3,23,0
2020-03-24,21741.16,21703.8,21770.42,21703.8,330100000.0,2020,3,24,1
2020-03-25,21729.48,21743.47,21814.74,21663.32,233070000.0,2020,3,25,2
2020-03-26,21757.47,21729.48,21903.0,21696.88,172160000.0,2020,3,26,3
2020-03-27,21861.78,21842.18,21885.05,21803.89,251410000.0,2020,3,27,4
2020-03-30,21330.79,21828.65,21828.65,21330.79,466870000.0,2020,3,30,0
2020-03-31,21300.47,21330.79,21340.64,21270.26,422000000.0,2020,3,31,1
2020-04-01,21100.54,21309.5,21317.98,20779.13,154350000.0,2020,4,1,2
2020-04-02,21121.2,21100.54,21170.0,20790.71,255530000.0,2020,4,2,3
2020-04-03,21094.62,21166.38,21197.32,20769.37,235290000.0,2020,4,3,4
2020-04-06,20669.38,21094.62,21208.95,20651.59,336420000.0,2020,4,6,0
2020-04-07,20925.19,20683.16,20925.19,20667.55,342570000.0,2020,4,7,1
2020-04-08,21073.26,20925.19,21150.01,20925.19,346410000.0,2020,4,8,2
2020-04-09,21384.03,21073.26,21385.85,20985.63,314850000.0,2020,4,9,3
2020-04-14,21879.95,21384.03,21883.39,21239.02,264740000.0,2020,4,14,1
2020-04-15,22539.94,21879.95,22543.48,21873.47,326390000.0,2020,4,15,2
2020-04-16,22554.84,22539.94,22634.28,22380.94,379110000.0,2020,4,16,3
2020-04-17,22921.59,22554.84,22927.88,22524.23,231600000.0,2020,4,17,4
2020-04-20,22920.56,22921.59,23143.34,22920.13,343240000.0,2020,4,20,0
2020-04-21,22629.92,22920.41,22920.41,22612.97,248160000.0,2020,4,21,1
2020-04-22,22780.3,22629.92,22799.78,22629.92,185210000.0,2020,4,22,2
2020-04-23,22470.79,22780.3,22805.14,22407.6,201480000.0,2020,4,23,3
2020-04-24,22599.38,22470.79,22672.22,22458.37,211530000.0,2020,4,24,4
2020-04-27,22616.28,22599.38,22649.2,22584.64,106060000.0,2020,4,27,0
2020-04-28,22727.87,22616.28,22761.25,22616.28,266620000.0,2020,4,28,1
2020-04-29,22868.4,22727.87,22884.49,22727.87,277290000.0,2020,4,29,2
2020-04-30,23021.01,22868.4,23045.44,22636.59,359460000.0,2020,4,30,3
2020-05-04,23089.86,23021.01,23121.74,22940.24,249830000.0,2020,5,4,0
2020-05-05,23809.31,23089.86,23809.39,23075.49,343950000.0,2020,5,5,1
2020-05-06,24143.37,23815.34,24154.65,23807.14,426630000.0,2020,5,6,2
2020-05-07,24354.25,24143.37,24369.45,24039.7,431570000.0,2020,5,7,3
2020-05-08,24045.4,24361.14,24403.77,24030.65,208560000.0,2020,5,8,4
2020-05-11,23950.83,24045.4,24058.15,23949.18,204720000.0,2020,5,11,0
2020-05-12,23695.9,23950.83,23982.29,23542.33,155650000.0,2020,5,12,1
2020-05-13,23709.44,23695.9,23759.84,23695.9,159190000.0,2020,5,13,2
2020-05-14,23892.92,23709.44,23892.92,23709.2,182740000.0,2020,5,14,3
2020-05-15,23871.33,23872.44,23931.49,23840.8,221440000.0,2020,5,15,4
2020-05-18,24010.19,23874.77,24010.19,23871.33,330980000.0,2020,5,18,0
2020-05-19,24202.87,23943.29,24205.89,23943.29,339750000.0,2020,5,19,1
2020-05-20,24452.23,24202.87,24467.28,24185.62,436770000.0,2020,5,20,2
2020-05-21,24758.39,24452.23,24769.4,24426.56,350660000.0,2020,5,21,3
2020-05-22,25204.75,24758.39,25205.18,24742.12,259570000.0,2020,5,22,4
2020-05-27,25221.29,25204.75,25469.93,25054.11,581590000.0,2020,5,27,2
2020-05-28,25166.01,25229.02,25463.11,25131.33,348210000.0,2020,5,28,3
2020-05-29,25267.82,25166.01,25393.03,25164.06,325590000.0,2020,5,29,4
2020-06-01,25321.29,25267.82,25396.1,25180.37,253130000.0,2020,6,1,0
2020-06-02,25383.43,25316.24,25458.53,25316.24,377860000.0,2020,6,2,1
2020-06-03,25407.96,25383.43,25445.47,25308.5,353260000.0,2020,6,3,2
2020-06-04,25312.05,25407.96,25434.62,25312.05,270180000.0,2020,6,4,3
2020-06-05,25016.3,25312.05,25325.87,24875.56,214500000.0,2020,6,5,4
2020-06-08,25250.2,25016.3,25412.54,25016.3,230490000.0,2020,6,8,0
2020-06-09,25335.15,25249.96,25368.78,25249.96,268740000.0,2020,6,9,1
2020-06-10,25215.04,25335.15,25351.29,25130.61,266649999.99999997,2020,6,10,2
2020-06-11,25182.67,25215.04,25302.85,25182.67,337130000.0,2020,6,11,3
2020-06-15,24956.04,25182.67,25196.62,24757.68,237630000.0,2020,6,15,0
2020-06-16,24930.88,24954.89,25046.42,24930.65,200370000.0,2020,6,16,1
2020-06-17,24972.94,24930.88,24973.59,24816.45,265950000.0,2020,6,17,2
2020-06-18,24933.41,24972.89,25054.28,24913.26,171160000.0,2020,6,18,3
2020-06-19,24826.75,24933.41,25123.72,24819.12,174670000.0,2020,6,19,4
2020-06-22,24779.26,24826.75,24877.3,24651.3,124660000.0,2020,6,22,0
2020-06-23,24751.32,24753.92,24756.88,24649.39,167900000.0,2020,6,23,1
2020-06-24,24654.99,24750.06,24771.97,24636.63,189230000.0,2020,6,24,2
2020-06-25,24625.17,24654.99,24662.27,24619.84,130280000.0,2020,6,25,3
2020-06-26,24828.96,24625.17,24829.17,24551.35,127190000.0,2020,6,26,4
2020-06-29,24858.82,24828.96,24858.82,24740.06,158450000.0,2020,6,29,0
2020-06-30,24479.16,24858.82,24859.88,24448.23,280670000.0,2020,6,30,1
2020-07-01,24594.99,24479.16,24723.26,24479.16,198010000.0,2020,7,1,2
2020-07-02,24374.4,24594.99,24612.25,24357.75,180100000.0,2020,7,2,3
2020-07-03,24336.12,24374.38,24416.05,24332.36,144300000.0,2020,7,3,4
2020-07-06,24109.65,24336.12,24352.2,23961.14,189670000.0,2020,7,6,0
2020-07-07,24098.08,24026.05,24152.67,24026.05,155530000.0,2020,7,7,1
2020-07-08,24278.07,24097.48,24278.07,24097.48,232610000.0,2020,7,8,2
2020-07-09,24276.56,24278.07,24336.45,24276.56,192030000.0,2020,7,9,3
2020-07-10,24306.36,24276.56,24315.39,24251.26,131630000.0,2020,7,10,4
2020-07-13,24200.6,24306.36,24306.36,24162.7,231230000.0,2020,7,13,0
2020-07-14,24117.4,24200.6,24207.0,24095.41,208200000.0,2020,7,14,1
2020-07-15,24132.3,24114.59,24210.22,24071.13,208210000.0,2020,7,15,2
2020-07-16,24330.06,24129.84,24330.51,24112.4,207400000.0,2020,7,16,3
2020-07-17,24287.66,24323.5,24336.59,24256.64,160470000.0,2020,7,17,4
2020-07-20,24273.42,24287.66,24301.11,24273.42,305100000.0,2020,7,20,0
2020-07-21,24174.45,24269.58,24303.76,24130.23,304190000.0,2020,7,21,1
2020-07-22,24173.53,24174.45,24192.52,24166.96,266060000.0,2020,7,22,2
2020-07-23,24512.27,24173.53,24615.65,24170.97,164070000.0,2020,7,23,3
2020-07-24,24427.73,24512.27,24536.82,24409.99,174190000.0,2020,7,24,4
2020-07-27,24783.61,24427.73,24788.17,24427.73,170000000.0,2020,7,27,0
2020-07-28,24650.16,24799.05,24800.81,24646.53,150370000.0,2020,7,28,1
2020-07-29,24693.73,24650.16,24713.57,24646.84,101530000.0,2020,7,29,2
2020-08-03,24766.12,24710.93,24776.08,24690.75,186470000.0,2020,8,3,0
2020-08-04,24841.94,24766.12,24868.82,24764.26,154470000.0,2020,8,4,1
2020-08-05,24882.04,24841.94,24910.02,24841.94,303280000.0,2020,8,5,2
2020-08-06,24930.34,24882.04,24931.91,24820.5,173720000.0,2020,8,6,3
2020-08-07,25041.89,24944.45,25047.7,24944.45,166940000.0,2020,8,7,4
2020-08-10,25027.61,25041.89,25046.29,24952.17,175230000.0,2020,8,10,0
2020-08-11,24883.7,25027.61,25067.18,24825.09,205970000.0,2020,8,11,1
2020-08-12,25141.48,24883.7,25147.52,24852.43,204420000.0,2020,8,12,2
2020-08-13,25236.97,25141.48,25239.91,25067.72,258050000.0,2020,8,13,3
2020-08-14,25199.84,25236.97,25236.97,25168.43,482420000.0,2020,8,14,4
2020-08-17,25143.68,25199.84,25234.49,25143.68,161230000.0,2020,8,17,0
2020-08-18,25136.49,25139.57,25151.36,25123.28,271000000.0,2020,8,18,1
2020-08-19,25171.32,25136.49,25180.4,25131.56,180010000.0,2020,8,19,2
2020-08-20,25204.58,25174.6,25204.58,25172.1,179550000.0,2020,8,20,3
2020-08-21,25221.87,25203.36,25273.33,25203.36,158600000.0,2020,8,21,4
2020-08-24,25229.12,25221.87,25232.68,25159.82,251190000.0,2020,8,24,0
2020-08-25,25291.78,25228.38,25291.78,25201.79,251340000.0,2020,8,25,1
2020-08-26,25330.1,25295.01,25332.51,25283.31,180550000.0,2020,8,26,2
2020-08-27,25297.55,25330.1,25330.1,25291.33,249130000.0,2020,8,27,3
2020-08-28,25309.37,25304.25,25312.81,25289.35,137050000.0,2020,8,28,4
2020-08-31,25327.13,25303.68,25334.11,25289.1,127280000.0,2020,8,31,0
2020-09-01,25413.76,25327.13,25417.61,25327.13,0.0,2020,9,1,1
2020-09-02,25460.0,25404.12,25461.66,25388.82,178290000.0,2020,9,2,2
2020-09-03,25511.02,25460.0,25511.02,25460.0,229410000.0,2020,9,3,3
2020-09-04,25605.64,25534.87,25618.48,25529.56,418160000.0,2020,9,4,4
2020-09-07,25582.23,25605.64,25631.16,25573.24,253960000.0,2020,9,7,0
2020-09-08,25497.32,25585.67,25596.21,25490.01,251960000.0,2020,9,8,1
2020-09-09,25424.91,25493.88,25496.73,25414.42,269620000.0,2020,9,9,2
2020-09-10,25520.97,25424.91,25540.91,25403.33,234150000.0,2020,9,10,3
2020-09-11,25591.95,25520.97,25592.22,25514.22,212570000.0,2020,9,11,4
2020-09-14,25605.59,25591.95,25616.99,25577.33,256970000.00000003,2020,9,14,0
2020-09-15,25597.96,25605.59,25618.65,25573.96,245140000.0,2020,9,15,1
2020-09-16,25558.81,25598.53,25606.02,25535.41,211450000.0,2020,9,16,2
2020-09-17,25533.35,25550.31,25551.56,25507.84,231190000.0,2020,9,17,3
2020-09-18,25572.57,25532.74,25572.57,25505.27,193490000.0,2020,9,18,4
2020-09-21,25574.35,25572.57,25592.86,25564.36,196110000.0,2020,9,21,0
2020-09-22,25654.9,25574.35,25655.18,25525.93,262050000.0,2020,9,22,1
2020-09-23,25783.02,25654.9,25785.41,25631.12,414160000.0,2020,9,23,2
2020-09-24,25987.14,25783.02,26021.75,25783.02,359270000.0,2020,9,24,3
2020-09-25,26319.47,25987.14,26327.17,25987.14,335740000.0,2020,9,25,4
2020-09-28,26507.84,26319.34,26512.05,26319.34,336730000.0,2020,9,28,0
2020-09-29,26611.96,26507.84,26611.96,26427.58,413100000.0,2020,9,29,1
2020-09-30,26837.42,26612.12,26862.21,26612.12,322760000.0,2020,9,30,2
2020-10-02,26985.77,26831.76,26985.77,26830.59,459790000.0,2020,10,2,4
2020-10-05,27554.56,26985.77,27563.91,26985.77,603890000.0,2020,10,5,0
2020-10-06,28909.37,27561.51,28909.37,27561.51,749470000.0,2020,10,6,1
2020-10-07,28634.35,28945.41,29171.29,28484.87,832880000.0,2020,10,7,2
2020-10-08,28546.22,28634.35,28664.83,28398.74,568740000.0,2020,10,8,3
2020-10-09,28415.31,28546.22,28721.73,28371.7,384040000.0,2020,10,9,4
2020-10-12,28337.49,28415.31,28440.82,28170.72,369060000.0,2020,10,12,0
2020-10-13,28344.04,28337.49,28351.51,28299.61,535830000.00000006,2020,10,13,1
2020-10-14,28344.33,28344.04,28381.27,28332.51,218420000.0,2020,10,14,2
2020-10-15,28344.04,28354.14,28364.47,28333.06,330660000.0,2020,10,15,3
2020-10-16,28659.45,28344.04,28680.87,28313.57,489090000.0,2020,10,16,4
2020-10-19,28659.07,28650.44,28680.68,28588.24,287300000.0,2020,10,19,0
2020-10-20,28665.82,28658.31,28720.49,28567.07,297290000.0,2020,10,20,1
2020-10-21,28449.49,28645.21,28645.21,28250.71,326560000.0,2020,10,21,2
2020-10-22,28563.87,28449.49,28567.14,28413.11,311320000.0,2020,10,22,3
2020-10-23,28697.06,28563.87,28706.33,28559.72,282560000.0,2020,10,23,4
2020-10-26,28777.96,28697.06,28777.96,28685.54,340800000.0,2020,10,26,0
2020-10-27,28980.29,28777.96,28980.29,28775.59,385570000.0,2020,10,27,1
2020-10-28,29437.6,28980.29,29444.12,28971.44,375250000.0,2020,10,28,2
2020-10-30,30530.69,29439.35,30530.69,29439.35,807800000.0,2020,10,30,4
2020-11-02,30479.39,30527.69,30554.27,30364.15,376110000.0,2020,11,2,0
2020-11-03,30733.47,30479.39,30735.46,30408.13,336040000.0,2020,11,3,1
2020-11-04,30741.88,30733.47,30761.5,30724.21,286450000.0,2020,11,4,2
2020-11-05,30738.92,30741.88,30772.77,30722.48,430120000.0,2020,11,5,3
2020-11-06,31016.17,30738.92,31016.17,30509.12,497950000.0,2020,11,6,4
2020-11-09,32243.05,31016.17,32243.05,31016.17,636010000.0,2020,11,9,0
2020-11-10,32647.1,32243.05,32647.1,32226.71,578780000.0,2020,11,10,1
2020-11-11,33268.36,32648.02,33268.36,32585.04,858160000.0,2020,11,11,2
2020-11-12,35342.46,33291.27,35342.46,33291.27,1190000000.0,2020,11,12,3
2020-11-13,35037.46,35344.01,35814.18,34552.6,1240000000.0,2020,11,13,4
2020-11-16,34795.82,35041.4,35245.62,34685.94,668530000.0,2020,11,16,0
2020-11-17,34242.83,34769.66,34769.66,34126.23,840880000.0,2020,11,17,1
2020-11-18,34818.01,34242.83,34832.04,34226.75,661130000.0,2020,11,18,2
2020-11-19,34643.65,34818.01,34869.53,34633.36,364920000.0,2020,11,19,3
2020-11-20,34136.82,34643.65,34665.08,34064.25,344800000.0,2020,11,20,4
2020-11-23,34121.78,34136.82,34250.45,33582.38,567570000.0,2020,11,23,0
2020-11-24,34340.56,34119.74,34343.56,34095.69,365410000.0,2020,11,24,1
2020-11-25,34769.0,34340.56,34820.77,34340.56,434920000.0,2020,11,25,2
2020-11-26,34803.0,34769.0,34882.52,34768.73,257540000.00000003,2020,11,26,3
2020-11-27,34885.51,34803.0,34885.51,34748.26,190270000.0,2020,11,27,4
2020-11-30,35042.14,34885.51,35184.93,34765.94,415530000.0,2020,11,30,0
2020-12-01,35147.62,35048.15,35204.16,35048.15,308080000.0,2020,12,1,1
2020-12-02,35056.82,35147.62,35172.68,35031.65,368960000.0,2020,12,2,2
2020-12-03,34968.94,35056.82,35195.09,34952.99,289390000.0,2020,12,3,3
2020-12-04,35137.99,34968.94,35140.8,34455.93,292860000.0,2020,12,4,4
2020-12-07,35064.36,35137.99,35140.81,35064.36,324310000.0,2020,12,7,0
2020-12-08,35033.74,35064.36,35081.67,35020.79,307720000.0,2020,12,8,1
2020-12-09,35021.26,35033.74,35039.8,35001.14,283090000.0,2020,12,9,2
2020-12-10,34577.26,35021.26,35021.26,34501.85,553950000.0,2020,12,10,3
2020-12-11,34250.74,34576.49,34666.79,34145.13,796070000.0,2020,12,11,4
2020-12-14,34843.44,34250.74,34877.29,34206.48,208070000.0,2020,12,14,0
2020-12-15,35225.22,34843.44,35227.32,34834.78,264230000.00000003,2020,12,15,1
2020-12-16,35493.15,35225.22,35554.11,35225.22,648990000.0,2020,12,16,2
2020-12-17,36239.62,35493.15,36239.62,35493.15,343640000.0,2020,12,17,3
2020-12-18,36804.75,36239.62,36808.29,36239.62,426330000.0,2020,12,18,4
2020-12-21,37443.4,36798.74,37494.76,36798.74,427060000.0,2020,12,21,0
2020-12-22,37893.61,37443.4,37952.36,37443.4,442220000.0,2020,12,22,1
2020-12-23,38803.74,37893.61,38809.25,37893.19,467130000.0,2020,12,23,2
2020-12-24,38800.01,38803.74,38873.1,38798.18,389660000.0,2020,12,24,3
2020-12-29,39110.17,38800.01,39134.37,38775.26,722570000.0,2020,12,29,1
2020-12-30,39512.31,39110.17,39601.97,39107.5,372930000.0,2020,12,30,2
2020-12-31,40270.72,39515.31,40279.29,39507.24,710560000.0,2020,12,31,3
2021-01-04,41147.39,40287.71,41154.33,40284.0,211880000.0,2021,1,4,0
2021-01-05,40396.14,41148.02,41149.86,40142.94,465680000.0,2021,1,5,1
2021-01-06,40452.07,40396.14,40465.15,40388.3,249530000.0,2021,1,6,2
2021-01-07,40590.85,40465.15,40620.02,40310.36,229880000.0,2021,1,7,3
2021-01-08,40123.71,40590.85,40657.3,40004.27,333310000.0,2021,1,8,4
2021-01-11,40150.78,40120.22,40150.78,40095.09,335640000.0,2021,1,11,0
2021-01-12,40295.95,40150.78,40295.95,39724.26,1170000000.0,2021,1,12,1
2021-01-13,40341.05,40295.95,40553.56,40295.95,468330000.0,2021,1,13,2
2021-01-14,40963.14,40345.72,40963.14,40345.72,809360000.0,2021,1,14,3
2021-01-15,41176.14,40963.14,41202.65,40963.14,666730000.0,2021,1,15,4
2021-01-18,41082.38,41176.14,41234.99,40830.65,1010000000.0,2021,1,18,0
2021-01-19,41051.63,41080.94,41109.33,41034.75,912860000.0,2021,1,19,1
2021-01-20,41147.72,41051.63,41147.72,41050.2,649650000.0,2021,1,20,2
2021-01-21,41099.15,41147.72,41157.7,40997.39,1120000000.0,2021,1,21,3
2021-01-22,41001.99,41100.62,41100.62,40997.06,591460000.0,2021,1,22,4
2021-01-25,41088.96,41001.99,41092.23,40973.85,332680000.0,2021,1,25,0
2021-01-26,41584.94,41088.96,41589.56,41087.4,468030000.0,2021,1,26,1
2021-01-27,41930.73,41584.94,41936.48,41584.94,543740000.0,2021,1,27,2
2021-01-28,42169.41,41928.57,42192.82,41924.82,555520000.0,2021,1,28,3
2021-01-29,42412.66,42170.25,42444.22,42126.97,669870000.0,2021,1,29,4
2021-02-01,42357.9,42412.66,42472.56,42338.85,586930000.0,2021,2,1,0
2021-02-02,42043.79,42357.9,42374.14,42023.46,563220000.0,2021,2,2,1
2021-02-03,42000.01,42043.79,42043.79,41953.9,504940000.0,2021,2,3,2
2021-02-04,41785.8,42000.01,42033.76,41758.03,629530000.0,2021,2,4,3
2021-02-05,41709.09,41785.8,41785.8,41522.14,482320000.0,2021,2,5,4
2021-02-08,41566.86,41709.09,41737.05,41536.7,340490000.0,2021,2,8,0
2021-02-09,41510.16,41564.31,41573.18,41510.16,305910000.0,2021,2,9,1
2021-02-10,40696.01,41510.16,41510.16,40659.98,366810000.0,2021,2,10,2
2021-02-11,41014.3,40697.56,41016.74,40326.21,1270000000.0,2021,2,11,3
2021-02-12,40439.85,41014.3,41024.81,39918.38,395420000.0,2021,2,12,4
2021-02-15,40573.31,40439.85,40573.31,40361.3,206240000.0,2021,2,15,0
2021-02-16,40494.35,40571.67,40641.6,40494.35,356430000.0,2021,2,16,1
2021-02-17,40465.32,40494.35,40581.13,40237.64,244200000.0,2021,2,17,2
2021-02-18,40212.19,40465.32,40473.43,40196.5,426270000.0,2021,2,18,3
2021-02-19,40186.7,40212.19,40235.53,40128.24,307790000.0,2021,2,19,4
2021-02-22,40154.09,40186.7,40235.62,40146.46,289340000.0,2021,2,22,0
2021-02-23,40164.86,40154.09,40229.25,40132.11,337950000.0,2021,2,23,1
2021-02-24,40221.3,40149.18,40304.02,40149.18,469560000.0,2021,2,24,2
2021-02-25,40095.49,40221.3,40221.41,40088.05,326040000.0,2021,2,25,3
2021-02-26,39799.89,40095.49,40095.49,39792.23,507120000.0,2021,2,26,4
2021-03-01,39931.63,39799.89,39984.05,39799.89,543990000.0,2021,3,1,0
2021-03-02,39697.62,39931.63,39939.18,39668.22,222570000.0,2021,3,2,1
2021-03-03,39522.06,39697.62,39722.41,39459.18,244340000.0,2021,3,3,2
2021-03-04,39364.67,39525.06,39566.7,39327.13,493070000.0,2021,3,4,3
2021-03-05,39331.61,39364.67,39373.19,39227.15,587740000.0,2021,3,5,4
2021-03-08,39396.57,39331.61,39412.27,39319.17,297260000.0,2021,3,8,0
2021-03-09,38686.85,39396.57,39396.57,38683.85,471840000.0,2021,3,9,1
2021-03-10,38931.25,38686.85,38966.38,38677.3,368210000.0,2021,3,10,2
2021-03-11,38707.87,38931.25,38937.07,38666.54,168880000.0,2021,3,11,3
2021-03-12,38648.48,38697.17,38704.44,38486.13,292880000.0,2021,3,12,4
2021-03-15,38561.84,38646.39,38653.42,38528.55,161080000.0,2021,3,15,0
2021-03-16,38720.81,38541.25,38846.27,38531.86,220860000.0,2021,3,16,1
2021-03-17,38706.13,38720.81,38720.81,38643.06,177400000.0,2021,3,17,2
2021-03-18,38914.84,38706.13,38930.82,38706.13,1470000000.0,2021,3,18,3
2021-03-19,38382.39,38923.84,39053.85,38309.63,290620000.0,2021,3,19,4
2021-03-22,38722.87,38392.58,38722.87,38379.19,277240000.0,2021,3,22,0
2021-03-23,38704.97,38722.87,38952.06,38696.85,410380000.0,2021,3,23,1
2021-03-24,39085.78,38707.78,39110.55,38695.24,361840000.0,2021,3,24,2
2021-03-25,39293.14,39085.78,39293.14,39085.78,228690000.0,2021,3,25,3
2021-03-26,39216.7,39291.89,39292.69,39156.01,250910000.0,2021,3,26,4
2021-03-29,39493.37,39216.2,39523.05,39205.53,522140000.0,2021,3,29,0
2021-03-30,39267.11,39498.99,39572.26,39247.36,336130000.0,2021,3,30,1
2021-03-31,39045.13,39267.11,39271.46,39014.82,347170000.0,2021,3,31,2
2021-04-01,38930.68,39053.44,39053.44,38881.17,239420000.0,2021,4,1,3
2021-04-06,38766.61,38917.02,38928.89,38740.85,224590000.0,2021,4,6,1
2021-04-07,38774.03,38766.61,38785.59,38596.16,356460000.0,2021,4,7,2
2021-04-08,38876.25,38774.03,38889.35,38749.95,145320000.0,2021,4,8,3
2021-04-09,38866.39,38799.83,38895.88,38715.16,160650000.0,2021,4,9,4
2021-04-12,38712.55,38866.39,38874.45,38712.55,194020000.0,2021,4,12,0
2021-04-13,38601.83,38715.37,38751.16,38586.28,208720000.0,2021,4,13,1
2021-04-14,38636.15,38601.83,38636.15,38578.27,278040000.0,2021,4,14,2
2021-04-15,38571.89,38646.59,38647.14,38570.87,319430000.0,2021,4,15,3
2021-04-16,38808.01,38571.98,38808.01,38540.66,262459999.99999997,2021,4,16,4
2021-04-19,38854.73,38816.45,38857.73,38806.28,508630000.0,2021,4,19,0
2021-04-20,39015.58,38848.02,39026.75,38841.84,339010000.0,2021,4,20,1
2021-04-21,39128.34,39015.58,39138.66,38975.68,239250000.0,2021,4,21,2
2021-04-22,39131.8,39128.34,39151.08,39099.93,228110000.0,2021,4,22,3
2021-04-23,39301.82,39131.8,39303.64,39125.9,286970000.0,2021,4,23,4
2021-04-26,39319.75,39301.82,39332.42,39256.36,329740000.0,2021,4,26,0
2021-04-27,39308.23,39318.52,39327.41,39272.01,252570000.0,2021,4,27,1
2021-04-28,39306.65,39305.48,39338.82,39268.19,259510000.0,2021,4,28,2
2021-04-29,39460.65,38781.48,39468.34,38738.06,270680000.0,2021,4,29,3
2021-04-30,39840.28,39450.91,39840.28,39356.83,328340000.0,2021,4,30,4
2021-05-04,39801.78,39834.42,39875.66,39783.59,426510000.0,2021,5,4,1
2021-05-05,39456.64,39801.78,39805.18,39456.64,349560000.0,2021,5,5,2
2021-05-06,39114.73,39433.81,39450.68,39037.63,402510000.0,2021,5,6,3
2021-05-07,39198.75,39114.73,39199.15,39109.37,238930000.0,2021,5,7,4
2021-05-10,39312.74,39198.75,39409.17,39198.75,324190000.0,2021,5,10,0
2021-05-11,39382.96,39312.86,39436.28,39280.91,295870000.0,2021,5,11,1
2021-05-14,39494.7,39382.96,39494.7,39377.01,219550000.0,2021,5,14,4
2021-05-17,39307.19,39483.51,39483.51,39303.31,357450000.0,2021,5,17,0
2021-05-18,39023.28,39306.47,39308.06,38850.57,204650000.0,2021,5,18,1
2021-05-19,38446.09,39022.52,39105.55,38416.5,153640000.0,2021,5,19,2
2021-05-20,38328.13,38445.09,38453.56,38284.56,156990000.0,2021,5,20,3
2021-05-21,38324.07,38328.13,38331.63,38282.64,174270000.0,2021,5,21,4
2021-05-24,38341.66,38324.07,38382.35,38324.07,141090000.0,2021,5,24,0
2021-05-25,38256.76,38287.58,38288.39,38246.33,250200000.0,2021,5,25,1
2021-05-26,38233.68,38256.76,38271.94,38226.89,203090000.0,2021,5,26,2
2021-05-27,38056.21,38233.68,38300.48,38056.21,214170000.0,2021,5,27,3
2021-05-28,38256.99,38044.58,38257.1,37563.79,228660000.0,2021,5,28,4
2021-05-31,38437.88,38256.24,38441.83,38256.24,201860000.0,2021,5,31,0
2021-06-01,38414.37,38437.88,38457.39,38395.37,274850000.0,2021,6,1,1
2021-06-02,38482.52,38414.37,38488.3,38370.69,156910000.0,2021,6,2,2
2021-06-03,38551.06,38482.52,38551.06,38438.16,249690000.0,2021,6,3,3
2021-06-04,38726.1,38548.24,38726.1,38529.7,199060000.0,2021,6,4,4
2021-06-07,38688.98,38726.1,38726.1,38669.01,210650000.0,2021,6,7,0
2021-06-08,38881.7,38686.4,38881.7,38661.48,218510000.0,2021,6,8,1
2021-06-09,39170.95,38881.7,39177.51,38881.7,181490000.0,2021,6,9,2
2021-06-10,39210.1,39170.95,39210.1,39159.5,158360000.0,2021,6,10,3
2021-06-11,39157.29,39210.1,39262.71,39130.07,289070000.0,2021,6,11,4
2021-06-15,38501.03,39156.28,39168.59,38491.86,284620000.0,2021,6,15,1
2021-06-16,38557.11,38507.29,38557.23,38455.41,296460000.0,2021,6,16,2
2021-06-17,38614.45,38570.72,38624.53,38570.72,157740000.0,2021,6,17,3
2021-06-18,38641.33,38615.11,38648.91,38607.39,220610000.0,2021,6,18,4
2021-06-21,38678.48,38648.91,38678.48,38623.99,209210000.0,2021,6,21,0
2021-06-22,37847.07,38545.3,38545.3,37831.2,218270000.0,2021,6,22,1
2021-06-23,37804.46,37847.07,37851.38,37804.46,208360000.0,2021,6,23,2
2021-06-24,37941.85,37804.46,37965.04,37800.89,149400000.0,2021,6,24,3
2021-06-25,37653.12,37954.35,38036.47,37639.93,191230000.0,2021,6,25,4
2021-06-28,37656.68,37658.26,37671.53,37634.8,157730000.0,2021,6,28,0
2021-06-29,37612.72,37585.25,37612.72,37555.3,215990000.0,2021,6,29,1
2021-06-30,37907.28,37640.75,37907.42,37640.75,213700000.0,2021,6,30,2
2021-07-01,37898.59,37907.43,37911.82,37892.2,205450000.0,2021,7,1,3
2021-07-02,38219.88,37898.56,38219.88,37890.5,194570000.0,2021,7,2,4
2021-07-05,38224.74,38212.01,38243.0,38189.99,270280000.0,2021,7,5,0
2021-07-06,38413.33,38220.01,38416.78,38220.01,274470000.0,2021,7,6,1
2021-07-07,38478.26,38421.6,38497.97,38403.3,280260000.0,2021,7,7,2
2021-07-08,38467.64,38501.31,38501.31,38425.98,220160000.0,2021,7,8,3
2021-07-09,37994.19,38468.5,38472.14,37980.21,241840000.0,2021,7,9,4
2021-07-12,37857.89,37994.19,37994.27,37852.03,187240000.0,2021,7,12,0
2021-07-13,37857.24,37857.89,37881.58,37846.94,197270000.0,2021,7,13,1
2021-07-14,37872.55,37857.24,37872.55,37805.95,197230000.0,2021,7,14,2
2021-07-15,37866.9,37872.55,37889.44,37855.92,159990000.0,2021,7,15,3
2021-07-16,37947.18,37868.05,37954.67,37868.05,266750000.0,2021,7,16,4
2021-07-19,37952.65,37947.18,37953.35,37912.5,462790000.0,2021,7,19,0
2021-07-22,38585.52,37952.65,38597.88,37933.38,203110000.0,2021,7,22,3
2021-07-23,38667.9,38585.52,38667.9,38578.85,230250000.0,2021,7,23,4
2021-07-26,38849.08,38667.9,38852.1,38662.82,246500000.0,2021,7,26,0
2021-07-27,38802.15,38849.08,38882.79,38794.38,243070000.0,2021,7,27,1
2021-07-28,38791.03,38813.36,38829.61,38788.73,237450000.0,2021,7,28,2
2021-07-29,38484.82,38791.03,38791.03,38356.43,259970000.00000003,2021,7,29,3
2021-07-30,38547.08,38484.82,38560.99,38484.59,387130000.0,2021,7,30,4
2021-08-02,38604.72,38547.08,38658.71,38532.78,244280000.0,2021,8,2,0
2021-08-03,38917.99,38604.72,38927.75,38604.72,231420000.0,2021,8,3,1
2021-08-04,38927.83,38917.99,38931.12,38894.15,206260000.0,2021,8,4,2
2021-08-05,38801.51,38927.83,38950.74,38797.27,139780000.0,2021,8,5,3
2021-08-06,38811.11,38803.85,38894.87,38803.85,167680000.0,2021,8,6,4
2021-08-09,38567.26,38810.75,38837.34,38551.25,194950000.0,2021,8,9,0
2021-08-10,39176.62,38565.04,39198.5,38544.57,224560000.0,2021,8,10,1
2021-08-11,39448.46,39176.62,39451.5,39176.62,181400000.0,2021,8,11,2
2021-08-12,39490.06,39448.46,39582.3,39356.59,570200000.0,2021,8,12,3
2021-08-13,39533.97,39490.06,39534.46,39489.7,188740000.0,2021,8,13,4
2021-08-16,39508.41,39522.34,39524.53,39474.46,141240000.0,2021,8,16,0
2021-08-17,39550.36,39505.4,39550.36,39257.85,110770000.0,2021,8,17,1
2021-08-18,39545.67,39550.36,39550.38,39538.29,132080000.00000001,2021,8,18,2
2021-08-19,39670.29,39539.65,39670.29,39462.39,201840000.0,2021,8,19,3
2021-08-20,39483.08,39666.88,39678.04,39472.65,280570000.0,2021,8,20,4
2021-08-23,39434.69,39483.15,39494.93,39424.95,210930000.0,2021,8,23,0
2021-08-24,39460.68,39434.69,39466.71,39429.68,196810000.0,2021,8,24,1
2021-08-25,39450.0,39460.9,39481.65,39438.3,197400000.0,2021,8,25,2
2021-08-26,39477.18,39449.82,39482.35,39449.82,186320000.0,2021,8,26,3
2021-08-27,39485.65,39477.41,39511.75,39462.4,232850000.0,2021,8,27,4
2021-08-30,39326.67,39485.65,39534.81,39294.21,301010000.0,2021,8,30,0
2021-08-31,39219.61,39326.67,39334.88,39204.49,425660000.0,2021,8,31,1
2021-09-01,39184.22,39220.18,39233.36,39170.92,169300000.0,2021,9,1,2
2021-09-02,39252.19,39184.18,39252.19,39158.88,262140000.0,2021,9,2,3
2021-09-03,39261.01,39252.19,39261.01,39220.04,180290000.0,2021,9,3,4
2021-09-06,39252.98,39261.01,39290.84,39237.81,210950000.0,2021,9,6,0
2021-09-07,39251.29,39252.89,39273.75,39241.54,355940000.0,2021,9,7,1
2021-09-08,39204.52,39251.29,39258.21,39195.82,354050000.0,2021,9,8,2
2021-09-09,39201.33,39204.52,39216.34,39177.84,350500000.0,2021,9,9,3
2021-09-10,38921.78,39201.33,39201.33,38887.11,154560000.0,2021,9,10,4
2021-09-13,38915.62,38921.78,38943.24,38911.36,201100000.0,2021,9,13,0
2021-09-14,38920.5,38915.62,38936.99,38897.68,228480000.0,2021,9,14,1
2021-09-15,38968.34,38920.5,38968.34,38858.01,141370000.0,2021,9,15,2
2021-09-16,38911.31,38968.34,38968.34,38908.1,130180000.0,2021,9,16,3
2021-09-17,38943.87,38911.31,38943.87,38873.71,155100000.0,2021,9,17,4
2021-09-20,38906.42,38943.87,38961.46,38900.92,181950000.0,2021,9,20,0
2021-09-21,38873.85,38906.42,38906.82,38849.57,184440000.0,2021,9,21,1
2021-09-22,38852.69,38873.85,38874.92,38846.86,155380000.0,2021,9,22,2
2021-09-23,38874.13,38852.69,38889.58,38848.18,125800000.0,2021,9,23,3
2021-09-24,38962.28,38874.69,38962.28,38832.05,633520000.0,2021,9,24,4
2021-09-27,38864.33,38962.28,38965.3,38511.97,139420000.0,2021,9,27,0
2021-09-28,38858.99,38864.33,38864.56,38841.84,526299999.99999994,2021,9,28,1
2021-09-29,39592.29,38858.99,39592.29,38854.32,474370000.0,2021,9,29,2
2021-09-30,40221.17,39590.91,40221.17,39073.9,282810000.0,2021,9,30,3
2021-10-04,40243.05,40221.17,40266.46,40221.17,202350000.0,2021,10,4,0
2021-10-05,40716.66,40243.05,40722.95,40241.49,432990000.0,2021,10,5,1
2021-10-06,40765.2,40716.66,40883.39,40716.66,400640000.0,2021,10,6,2
2021-10-07,40829.15,40820.31,40842.93,40764.21,339290000.0,2021,10,7,3
2021-10-08,40868.36,40829.15,40884.8,40808.72,331040000.0,2021,10,8,4
2021-10-11,40714.22,40868.36,40877.68,40596.68,191250000.0,2021,10,11,0
2021-10-12,40897.19,40714.0,40914.83,40714.0,563880000.0,2021,10,12,1
2021-10-13,41051.19,40896.96,41072.67,40896.96,446170000.0,2021,10,13,2
2021-10-14,41129.98,41051.19,41144.99,41041.35,908050000.0,2021,10,14,3
2021-10-15,41438.15,41129.98,41438.15,41023.53,728960000.0,2021,10,15,4
2021-10-18,41144.67,41438.15,41438.93,41125.06,338720000.0,2021,10,18,0
2021-10-20,41249.71,41144.67,41278.17,41083.89,499510000.0,2021,10,20,2
2021-10-21,41704.11,41249.71,41744.32,41230.41,216180000.0,2021,10,21,3
2021-10-22,41763.26,41704.11,41770.57,41691.69,510180000.0,2021,10,22,4
2021-10-25,41814.74,41763.26,41868.43,41738.33,674500000.0,2021,10,25,0
2021-10-26,41814.94,41814.74,41856.59,41744.38,348330000.0,2021,10,26,1
2021-10-27,41790.26,41814.94,41814.94,41766.41,284600000.0,2021,10,27,2
2021-10-28,41961.14,41779.27,41975.68,41778.54,558890000.0,2021,10,28,3
2021-10-29,42038.6,41961.14,42054.18,41950.82,334740000.0,2021,10,29,4
2021-11-01,41976.79,42038.6,42047.5,41976.79,377930000.0,2021,11,1,0
2021-11-02,42013.39,41977.1,42151.04,41969.42,318910000.0,2021,11,2,1
2021-11-03,41975.45,42013.39,42042.45,41964.97,292940000.0,2021,11,3,2
2021-11-04,41943.83,41975.45,41985.99,41930.73,160880000.0,2021,11,4,3
2021-11-05,42014.5,41943.83,42014.5,41943.83,277040000.0,2021,11,5,4
2021-11-08,43246.87,42013.72,43246.87,41976.3,443600000.0,2021,11,8,0
2021-11-09,43730.55,43246.87,43895.46,43245.14,280700000.0,2021,11,9,1
2021-11-10,43707.3,43730.55,44068.7,43685.97,270680000.0,2021,11,10,2
2021-11-11,43609.06,43707.3,43709.28,43589.26,161300000.0,2021,11,11,3
2021-11-12,43253.01,43549.28,43616.34,43247.79,314850000.0,2021,11,12,4
2021-11-15,43230.34,43253.01,43298.86,43176.42,293430000.0,2021,11,15,0
2021-11-16,43455.82,43230.34,43469.31,43175.64,423820000.0,2021,11,16,1
2021-11-17,43349.9,43444.2,43495.91,43346.72,264790000.00000003,2021,11,17,2
2021-11-18,43285.97,43355.54,43362.77,43285.03,209640000.0,2021,11,18,3
2021-11-19,43199.27,43285.97,43288.25,43150.47,199520000.0,2021,11,19,4
2021-11-22,43266.27,43199.27,43290.2,43199.27,433590000.0,2021,11,22,0
2021-11-23,43255.14,43260.13,43285.89,43234.57,217970000.0,2021,11,23,1
2021-11-24,43245.02,43265.36,43302.59,43233.98,243170000.0,2021,11,24,2
2021-11-25,43108.77,43250.34,43250.34,43094.14,266110000.0,2021,11,25,3
2021-11-26,43308.29,43108.77,43334.93,43069.97,305320000.0,2021,11,26,4
2021-11-29,43270.94,43303.76,43319.46,43248.91,213120000.0,2021,11,29,0
2021-11-30,43248.05,43270.94,43275.21,43200.59,224910000.0,2021,11,30,1
2021-12-01,42463.16,43248.05,43248.3,42463.16,335470000.0,2021,12,1,2
2021-12-02,42247.98,42463.16,42465.57,42241.65,324010000.0,2021,12,2,3
2021-12-03,42167.91,42248.76,42263.97,42137.26,180700000.0,2021,12,3,4
2021-12-06,42008.6,42164.51,42192.71,41980.53,422180000.0,2021,12,6,0
2021-12-07,42018.92,42008.6,42041.37,41927.22,639430000.0,2021,12,7,1
2021-12-08,42435.16,42018.14,42445.32,42000.96,649760000.0,2021,12,8,2
2021-12-09,41685.22,42435.16,42446.44,41527.21,473370000.0,2021,12,9,3
2021-12-10,41882.97,41685.22,41882.97,41684.07,444930000.0,2021,12,10,4
2021-12-13,42411.12,41882.97,42582.94,41816.06,229620000.0,2021,12,13,0
2021-12-14,42317.52,42411.12,42411.12,42301.42,270090000.0,2021,12,14,1
2021-12-15,42357.36,42317.52,42374.92,42294.66,226180000.0,2021,12,15,2
2021-12-16,42270.23,42357.36,42386.83,42262.85,249430000.0,2021,12,16,3
2021-12-17,42353.31,42270.23,42404.62,42270.23,341680000.0,2021,12,17,4
2021-12-20,42394.71,42353.31,42464.09,42351.93,142070000.0,2021,12,20,0
2021-12-21,42388.57,42391.31,42408.73,42377.62,275930000.0,2021,12,21,1
2021-12-22,42244.22,42388.57,42390.74,42240.71,224020000.0,2021,12,22,2
2021-12-23,42230.48,42244.22,42263.82,42207.99,211080000.0,2021,12,23,3
2021-12-24,42262.85,42230.48,42269.66,42217.46,111840000.0,2021,12,24,4
2021-12-29,41807.1,42262.85,42295.21,41745.37,180150000.0,2021,12,29,2
2021-12-30,41813.27,41807.1,41815.32,41753.53,359960000.0,2021,12,30,3
2021-12-31,42716.44,41822.29,42725.8,41768.16,455210000.0,2021,12,31,4
2022-01-04,43026.23,42716.44,43052.31,42651.87,216650000.0,2022,1,4,1
2022-01-05,43476.75,43026.23,43476.75,42479.57,1240000000.0,2022,1,5,2
2022-01-06,43607.94,43476.75,43607.94,43145.77,174610000.0,2022,1,6,3
2022-01-07,43854.42,43605.21,43857.6,43605.21,395150000.0,2022,1,7,4
2022-01-10,43897.13,43854.42,44345.64,43854.42,310900000.0,2022,1,10,0
2022-01-11,43859.3,43897.13,44083.08,43855.54,294540000.0,2022,1,11,1
2022-01-12,44608.82,43859.3,44609.24,43858.36,266310000.0,2022,1,12,2
2022-01-13,44604.74,44608.82,44621.66,44582.61,321750000.0,2022,1,13,3
2022-01-14,44454.67,44604.74,44614.64,44334.33,405730000.0,2022,1,14,4
2022-01-17,44399.66,44454.67,44768.94,44390.49,214310000.0,2022,1,17,0
2022-01-18,44655.89,44402.39,44663.47,44401.63,235230000.0,2022,1,18,1
2022-01-19,45430.14,44655.89,45430.4,44352.61,252940000.0,2022,1,19,2
2022-01-20,45890.52,45430.14,45890.52,45395.57,355910000.0,2022,1,20,3
2022-01-21,45957.35,45890.52,45957.35,45875.04,281590000.0,2022,1,21,4
2022-01-24,45928.27,45957.35,45966.26,45921.75,278440000.0,2022,1,24,0
2022-01-25,45939.51,45928.27,45939.66,45898.24,247680000.0,2022,1,25,1
2022-01-26,46529.99,45939.51,46905.63,45939.51,328980000.0,2022,1,26,2
2022-01-27,46009.23,46529.99,46769.16,46000.72,279440000.0,2022,1,27,3
2022-01-28,46205.05,46009.23,46207.24,46009.23,313440000.0,2022,1,28,4
2022-01-31,46624.67,46206.65,46628.34,46183.34,435790000.0,2022,1,31,0
2022-02-01,47111.21,46630.13,47126.27,46626.42,341500000.0,2022,2,1,1
2022-02-02,46930.66,47113.95,47131.29,46901.44,434940000.0,2022,2,2,2
2022-02-03,47329.8,46930.66,47335.63,46860.85,346700000.0,2022,2,3,3
2022-02-04,47279.92,47329.8,47329.8,47263.54,225690000.0,2022,2,4,4
2022-02-07,47203.39,47279.92,47324.09,47198.42,285470000.0,2022,2,7,0
2022-02-08,47057.24,47203.39,47203.39,47037.24,238220000.0,2022,2,8,1
2022-02-09,47157.23,47057.24,47157.23,47057.24,297000000.0,2022,2,9,2
2022-02-10,47286.34,47157.23,47286.34,47154.06,198080000.0,2022,2,10,3
2022-02-11,47202.3,47286.34,47301.44,47129.45,311490000.0,2022,2,11,4
2022-02-14,47066.77,47202.3,47232.47,47011.74,338020000.0,2022,2,14,0
2022-02-15,47064.82,47063.28,47107.99,47046.93,274200000.0,2022,2,15,1
2022-02-16,47109.25,47064.82,47199.41,47051.36,318250000.0,2022,2,16,2
2022-02-17,47102.64,47109.25,47128.46,47074.78,357740000.0,2022,2,17,3
2022-02-18,47140.48,47102.64,47142.51,47091.67,344690000.0,2022,2,18,4
2022-02-21,47233.91,47140.48,47243.74,47139.8,421360000.0,2022,2,21,0
2022-02-22,47246.9,47233.91,47282.44,47233.91,421780000.0,2022,2,22,1
2022-02-23,47207.27,47246.9,47265.69,47207.27,230650000.0,2022,2,23,2
2022-02-24,47272.04,47207.27,47295.28,47207.27,340660000.0,2022,2,24,3
2022-02-25,47328.42,47272.04,47378.54,47264.97,253290000.0,2022,2,25,4
2022-02-28,47394.53,47328.42,47394.53,47328.42,300620000.0,2022,2,28,0
2022-03-01,47482.73,47394.53,47613.7,47358.48,370440000.0,2022,3,1,1
2022-03-02,47360.79,47482.73,47486.15,47313.53,279950000.0,2022,3,2,2
2022-03-03,47296.07,47360.79,47404.02,47202.6,243420000.0,2022,3,3,3
2022-03-04,47268.61,47296.07,47298.15,47253.88,179280000.0,2022,3,4,4
2022-03-07,47262.61,47268.61,47309.8,47223.94,291880000.0,2022,3,7,0
2022-03-08,47154.35,47262.61,47283.62,47122.34,754930000.0,2022,3,8,1
2022-03-09,47287.09,47154.35,47292.91,47129.66,336300000.0,2022,3,9,2
2022-03-10,47363.98,47287.09,47383.77,47180.59,261560000.0,2022,3,10,3
2022-03-11,47437.48,47363.98,47437.48,47234.26,1150000000.0,2022,3,11,4
2022-03-14,47428.67,47437.48,47466.61,47358.72,1280000000.0,2022,3,14,0
2022-03-15,47340.86,47428.67,47431.39,47334.64,183260000.0,2022,3,15,1
2022-03-16,47364.46,47340.86,47373.96,47338.48,145830000.0,2022,3,16,2
2022-03-17,47353.22,47364.46,47398.8,47338.91,239730000.0,2022,3,17,3
2022-03-18,47282.67,47353.22,47353.22,47221.34,599490000.0,2022,3,18,4
2022-03-21,47251.93,47282.67,47282.67,47196.55,213560000.0,2022,3,21,0
2022-03-22,47156.56,47251.93,47251.93,47125.55,303460000.0,2022,3,22,1
2022-03-23,47163.94,47156.56,47167.97,47132.62,267480000.00000003,2022,3,23,2
2022-03-24,46961.62,47016.5,47017.08,46931.38,214700000.0,2022,3,24,3
2022-03-25,46964.23,46958.68,46993.74,46957.13,177090000.0,2022,3,25,4
2022-03-28,46898.23,46958.95,46966.36,46754.39,359890000.0,2022,3,28,0
2022-03-29,46843.09,46893.86,46905.13,46831.85,214320000.0,2022,3,29,1
2022-03-30,46904.48,46843.09,46916.17,46824.71,201150000.0,2022,3,30,2
2022-03-31,46965.48,46904.48,46983.32,46832.26,256019999.99999997,2022,3,31,3
2022-04-01,46842.86,46963.75,46973.78,46780.08,257290000.00000003,2022,4,1,4
2022-04-04,46687.85,46844.13,46844.13,46654.45,219500000.0,2022,4,4,0
2022-04-05,46777.37,46687.85,46792.3,46675.8,257399999.99999997,2022,4,5,1
2022-04-06,46766.16,46775.76,46785.41,46751.63,261589999.99999997,2022,4,6,2
2022-04-07,46543.51,46771.62,46806.53,46524.68,244020000.0,2022,4,7,3
2022-04-08,46631.46,46543.51,46631.46,46542.14,154100000.0,2022,4,8,4
2022-04-11,46867.95,46631.46,46871.63,46624.78,224630000.0,2022,4,11,0
2022-04-12,47205.03,46872.25,47231.66,46872.25,245420000.0,2022,4,12,1
2022-04-13,47367.31,47205.03,47388.15,47188.1,391890000.0,2022,4,13,2
2022-04-14,47558.45,47367.31,47600.37,47367.31,385180000.0,2022,4,14,3
2022-04-19,47545.86,47510.38,47551.72,47459.18,365450000.0,2022,4,19,1
2022-04-20,48138.71,47545.86,48138.71,47503.0,349480000.0,2022,4,20,2
2022-04-21,48223.86,48138.71,48223.86,48132.09,244690000.0,2022,4,21,3
2022-04-22,48459.65,48236.08,48459.65,48229.1,342140000.0,2022,4,22,4
2022-04-25,48558.91,48459.65,48562.2,48089.55,328380000.0,2022,4,25,0
2022-04-26,48568.57,48543.36,48662.06,48540.73,464730000.0,2022,4,26,1
2022-04-27,48571.75,48568.57,48620.21,48551.58,246700000.0,2022,4,27,2
2022-04-28,48837.76,48571.75,48853.68,48571.75,759650000.0,2022,4,28,3
2022-04-29,49638.94,48840.49,49638.94,48840.43,319350000.0,2022,4,29,4
2022-05-04,50126.41,49640.3,50132.88,49636.44,669270000.0,2022,5,4,2
2022-05-05,50835.95,50126.41,50835.95,50113.49,462400000.0,2022,5,5,3
2022-05-06,50937.01,50838.1,50993.59,50838.1,466280000.0,2022,5,6,4
2022-05-09,51903.44,50935.79,51956.75,50922.91,337430000.0,2022,5,9,0
2022-05-10,51805.41,51902.48,51902.48,51562.68,331350000.0,2022,5,10,1
2022-05-11,52838.45,51805.41,53064.58,51805.41,417260000.0,2022,5,11,2
2022-05-12,52917.76,52844.84,53069.29,52843.48,426020000.0,2022,5,12,3
2022-05-13,53100.21,52917.76,53100.21,52898.9,303480000.0,2022,5,13,4
2022-05-16,52944.65,53098.46,53098.46,52896.88,374180000.0,2022,5,16,0
2022-05-17,52756.62,52944.44,52950.34,52756.62,552470000.0,2022,5,17,1
2022-05-18,52721.34,52756.62,52793.13,52721.34,611830000.0,2022,5,18,2
2022-05-19,53275.49,52721.34,53281.31,52717.88,274410000.0,2022,5,19,3
2022-05-20,52979.96,53275.49,53774.61,52951.38,436560000.0,2022,5,20,4
2022-05-23,52911.51,52979.96,53009.5,52909.1,263240000.0,2022,5,23,0
2022-05-24,51949.64,52911.51,52911.51,51940.57,720120000.0,2022,5,24,1
2022-05-25,52591.41,51949.64,52594.84,51574.46,382450000.0,2022,5,25,2
2022-05-26,53151.32,52591.41,53161.43,52587.01,266180000.0,2022,5,26,3
2022-05-27,54085.3,53151.32,54290.84,53151.32,208080000.0,2022,5,27,4
2022-05-30,53772.35,54085.3,54085.3,53735.83,227550000.0,2022,5,30,0
2022-05-31,53637.14,53772.14,53787.3,53608.72,318270000.0,2022,5,31,1
2022-06-01,52974.15,52990.28,53045.12,52952.24,295340000.0,2022,6,1,2
2022-06-02,52840.14,52974.15,52989.45,52831.61,274420000.0,2022,6,2,3
2022-06-03,52908.24,52815.78,52925.86,52803.19,280870000.0,2022,6,3,4
2022-06-06,53086.86,52908.24,53090.16,52889.13,755620000.0,2022,6,6,0
2022-06-07,53270.88,53086.46,53276.66,53046.72,234620000.0,2022,6,7,1
2022-06-08,53193.98,53270.88,53270.88,53190.75,248940000.0,2022,6,8,2
2022-06-09,53170.73,53183.99,53206.08,53166.01,318420000.0,2022,6,9,3
2022-06-10,53201.38,53170.73,53201.38,53136.98,273240000.0,2022,6,10,4
2022-06-14,53114.65,53201.38,53202.13,53097.77,299810000.0,2022,6,14,1
2022-06-15,52775.4,53113.64,53113.64,52773.2,188090000.0,2022,6,15,2
2022-06-16,52411.09,52775.4,52783.52,52374.04,211610000.0,2022,6,16,3
2022-06-17,51778.08,52411.09,52451.43,51755.18,241190000.0,2022,6,17,4
2022-06-20,50756.74,51778.08,51804.21,50750.6,196260000.0,2022,6,20,0
2022-06-21,51091.75,50755.98,51213.17,50532.29,166960000.0,2022,6,21,1
2022-06-22,51377.21,51093.23,51377.21,50628.4,229260000.0,2022,6,22,2
2022-06-23,51618.73,51377.21,51740.21,51375.06,223250000.0,2022,6,23,3
2022-06-24,51705.61,51618.73,51708.52,51618.73,156090000.0,2022,6,24,4
2022-06-27,51962.85,51705.61,51986.94,51703.49,266510000.0,2022,6,27,0
2022-06-28,51803.98,51962.85,51975.06,51779.76,314600000.0,2022,6,28,1
2022-06-29,51802.48,51803.98,51810.45,51789.9,416470000.0,2022,6,29,2
2022-06-30,51817.59,51802.48,51991.27,51759.56,223100000.0,2022,6,30,3
2022-07-01,51829.67,51817.59,51829.67,51769.02,127030000.0,2022,7,1,4
2022-07-04,51791.45,51829.67,51871.89,51713.99,194080000.0,2022,7,4,0
2022-07-05,51586.5,51795.23,51807.97,51571.37,234480000.0,2022,7,5,1
2022-07-06,51556.54,51586.5,51612.97,51553.86,135260000.0,2022,7,6,2
2022-07-07,51563.73,51556.54,51570.71,51530.4,143280000.0,2022,7,7,3
2022-07-08,51557.41,51563.73,51581.17,51546.84,115130000.0,2022,7,8,4
2022-07-13,51567.69,51557.41,51584.83,51507.55,198790000.0,2022,7,13,2
2022-07-14,51338.27,51390.25,51390.25,51304.74,115250000.0,2022,7,14,3
2022-07-15,52215.12,51339.01,52542.93,51330.29,190100000.0,2022,7,15,4
2022-07-18,52319.94,52215.12,52510.17,52215.12,116280000.0,2022,7,18,0
2022-07-19,52308.88,52319.94,52333.28,52250.79,205600000.0,2022,7,19,1
2022-07-20,52186.52,52308.88,52310.53,52142.18,238270000.0,2022,7,20,2
2022-07-21,52122.0,52186.52,52204.52,52098.87,151940000.0,2022,7,21,3
2022-07-22,51979.92,52122.0,52129.19,51979.92,205060000.0,2022,7,22,4
2022-07-25,51400.53,51979.92,51979.92,51327.74,98750000.0,2022,7,25,0
2022-07-26,50442.37,51400.53,51405.6,50409.9,156170000.0,2022,7,26,1
2022-07-27,50188.55,50442.37,50447.87,50163.4,192410000.0,2022,7,27,2
2022-07-28,49667.14,50182.73,50182.73,49603.12,206210000.0,2022,7,28,3
2022-07-29,50370.25,49702.07,50370.25,49687.77,243290000.0,2022,7,29,4
2022-08-01,49950.32,50370.25,50372.43,49886.94,176050000.0,2022,8,1,0
2022-08-02,50626.04,49950.32,50626.04,49950.32,129160000.0,2022,8,2,1
2022-08-03,50594.97,50626.04,50647.19,50242.94,121160000.0,2022,8,3,2
2022-08-04,50582.3,50594.97,50720.86,50372.55,130440000.0,2022,8,4,3
2022-08-05,50722.33,50582.3,50722.33,50556.7,148810000.0,2022,8,5,4
2022-08-08,50489.73,50722.33,50740.18,50489.07,207200000.0,2022,8,8,0
2022-08-09,49350.71,50489.73,50489.73,49342.6,140580000.0,2022,8,9,1
2022-08-10,50075.47,49350.71,50127.02,49337.73,279220000.0,2022,8,10,2
2022-08-11,50014.6,50075.47,50256.83,50009.12,133590000.0,2022,8,11,3
2022-08-12,49664.07,50017.51,50017.51,49371.37,272070000.0,2022,8,12,4
2022-08-15,49657.33,49664.07,49724.7,49373.13,210830000.0,2022,8,15,0
2022-08-16,49709.46,49629.43,49737.86,49629.43,204160000.0,2022,8,16,1
2022-08-17,49691.17,49709.46,49712.96,49681.24,128789999.99999999,2022,8,17,2
2022-08-18,49546.38,49691.17,49694.34,49487.74,146990000.0,2022,8,18,3
2022-08-19,49370.62,49395.43,49432.87,49367.26,132199999.99999999,2022,8,19,4
2022-08-22,49346.4,49370.62,49381.15,49334.23,122730000.0,2022,8,22,0
2022-08-23,48567.14,49344.67,49344.67,48511.58,204150000.0,2022,8,23,1
2022-08-24,48675.33,48554.76,48681.0,48554.76,167570000.0,2022,8,24,2
2022-08-25,49661.87,48675.24,49662.09,48670.87,226470000.0,2022,8,25,3
2022-08-26,49682.15,49661.87,49728.46,49628.73,193510000.0,2022,8,26,4
2022-08-29,49676.75,49682.15,49686.95,49624.28,232940000.0,2022,8,29,0
2022-08-30,49642.69,49676.75,49682.93,49625.32,125950000.0,2022,8,30,1
2022-08-31,49836.51,49642.69,49836.51,49642.69,367340000.0,2022,8,31,2
2022-09-01,49889.88,49836.51,49934.2,49836.51,229120000.0,2022,9,1,3
2022-09-02,50045.83,49889.8,50056.3,49889.8,240020000.0,2022,9,2,4
2022-09-05,49991.41,50045.83,50084.83,49988.28,200920000.0,2022,9,5,0
2022-09-06,49644.92,49991.41,49994.14,49639.64,138940000.0,2022,9,6,1
2022-09-07,49635.76,49644.92,49654.72,49616.03,128940000.0,2022,9,7,2
2022-09-08,49652.25,49599.73,49658.07,49577.38,161880000.0,2022,9,8,3
2022-09-09,49695.12,49652.25,49697.61,49652.25,319090000.0,2022,9,9,4
2022-09-12,49626.05,49695.12,49703.85,49626.05,86590000.0,2022,9,12,0
2022-09-13,49627.72,49625.71,49655.34,49612.4,147460000.0,2022,9,13,1
2022-09-14,49576.05,49627.72,49637.12,49573.6,197260000.0,2022,9,14,2
2022-09-15,49540.48,49578.83,49579.34,49534.65,167600000.0,2022,9,15,3
2022-09-16,49475.42,49540.48,49543.81,49470.28,107490000.0,2022,9,16,4
2022-09-19,49440.21,49475.42,49479.45,49400.12,67370000.0,2022,9,19,0
2022-09-20,49445.31,49440.21,49446.01,49378.93,147590000.0,2022,9,20,1
2022-09-21,49421.91,49446.18,49455.99,49318.55,51880000.0,2022,9,21,2
2022-09-22,49190.34,49421.91,49424.82,49164.75,126740000.0,2022,9,22,3
2022-09-23,49026.62,49190.34,49309.63,48994.15,169180000.0,2022,9,23,4
2022-09-26,49218.35,49053.91,49226.12,49053.91,119280000.0,2022,9,26,0
2022-09-27,49161.45,49189.32,49223.31,49154.5,206200000.0,2022,9,27,1
2022-09-28,49171.7,49161.45,49258.73,49119.51,101570000.0,2022,9,28,2
2022-09-29,48964.83,49171.7,49218.17,48947.91,220780000.0,2022,9,29,3
2022-09-30,49024.16,48967.56,49024.16,48945.43,356730000.0,2022,9,30,4
2022-10-04,48879.74,49035.07,49038.76,48865.47,173460000.0,2022,10,4,1
2022-10-05,48836.7,48879.74,48919.32,48818.2,135520000.0,2022,10,5,2
2022-10-06,47260.89,48836.7,48890.97,47238.35,140660000.0,2022,10,6,3
2022-10-07,47351.43,47260.89,47351.62,47257.3,137280000.0,2022,10,7,4
2022-10-11,47565.92,47351.43,47664.66,47195.25,125650000.0,2022,10,11,1
2022-10-12,47531.84,47565.92,47572.78,47529.93,155180000.0,2022,10,12,2
2022-10-13,47524.38,47531.84,47550.47,47486.8,86540000.0,2022,10,13,3
2022-10-14,47569.04,47524.38,47579.14,47428.96,124410000.0,2022,10,14,4
2022-10-17,46365.95,47569.04,47588.29,46343.39,137880000.0,2022,10,17,0
2022-10-18,45366.32,46365.95,46365.95,44937.92,420160000.0,2022,10,18,1
2022-10-19,44318.15,45366.32,45505.22,44302.24,165350000.0,2022,10,19,2
2022-10-20,44332.21,44318.15,44341.65,44294.21,119220000.0,2022,10,20,3
2022-10-21,44396.73,44332.21,44403.55,44332.21,95080000.0,2022,10,21,4
2022-10-24,44461.63,44396.73,44491.61,44368.24,72320000.0,2022,10,24,0
2022-10-25,44788.14,44461.63,44824.37,44266.04,159210000.0,2022,10,25,1
2022-10-26,44859.78,44788.14,44887.55,44767.49,93510000.0,2022,10,26,2
2022-10-27,44625.18,44859.78,44883.39,44615.15,150970000.0,2022,10,27,3
2022-10-28,43912.64,44625.18,44625.18,43671.26,122790000.0,2022,10,28,4
2022-10-31,43839.08,43910.65,43912.82,43650.2,160910000.0,2022,10,31,0
2022-11-01,43745.73,43835.94,43968.82,43657.95,172870000.0,2022,11,1,1
2022-11-02,44283.02,43745.73,44283.02,43626.57,155410000.0,2022,11,2,2
2022-11-03,44236.7,44283.02,44286.16,44209.17,215110000.0,2022,11,3,3
2022-11-04,44269.18,44236.7,44275.32,44171.5,356730000.0,2022,11,4,4
2022-11-07,44269.43,44269.18,44272.07,44217.38,103260000.0,2022,11,7,0
2022-11-08,43461.6,44269.43,44293.1,43439.72,249910000.0,2022,11,8,1
2022-11-09,43477.48,43461.6,44071.41,43448.58,133400000.0,2022,11,9,2
2022-11-10,43942.82,43477.48,44287.55,43393.2,404990000.0,2022,11,10,3
2022-11-11,43968.75,43943.46,43994.65,43924.32,209710000.0,2022,11,11,4
2022-11-14,43818.12,43956.76,43956.76,43770.82,187080000.0,2022,11,14,0
2022-11-15,43808.25,43818.12,43857.81,43788.18,103420000.0,2022,11,15,1
2022-11-16,44050.44,43808.25,44050.44,43808.25,159430000.0,2022,11,16,2
2022-11-17,44011.22,44046.94,44052.82,43969.57,97700000.0,2022,11,17,3
2022-11-18,44492.73,44011.22,44492.73,44001.7,146680000.0,2022,11,18,4
2022-11-21,44701.84,44492.73,44701.84,44492.73,159560000.0,2022,11,21,0
2022-11-22,44929.33,44662.96,44976.21,44662.96,126080000.0,2022,11,22,1
2022-11-23,46232.37,44934.73,46233.18,44899.66,185590000.0,2022,11,23,2
2022-11-24,46604.94,46232.6,46604.94,46186.63,138600000.0,2022,11,24,3
2022-11-25,47554.34,46604.94,47562.29,46424.6,98980000.0,2022,11,25,4
2022-11-28,47436.45,47554.34,47576.0,47389.79,279280000.0,2022,11,28,0
2022-11-29,47322.97,47436.45,47450.71,47299.16,120940000.0,2022,11,29,1
2022-11-30,47660.04,47322.97,47662.71,47318.9,107020000.0,2022,11,30,2
2022-12-01,47656.64,47660.04,47769.38,47537.87,172890000.0,2022,12,1,3
2022-12-02,48154.65,47656.64,48198.48,47656.64,159810000.0,2022,12,2,4
2022-12-05,48270.23,48154.65,48373.03,48154.65,185110000.0,2022,12,5,0
2022-12-06,48366.69,48270.23,48399.33,48269.48,184620000.0,2022,12,6,1
2022-12-07,48426.49,48366.69,48426.49,48348.67,146210000.0,2022,12,7,2
2022-12-08,48365.14,48426.49,48572.14,48183.06,148160000.0,2022,12,8,3
2022-12-09,48881.93,48365.14,48881.93,48365.14,100820000.0,2022,12,9,4
2022-12-12,48899.08,48881.93,48901.96,48853.33,236580000.0,2022,12,12,0
2022-12-13,48853.54,48899.08,49101.57,48820.32,162870000.0,2022,12,13,1
2022-12-14,48988.04,48853.54,49045.36,48853.54,88020000.0,2022,12,14,2
2022-12-15,49233.02,48988.04,49249.96,48979.1,222740000.0,2022,12,15,3
2022-12-16,49316.29,49233.02,49340.28,49222.58,103660000.0,2022,12,16,4
2022-12-19,49414.96,49316.2,49414.96,49316.2,76740000.0,2022,12,19,0
2022-12-20,49416.18,49414.96,49446.36,49382.43,100060000.0,2022,12,20,1
2022-12-21,49475.43,49416.51,49492.97,49416.51,411150000.0,2022,12,21,2
2022-12-22,49499.43,49475.43,49525.32,49398.37,132509999.99999999,2022,12,22,3
2022-12-23,49706.09,49499.43,49737.1,49493.53,140320000.0,2022,12,23,4
2022-12-28,49934.6,49706.09,49934.6,49695.81,498730000.0,2022,12,28,2
2022-12-29,50300.0,49934.6,50313.18,49934.6,297940000.0,2022,12,29,3
2022-12-30,51251.06,50294.6,51346.08,50247.57,890150000.0,2022,12,30,4
2023-01-03,51595.66,51251.06,51595.66,51241.36,129169999.99999999,2023,1,3,1
2023-01-04,51657.56,51598.35,51668.24,51198.49,265730000.00000003,2023,1,4,2
2023-01-05,50868.52,51657.56,51785.05,50842.95,138720000.0,2023,1,5,3
2023-01-06,51222.34,50868.52,51222.34,50830.51,195710000.0,2023,1,6,4
2023-01-09,51700.36,51222.34,51841.05,51207.13,229220000.0,2023,1,9,0
2023-01-10,51446.6,51693.08,51712.97,51220.23,345490000.0,2023,1,10,1
2023-01-11,51729.87,51446.6,51746.32,51369.76,281800000.0,2023,1,11,2
2023-01-12,52048.85,51729.87,52495.11,51696.17,211690000.0,2023,1,12,3
2023-01-13,52512.48,52048.85,52512.48,52048.85,216920000.0,2023,1,13,4
2023-01-16,52348.82,52512.48,52519.61,52348.82,220650000.0,2023,1,16,0
2023-01-17,52701.31,52343.41,52737.72,52329.29,228490000.0,2023,1,17,1
2023-01-18,52615.51,52701.31,52718.7,52558.62,217950000.0,2023,1,18,2
2023-01-19,52626.42,52615.51,52631.8,52603.89,129030000.0,2023,1,19,3
2023-01-20,52594.68,52626.42,52642.34,52586.87,443750000.0,2023,1,20,4
2023-01-23,52657.69,52594.68,52657.69,52585.64,143730000.0,2023,1,23,0
2023-01-24,52612.55,52657.69,52691.04,52533.14,182390000.0,2023,1,24,1
2023-01-25,52599.65,52612.55,52636.48,52477.59,119790000.0,2023,1,25,2
2023-01-26,52752.96,52599.65,52752.96,52599.65,139680000.0,2023,1,26,3
2023-01-27,52657.88,52752.96,52753.28,52213.7,171110000.0,2023,1,27,4
2023-01-30,53157.83,52649.24,53167.11,52639.28,201360000.0,2023,1,30,0
2023-01-31,53238.67,53157.49,53299.54,53157.49,250190000.0,2023,1,31,1
2023-02-01,53499.68,53238.67,53499.68,53234.31,200370000.0,2023,2,1,2
2023-02-02,53998.12,53499.31,53998.12,53483.4,2870000000.0,2023,2,2,3
2023-02-03,54213.09,53998.12,54213.09,53994.01,267990000.0,2023,2,3,4
2023-02-06,54367.74,54213.09,54367.74,54206.4,191640000.0,2023,2,6,0
2023-02-07,54299.76,54367.86,54369.44,54236.37,200040000.0,2023,2,7,1
2023-02-08,54427.05,54299.57,54441.81,54285.38,151580000.0,2023,2,8,2
2023-02-09,54359.9,54427.05,54429.93,54358.2,225380000.0,2023,2,9,3
2023-02-10,54327.3,54359.9,54383.13,54301.52,175660000.0,2023,2,10,4
2023-02-13,54364.67,54327.3,54378.64,54327.3,140640000.0,2023,2,13,0
2023-02-14,54496.31,54364.67,54542.1,54338.99,177900000.0,2023,2,14,1
2023-02-15,54507.66,54496.31,54513.44,54475.44,134430000.0,2023,2,15,2
2023-02-16,54521.49,54507.66,54547.2,54506.43,125850000.0,2023,2,16,3
2023-02-17,53804.46,54520.2,54553.73,53804.46,172900000.0,2023,2,17,4
2023-02-20,54224.35,53804.46,54229.61,53796.91,154610000.0,2023,2,20,0
2023-02-21,54189.31,54224.35,54224.54,54182.61,129110000.00000001,2023,2,21,1
2023-02-22,54315.53,54189.31,54315.53,54182.36,129850000.0,2023,2,22,2
2023-02-23,54646.38,54315.53,54646.38,54315.42,142040000.0,2023,2,23,3
2023-02-24,54949.21,54811.59,54955.12,54787.29,119090000.0,2023,2,24,4
2023-02-27,55328.42,54949.21,55334.96,54941.76,149770000.0,2023,2,27,0
2023-02-28,55806.26,55328.42,55819.41,55322.01,237090000.0,2023,2,28,1
2023-03-01,55508.61,55806.26,55985.47,55385.9,232580000.0,2023,3,1,2
2023-03-02,55670.24,55510.1,55670.24,55281.94,205660000.0,2023,3,2,3
2023-03-03,55529.21,55670.08,55710.62,55529.21,184240000.0,2023,3,3,4
2023-03-06,55605.57,55529.21,55645.51,55515.15,123540000.0,2023,3,6,0
2023-03-07,55603.94,55605.57,55623.29,55522.41,159460000.0,2023,3,7,1
2023-03-08,55801.14,55603.94,55820.42,55596.67,152740000.0,2023,3,8,2
2023-03-09,55822.14,55801.14,55830.28,55629.24,311470000.0,2023,3,9,3
2023-03-10,55794.51,55822.14,55827.87,55779.25,275920000.0,2023,3,10,4
2023-03-13,55788.37,55794.51,55926.89,55788.37,179030000.0,2023,3,13,0
2023-03-14,55722.9,55788.37,55788.37,55693.39,199270000.0,2023,3,14,1
2023-03-15,55490.2,55722.9,55722.99,55441.6,181040000.0,2023,3,15,2
2023-03-16,54915.61,55490.2,55490.2,54844.29,137280000.0,2023,3,16,3
2023-03-17,54935.2,54915.61,54948.43,54913.86,156970000.0,2023,3,17,4
2023-03-20,54888.48,54915.39,54997.28,54856.36,1170000000.0,2023,3,20,0
2023-03-21,54904.68,54886.04,54921.85,54880.02,127740000.0,2023,3,21,1
2023-03-22,54936.11,54904.68,54959.44,54904.68,134150000.0,2023,3,22,2
2023-03-23,54924.08,54936.11,54951.96,54919.5,117850000.0,2023,3,23,3
2023-03-24,54892.53,54924.08,54944.3,54314.52,137560000.0,2023,3,24,4
2023-03-27,53750.77,54780.44,54780.44,53750.77,100880000.0,2023,3,27,0
2023-03-28,53498.27,53750.77,53876.52,53498.27,202850000.0,2023,3,28,1
2023-03-29,53603.8,53124.63,53668.06,53124.16,236060000.0,2023,3,29,2
2023-03-30,54413.21,53603.8,54413.21,53603.8,973580000.0,2023,3,30,3
2023-03-31,54857.96,54413.21,54869.86,54413.21,557930000.0,2023,3,31,4
2023-04-03,54190.28,54232.34,54236.59,54186.51,292560000.0,2023,4,3,0
2023-04-04,54082.96,54187.48,54206.0,54051.37,296680000.0,2023,4,4,1
2023-04-05,53018.97,54035.39,54041.08,53003.51,197210000.0,2023,4,5,2
2023-04-06,52994.13,53018.97,53031.41,52991.04,266950000.0,2023,4,6,3
2023-04-11,51952.99,52994.13,52997.1,51945.98,1720000000.0,2023,4,11,1
2023-04-12,51953.41,51952.99,51960.77,51935.95,255160000.0,2023,4,12,2
2023-04-13,51944.58,51953.41,51981.35,51941.27,302920000.0,2023,4,13,3
2023-04-14,51903.61,51944.58,51954.9,51886.65,260700000.0,2023,4,14,4
2023-04-17,51120.94,51709.5,51710.82,51095.23,226590000.0,2023,4,17,0
2023-04-18,51134.85,51127.38,51144.76,51105.04,1030000000.0,2023,4,18,1
2023-04-19,51209.01,51138.92,51209.01,51138.92,216530000.0,2023,4,19,2
2023-04-20,51355.74,51237.16,51363.29,51019.11,600770000.0,2023,4,20,3
2023-04-25,51681.01,51407.96,51681.55,51407.96,541960000.0,2023,4,25,1
2023-04-26,52097.62,51608.39,52108.38,51605.13,1480000000.0,2023,4,26,2
2023-04-27,52235.88,52097.62,52308.3,52084.74,2330000000.0,2023,4,27,3
2023-04-28,52403.51,52235.88,52468.51,52223.82,472130000.0,2023,4,28,4
2023-05-02,52299.24,52406.88,52426.46,52088.98,418400000.0,2023,5,2,1
2023-05-03,52207.77,52296.48,52300.31,52172.84,670080000.0,2023,5,3,2
2023-05-04,52290.75,52207.77,52308.82,52207.77,770120000.0,2023,5,4,3
2023-05-05,52466.52,52290.75,52469.78,52273.06,482580000.0,2023,5,5,4
2023-05-08,52579.52,52465.33,52622.37,52465.33,511370000.0,2023,5,8,0
2023-05-09,52606.51,52576.26,52658.89,52551.76,640950000.0,2023,5,9,1
2023-05-10,52209.31,52605.41,52684.07,52077.15,554310000.0,2023,5,10,2
2023-05-11,52161.24,52202.53,52251.68,52100.03,477270000.0,2023,5,11,3
2023-05-12,52214.62,52162.14,52215.66,52159.75,1420000000.0,2023,5,12,4
2023-05-15,52231.29,52214.62,52250.73,52212.44,626390000.0,2023,5,15,0
2023-05-16,52419.33,52231.29,52436.45,52231.29,576850000.0,2023,5,16,1
2023-05-17,52580.86,52417.09,52636.93,52417.09,680800000.0,2023,5,17,2
2023-05-18,52109.43,52063.21,52139.51,52044.02,334240000.0,2023,5,18,3
2023-05-19,52187.93,52109.45,52187.93,52064.86,584660000.0,2023,5,19,4
2023-05-22,52369.13,52187.93,52369.13,52145.28,315680000.0,2023,5,22,0
2023-05-23,52621.19,52374.89,52621.19,52361.95,350970000.0,2023,5,23,1
2023-05-24,52927.6,52621.19,52942.62,52581.88,455180000.0,2023,5,24,2
2023-05-25,52821.64,52927.6,52928.28,52723.15,377140000.0,2023,5,25,3
2023-05-26,52973.88,52821.6,52991.18,52415.13,461780000.0,2023,5,26,4
2023-05-30,55745.74,52973.88,55745.74,52973.88,1080000000.0,2023,5,30,1
2023-05-31,55769.28,55741.49,55800.21,55436.5,661510000.0,2023,5,31,2
2023-06-01,55808.25,55769.91,55832.68,55713.6,390220000.0,2023,6,1,3
2023-06-02,55822.82,55808.25,55828.59,55570.81,455760000.0,2023,6,2,4
2023-06-05,55807.09,55820.5,55820.5,55694.52,369750000.0,2023,6,5,0
2023-06-06,56038.85,55806.71,56038.85,55768.37,322490000.0,2023,6,6,1
2023-06-07,56025.56,56038.85,56089.52,56006.8,397620000.0,2023,6,7,2
2023-06-08,55956.59,56024.83,56030.97,55361.68,531780000.0,2023,6,8,3
2023-06-09,55930.97,55956.59,55998.75,55867.98,574630000.0,2023,6,9,4
2023-06-13,58163.55,55930.97,58195.59,55930.97,1190000000.0,2023,6,13,1
2023-06-14,59985.1,58163.76,60072.73,58163.76,1300000000.0,2023,6,14,2
2023-06-15,59195.21,59985.1,60442.12,59121.7,1170000000.0,2023,6,15,3
2023-06-16,59000.96,59195.21,59233.16,58897.65,622420000.0,2023,6,16,4
2023-06-19,59016.12,59000.96,59227.72,58925.92,892950000.0,2023,6,19,0
2023-06-20,59110.02,59014.85,59125.75,59012.15,588840000.0,2023,6,20,1
2023-06-21,59323.95,59110.6,59399.54,59097.09,643030000.0,2023,6,21,2
2023-06-22,59361.6,59324.99,59373.28,59279.36,615910000.0,2023,6,22,3
2023-06-23,59206.63,59211.26,59252.78,59164.94,627870000.0,2023,6,23,4
2023-06-26,59338.76,59208.11,59500.39,59197.74,552680000.0,2023,6,26,0
2023-06-27,60109.41,59332.61,60109.41,59315.04,763690000.0,2023,6,27,1
2023-06-30,60968.27,60109.02,60968.82,60109.02,998080000.0,2023,6,30,4
2023-07-03,61948.99,60991.12,61962.7,60991.12,1210000000.0,2023,7,3,0
2023-07-04,60715.04,61949.24,61949.24,60713.56,1110000000.0,2023,7,4,1
2023-07-05,61523.57,60720.02,61572.41,60705.92,846320000.0,2023,7,5,2
2023-07-06,62019.88,61536.76,62048.05,61509.0,5440000000.0,2023,7,6,3
2023-07-07,63040.87,62023.17,63040.87,62023.17,1230000000.0,2023,7,7,4
2023-07-10,64603.69,63040.41,64674.08,63040.41,1840000000.0,2023,7,10,0
2023-07-11,65669.29,64603.69,65999.97,64516.55,844720000.0,2023,7,11,1
2023-07-12,64046.93,65669.29,65669.29,63880.87,1160000000.0,2023,7,12,2
2023-07-13,62748.94,64046.61,64095.69,62729.77,798470000.0,2023,7,13,3
2023-07-14,62569.73,62748.94,63076.58,62441.33,600490000.0,2023,7,14,4
2023-07-17,62943.35,62569.73,63272.79,62439.22,710020000.0,2023,7,17,0
2023-07-18,63766.72,62943.35,63766.72,62895.72,868800000.0,2023,7,18,1
2023-07-19,63757.23,63766.72,63835.33,63580.77,473490000.0,2023,7,19,2
2023-07-20,63930.72,63757.23,63930.72,63745.52,1360000000.0,2023,7,20,3
2023-07-21,65003.39,63938.12,65015.76,63938.12,770780000.0,2023,7,21,4
2023-07-24,65268.28,65012.97,65268.28,64892.11,831500000.0,2023,7,24,0
2023-07-25,65991.02,65268.28,66017.94,65072.82,553520000.0,2023,7,25,1
2023-07-26,65687.16,65992.29,66009.8,65549.37,500400000.0,2023,7,26,2
2023-07-27,65482.91,65687.16,65730.63,65436.85,509250000.0,2023,7,27,3
2023-07-28,65056.39,65482.91,65482.91,64957.85,459770000.0,2023,7,28,4
2023-07-31,64337.52,65056.39,65075.94,64296.31,673420000.0,2023,7,31,0
2023-08-01,64192.2,64337.3,64340.24,64003.17,762100000.0,2023,8,1,1
2023-08-02,64267.36,64193.38,64301.59,63773.76,330770000.0,2023,8,2,2
2023-08-03,65263.06,64267.36,65323.2,64267.36,445280000.0,2023,8,3,3
2023-08-04,65198.08,65263.06,65309.66,64910.29,363140000.0,2023,8,4,4
2023-08-07,65336.8,65198.08,65340.27,65192.01,334330000.0,2023,8,7,0
2023-08-08,65309.65,65336.71,65393.68,65212.96,317810000.0,2023,8,8,1
2023-08-09,64167.39,65385.45,65396.93,64167.39,238040000.0,2023,8,9,2
2023-08-10,65205.35,64167.39,65205.35,64154.19,361200000.0,2023,8,10,3
2023-08-11,65325.37,65204.82,65352.7,65189.91,489690000.0,2023,8,11,4
2023-08-14,65210.49,65325.37,65358.76,65183.22,259040000.00000003,2023,8,14,0
2023-08-15,64928.98,65023.8,65028.46,64860.22,280470000.0,2023,8,15,1
2023-08-16,64625.28,64928.98,65128.21,64549.58,291680000.0,2023,8,16,2
2023-08-17,64663.78,64625.28,64663.78,64452.84,320350000.0,2023,8,17,3
2023-08-18,64743.96,64469.75,64784.47,64450.4,537580000.0,2023,8,18,4
2023-08-21,65202.41,64721.09,65202.41,64690.33,231600000.0,2023,8,21,0
2023-08-22,65488.67,65198.74,65672.68,65191.01,293460000.0,2023,8,22,1
2023-08-23,65492.92,65488.67,65567.61,65416.76,348320000.0,2023,8,23,2
2023-08-24,65401.82,65493.1,66185.04,65374.39,583090000.0,2023,8,24,3
2023-08-25,65558.91,65401.82,65585.28,65401.82,356020000.0,2023,8,25,4
2023-08-28,66151.38,65558.91,66151.38,65558.91,311120000.0,2023,8,28,0
2023-08-29,66490.34,66153.23,66554.58,66153.23,436950000.0,2023,8,29,1
2023-08-30,66439.53,66490.34,66649.93,66359.67,637190000.0,2023,8,30,2
2023-08-31,66548.99,66439.53,66548.99,66225.71,620950000.0,2023,8,31,3
2023-09-01,67527.19,66548.99,67527.19,66120.9,503750000.0,2023,9,1,4
2023-09-04,68279.14,67568.03,68302.55,67568.03,744760000.0,2023,9,4,0
2023-09-05,68334.68,68279.5,68457.06,68156.5,557800000.0,2023,9,5,1
2023-09-06,68286.28,68325.27,68347.52,67624.46,378650000.0,2023,9,6,2
2023-09-07,68082.11,68286.28,68316.4,67969.08,378090000.0,2023,9,7,3
2023-09-08,68143.34,68082.11,68195.76,68082.11,483490000.0,2023,9,8,4
2023-09-11,67296.18,68143.34,68162.71,67284.52,520130000.0,2023,9,11,0
2023-09-12,66760.2,67198.77,67198.77,66485.44,645510000.0,2023,9,12,1
2023-09-13,67414.4,66780.64,67421.4,66780.64,569630000.0,2023,9,13,2
2023-09-14,67347.73,67419.5,67471.13,67243.92,788540000.0,2023,9,14,3
2023-09-15,67395.74,67335.3,67395.74,67199.04,408870000.0,2023,9,15,4
2023-09-18,67877.17,67395.74,67877.17,67395.74,515280000.0,2023,9,18,0
2023-09-19,68359.22,67878.2,68370.9,67878.2,676740000.0,2023,9,19,1
2023-09-20,68335.72,68375.47,68495.83,68113.02,566630000.0,2023,9,20,2
2023-09-21,68271.14,68336.4,68377.26,68215.4,1120000000.0,2023,9,21,3
2023-09-22,67324.59,68272.66,68310.05,67277.43,1030000000.0,2023,9,22,4
2023-09-25,66882.64,67227.17,67281.98,66882.64,408190000.0,2023,9,25,0
2023-09-26,66652.17,66882.64,66937.3,66218.36,363940000.0,2023,9,26,1
2023-09-28,66448.63,66665.16,66710.95,66399.02,273800000.0,2023,9,28,3
2023-09-29,66382.14,66448.63,66508.55,65865.33,292940000.0,2023,9,29,4
2023-10-03,66770.97,66382.14,66966.66,66382.14,364320000.0,2023,10,3,1
2023-10-04,66482.28,66770.97,66891.05,66449.33,657510000.0,2023,10,4,2
2023-10-05,66570.19,66481.99,66570.19,66474.7,357450000.0,2023,10,5,3
2023-10-06,66454.57,66532.84,67188.68,66210.45,374090000.0,2023,10,6,4
2023-10-09,67101.57,66454.57,67123.22,66454.57,268650000.0,2023,10,9,0
2023-10-10,66984.62,67101.39,67118.93,66956.31,257420000.00000003,2023,10,10,1
2023-10-11,67100.49,66984.32,67190.54,66981.09,410320000.0,2023,10,11,2
2023-10-12,67133.19,67100.49,67152.93,67100.49,309320000.0,2023,10,12,3
2023-10-13,67200.69,67122.84,67214.3,67121.04,224070000.0,2023,10,13,4
2023-10-16,67037.93,67200.03,67303.23,67022.94,216070000.0,2023,10,16,0
2023-10-17,67326.12,67037.93,67326.12,67037.21,377970000.0,2023,10,17,1
2023-10-18,67353.23,67326.12,67440.22,67326.12,397560000.0,2023,10,18,2
2023-10-19,67098.8,67353.23,67355.6,67083.2,298690000.0,2023,10,19,3
2023-10-20,66915.41,67077.79,67081.18,66909.15,205880000.0,2023,10,20,4
2023-10-23,66876.92,66915.41,66924.82,66860.14,314620000.0,2023,10,23,0
2023-10-24,67217.77,66876.92,67217.77,66876.92,319900000.0,2023,10,24,1
2023-10-25,67206.16,67217.77,67383.6,67206.16,329560000.0,2023,10,25,2
2023-10-26,67084.95,67193.43,67211.19,67067.33,267589999.99999997,2023,10,26,3
2023-10-27,67136.58,67095.5,67235.67,67083.31,214150000.0,2023,10,27,4
2023-10-30,68111.71,67136.58,68111.71,67134.14,430390000.0,2023,10,30,0
2023-10-31,69236.19,68111.71,69245.88,68111.71,483270000.0,2023,10,31,1
2023-11-01,70581.76,69243.91,70581.76,69222.13,601730000.0,2023,11,1,2
2023-11-02,70042.28,70582.0,70584.69,70005.39,525460000.00000006,2023,11,2,3
2023-11-03,70196.93,70042.28,70532.21,69807.45,410360000.0,2023,11,3,4
2023-11-06,70479.62,70196.93,70519.31,70196.93,391010000.0,2023,11,6,0
2023-11-07,70613.6,70479.62,70618.64,70456.92,449280000.0,2023,11,7,1
2023-11-08,70773.38,70613.6,70773.38,70613.6,558330000.0,2023,11,8,2
2023-11-09,70819.58,70775.13,70888.97,70645.15,569190000.0,2023,11,9,3
2023-11-10,70854.18,70819.49,70873.82,70807.93,556700000.0,2023,11,10,4
2023-11-13,70612.81,70846.27,71131.22,70612.81,474390000.0,2023,11,13,0
2023-11-14,70876.35,70612.81,70876.35,70609.14,327430000.0,2023,11,14,1
2023-11-15,71014.34,70840.72,71023.15,70836.5,297320000.0,2023,11,15,2
2023-11-16,71025.16,71014.12,71080.3,71011.23,483800000.0,2023,11,16,3
2023-11-17,71112.99,71025.59,71169.7,71013.7,441580000.0,2023,11,17,4
2023-11-20,71008.78,71112.99,71122.32,70959.16,358450000.0,2023,11,20,0
2023-11-21,71066.55,71008.99,71079.86,71007.31,491400000.0,2023,11,21,1
2023-11-22,71003.98,71067.29,71089.79,70970.75,428440000.0,2023,11,22,2
2023-11-23,71052.85,71009.71,71055.28,70990.01,563700000.0,2023,11,23,3
2023-11-24,71230.49,71072.34,71242.18,71069.65,582760000.0,2023,11,24,4
2023-11-27,71353.81,71241.96,71566.58,70810.51,746640000.0,2023,11,27,0
2023-11-28,71041.05,71353.82,71438.19,71000.1,534620000.0,2023,11,28,1
2023-11-29,71283.34,71163.09,71360.17,71129.47,360600000.0,2023,11,29,2
2023-11-30,71365.25,71284.18,71388.13,71270.17,540090000.0,2023,11,30,3
2023-12-01,71419.87,71365.27,71456.61,71356.11,361120000.0,2023,12,1,4
2023-12-04,70946.83,71433.64,71607.91,70946.37,358510000.0,2023,12,4,0
2023-12-05,71250.17,70946.83,71250.17,70945.55,433570000.0,2023,12,5,1
2023-12-06,71808.64,71253.78,71866.37,71242.31,690010000.0,2023,12,6,2
2023-12-07,71457.92,71591.46,71603.36,71424.74,436560000.0,2023,12,7,3
2023-12-08,71541.74,71458.35,71541.74,70741.96,503660000.0,2023,12,8,4
2023-12-11,71669.91,71559.1,71685.84,71503.35,375310000.0,2023,12,11,0
2023-12-12,71907.26,71669.91,71907.26,71641.05,319410000.0,2023,12,12,1
2023-12-13,72299.79,71907.26,72299.79,71907.26,433180000.0,2023,12,13,2
2023-12-14,72455.83,72299.79,72539.04,72299.79,446580000.0,2023,12,14,3
2023-12-15,72389.23,72458.76,72671.03,72368.3,307150000.0,2023,12,15,4
2023-12-18,72404.91,72389.23,72413.13,72276.75,324150000.0,2023,12,18,0
2023-12-19,72470.1,72404.91,72489.21,72320.32,411060000.0,2023,12,19,1
2023-12-20,73397.71,72470.1,73399.61,72470.1,552220000.0,2023,12,20,2
2023-12-21,74289.02,73397.71,74292.76,73397.71,760930000.0,2023,12,21,3
2023-12-22,74023.27,74288.88,74430.47,73993.49,423200000.0,2023,12,22,4
